"","500","495","490","485","480","475","470","465","460","455","450","445","440","435","430","425","420","415","410","405","400","395","390","385","380","375","370","365","360","355","350","345","340","335","330","325","320","315","310","305","300","295","290","285","280","275","270","265","260","255","250","245","240"
"248.336",NA,NA,NA,NA,NA,NA,NA,NA,NA,NA,NA,NA,NA,NA,NA,NA,NA,NA,NA,NA,NA,NA,NA,NA,NA,NA,NA,NA,NA,NA,NA,NA,NA,NA,NA,NA,NA,NA,NA,NA,NA,NA,NA,NA,NA,NA,NA,NA,NA,NA,NA,NA,NA
"252.814",NA,NA,NA,NA,NA,NA,NA,NA,NA,NA,NA,NA,NA,NA,NA,NA,NA,NA,NA,NA,NA,NA,NA,NA,NA,NA,NA,NA,NA,NA,NA,NA,NA,NA,NA,NA,NA,NA,NA,NA,NA,NA,NA,NA,NA,NA,NA,NA,NA,NA,NA,NA,NA
"257.296",NA,NA,NA,NA,NA,NA,NA,NA,NA,NA,NA,NA,NA,NA,NA,NA,NA,NA,NA,NA,NA,NA,NA,NA,NA,NA,NA,NA,NA,NA,NA,NA,NA,NA,NA,NA,NA,NA,NA,NA,NA,NA,NA,NA,NA,NA,NA,NA,NA,NA,NA,NA,0.0580795115705803
"261.781",NA,NA,NA,NA,NA,NA,NA,NA,NA,NA,NA,NA,NA,NA,NA,NA,NA,NA,NA,NA,NA,NA,NA,NA,NA,NA,NA,NA,NA,NA,NA,NA,NA,NA,NA,NA,NA,NA,NA,NA,NA,NA,NA,NA,NA,NA,NA,NA,NA,NA,NA,0,0
"266.271",NA,NA,NA,NA,NA,NA,NA,NA,NA,NA,NA,NA,NA,NA,NA,NA,NA,NA,NA,NA,NA,NA,NA,NA,NA,NA,NA,NA,NA,NA,NA,NA,NA,NA,NA,NA,NA,NA,NA,NA,NA,NA,NA,NA,NA,NA,NA,NA,NA,NA,0.0044178663873685,0,0
"270.764",NA,NA,NA,NA,NA,NA,NA,NA,NA,NA,NA,NA,NA,NA,NA,NA,NA,NA,NA,NA,NA,NA,NA,NA,NA,NA,NA,NA,NA,NA,NA,NA,NA,NA,NA,NA,NA,NA,NA,NA,NA,NA,NA,NA,NA,NA,NA,NA,NA,0.00343657930231102,0,0,0
"275.26",NA,NA,NA,NA,NA,NA,NA,NA,NA,NA,NA,NA,NA,NA,NA,NA,NA,NA,NA,NA,NA,NA,NA,NA,NA,NA,NA,NA,NA,NA,NA,NA,NA,NA,NA,NA,NA,NA,NA,NA,NA,NA,NA,NA,NA,NA,NA,NA,0.00764243735648193,0,0,0.00948529841836698,0.0247591313681883
"279.76",NA,NA,NA,NA,NA,NA,NA,NA,NA,NA,NA,NA,NA,NA,NA,NA,NA,NA,NA,NA,NA,NA,NA,NA,NA,NA,NA,NA,NA,NA,NA,NA,NA,NA,NA,NA,NA,NA,NA,NA,NA,NA,NA,NA,NA,NA,NA,0.0117303056709587,0.0045259423389129,0,0,0.0103080000221358,0.0258209688448236
"284.264",NA,NA,NA,NA,NA,NA,NA,NA,NA,NA,NA,NA,NA,NA,NA,NA,NA,NA,NA,NA,NA,NA,NA,NA,NA,NA,NA,NA,NA,NA,NA,NA,NA,NA,NA,NA,NA,NA,NA,NA,NA,NA,NA,NA,NA,NA,NA,0.00997123579730055,0,0,0.00412856513750078,0.00172980268919001,0
"288.772",NA,NA,NA,NA,NA,NA,NA,NA,NA,NA,NA,NA,NA,NA,NA,NA,NA,NA,NA,NA,NA,NA,NA,NA,NA,NA,NA,NA,NA,NA,NA,NA,NA,NA,NA,NA,NA,NA,NA,NA,NA,NA,NA,NA,NA,NA,0.0136061293818864,0.00526516436583399,0,0.00868353466877628,0.00232723889538394,0.00149137339087683,0
"293.283",NA,NA,NA,NA,NA,NA,NA,NA,NA,NA,NA,NA,NA,NA,NA,NA,NA,NA,NA,NA,NA,NA,NA,NA,NA,NA,NA,NA,NA,NA,NA,NA,NA,NA,NA,NA,NA,NA,NA,NA,NA,NA,NA,NA,NA,0.0183247123407623,0.0116317581283387,0,0.00491709300764595,0.0134137955905666,0.00806008125520315,0.00798732533314195,0.0036017650398237
"297.797",NA,NA,NA,NA,NA,NA,NA,NA,NA,NA,NA,NA,NA,NA,NA,NA,NA,NA,NA,NA,NA,NA,NA,NA,NA,NA,NA,NA,NA,NA,NA,NA,NA,NA,NA,NA,NA,NA,NA,NA,NA,NA,NA,NA,0.0145062513003065,0.015898061172451,0.00654211708655977,0.0126668582138004,0.0145453208797541,0.013600079333658,0.0109263450439432,0.00846161436206855,0
"302.315",NA,NA,NA,NA,NA,NA,NA,NA,NA,NA,NA,NA,NA,NA,NA,NA,NA,NA,NA,NA,NA,NA,NA,NA,NA,NA,NA,NA,NA,NA,NA,NA,NA,NA,NA,NA,NA,NA,NA,NA,NA,NA,NA,0.00978728403825435,0.0142386386645252,0.00942824388276581,0.0103918558636269,0.0157059210929555,0.0152670593818995,0.0115845346031659,0.00758088978382973,0.00670701474989696,0.00231820185027683
"306.837",NA,NA,NA,NA,NA,NA,NA,NA,NA,NA,NA,NA,NA,NA,NA,NA,NA,NA,NA,NA,NA,NA,NA,NA,NA,NA,NA,NA,NA,NA,NA,NA,NA,NA,NA,NA,NA,NA,NA,NA,NA,NA,0.00661813862792887,0.010552585491195,0.0107837835460788,0.0126577264679516,0.0189477336451306,0.0213032813879155,0.0185478576516501,0.0176872584819803,0.0118930963228818,0.0137442139242858,0.0272542771201526
"311.362",NA,NA,NA,NA,NA,NA,NA,NA,NA,NA,NA,NA,NA,NA,NA,NA,NA,NA,NA,NA,NA,NA,NA,NA,NA,NA,NA,NA,NA,NA,NA,NA,NA,NA,NA,NA,NA,NA,NA,NA,NA,0.00359416317612585,0.00623447001602244,0.00589518152443945,0.00359913908023407,0.0165099012619895,0.0182272641691646,0.0190482256172437,0.013731308684861,0.00839139757241461,0.00723502151337798,0.0160800223824498,0.0345628843194173
"315.89",NA,NA,NA,NA,NA,NA,NA,NA,NA,NA,NA,NA,NA,NA,NA,NA,NA,NA,NA,NA,NA,NA,NA,NA,NA,NA,NA,NA,NA,NA,NA,NA,NA,NA,NA,NA,NA,NA,NA,NA,0.00307095048535767,0.00438888676437941,0.00520985434726261,0.00218822230384233,0.0134101801672323,0.0201813878364991,0.0196132972556479,0.016072988130482,0.0134290189803552,0.0179899700179795,0.0103977576744317,0.0186898082974747,0.020783069630084
"320.422",NA,NA,NA,NA,NA,NA,NA,NA,NA,NA,NA,NA,NA,NA,NA,NA,NA,NA,NA,NA,NA,NA,NA,NA,NA,NA,NA,NA,NA,NA,NA,NA,NA,NA,NA,NA,NA,NA,NA,0.000983379976016878,0.0020062408315684,0.00233444892238822,0,0.0057077772418079,0.0137573660439048,0.0165139583506976,0.0172423481204964,0.0139603533476584,0.010885523375332,0.011785105221565,0.00848642984821721,0.011219774397639,0
"324.958",NA,NA,NA,NA,NA,NA,NA,NA,NA,NA,NA,NA,NA,NA,NA,NA,NA,NA,NA,NA,NA,NA,NA,NA,NA,NA,NA,NA,NA,NA,NA,NA,NA,NA,NA,NA,NA,NA,0.00171837098997852,0.00168815737282585,0.0019223922026184,0,0.0015012513597252,0.00991208808701273,0.0161410861637186,0.0151955571763953,0.0160049896905257,0.0134861397122886,0.00949991266429584,0.00900223648056926,0.00788667335742017,0,0.00293439902190265
"329.496",NA,NA,NA,NA,NA,NA,NA,NA,NA,NA,NA,NA,NA,NA,NA,NA,NA,NA,NA,NA,NA,NA,NA,NA,NA,NA,NA,NA,NA,NA,NA,NA,NA,NA,NA,NA,NA,0.00225596750476841,0.00260606785936263,0.00218118640534768,0,0,0.00735864883893185,0.0125854784113411,0.0162054929356988,0.0168171928544451,0.0157743234856736,0.0167848704486209,0.0132221181566288,0.0114529095237127,0.0110102349586751,0.0231254865606807,0.019536620347397
"334.038",NA,NA,NA,NA,NA,NA,NA,NA,NA,NA,NA,NA,NA,NA,NA,NA,NA,NA,NA,NA,NA,NA,NA,NA,NA,NA,NA,NA,NA,NA,NA,NA,NA,NA,NA,NA,NA,0.00162438211712901,0.0017458669043929,0.00141889024104158,0,0.00275952898912316,0.00770618269229797,0.0116463373984871,0.0141792691747877,0.0142629188213177,0.0132096093831708,0.01061025804106,0.00927543751470711,0.0110406236344671,0.00559902421715449,0.00577269440357385,0.000238056789485467
"338.584",NA,NA,NA,NA,NA,NA,NA,NA,NA,NA,NA,NA,NA,NA,NA,NA,NA,NA,NA,NA,NA,NA,NA,NA,NA,NA,NA,NA,NA,NA,NA,NA,NA,NA,NA,NA,0.0012331269807483,0.00118635020303668,0.000797783389322224,0,0.000280098760577024,0.00580978293770099,0.00950756852810849,0.0129983944871291,0.0134127658137919,0.0159704244513056,0.0128747660418318,0.0109833438050949,0.0105112929063619,0.00699186423541077,0.0118854194922493,0.0125481531177157,0
"343.133",NA,NA,NA,NA,NA,NA,NA,NA,NA,NA,NA,NA,NA,NA,NA,NA,NA,NA,NA,NA,NA,NA,NA,NA,NA,NA,NA,NA,NA,NA,NA,NA,NA,NA,NA,0.00183503524243936,0.00243117782988681,0.00294355032473374,0,0,0.00442440257144312,0.00816094657011274,0.0102177821415718,0.012957988121832,0.0154428558378008,0.0138707521729944,0.0134825177919773,0.0132713434317492,0.0157975605463948,0.0127829890790834,0.00902479676830933,0.0157911625200545,0.0246069398197714
"347.685",NA,NA,NA,NA,NA,NA,NA,NA,NA,NA,NA,NA,NA,NA,NA,NA,NA,NA,NA,NA,NA,NA,NA,NA,NA,NA,NA,NA,NA,NA,NA,NA,NA,NA,0.00250990285094083,0.00376414345159901,0.00285370025363798,0.00215842153812892,0,0.00484603229026778,0.00691580356078842,0.00908909097717665,0.0117358883203828,0.0175207446420425,0.0160946773485963,0.0142924812786953,0.0152748831520163,0.0128483869158087,0.010405030612995,0.00874390406062102,0.0120834942887873,0.0183361500624924,0.020427096482018
"352.24",NA,NA,NA,NA,NA,NA,NA,NA,NA,NA,NA,NA,NA,NA,NA,NA,NA,NA,NA,NA,NA,NA,NA,NA,NA,NA,NA,NA,NA,NA,NA,NA,NA,0.00177357539041432,0.00264801700649094,0.00295597712977055,0.00214759606453698,0,0.00270789365851941,0.00588818841340348,0.0070592200756157,0.00828356996856302,0.0110856825937935,0.0144209464143755,0.01610129271679,0.015502147416413,0.0118567239501183,0.0104759555605885,0.0100951278209689,0.0132717454321864,0.00706113699458146,0.00301118789156509,0.0106808409034781
"356.799",NA,NA,NA,NA,NA,NA,NA,NA,NA,NA,NA,NA,NA,NA,NA,NA,NA,NA,NA,NA,NA,NA,NA,NA,NA,NA,NA,NA,NA,NA,NA,NA,0.00211896973623557,0.00301215223124672,0.0037622309748923,0.00390903847197136,0.00210771095676461,0.00398885332914431,0.00500031194171782,0.00715500691088638,0.00755727718954137,0.0100525951241485,0.0125751708371728,0.0154848864870182,0.0156862503863674,0.0137432745296369,0.0139516110193486,0.011108630274541,0.0121298973046398,0.0113291085843197,0.0130279424129288,0.00531749041742114,0.0171210341476396
"361.361",NA,NA,NA,NA,NA,NA,NA,NA,NA,NA,NA,NA,NA,NA,NA,NA,NA,NA,NA,NA,NA,NA,NA,NA,NA,NA,NA,NA,NA,NA,NA,0.0017972567579547,0.0021979226518221,0.00343581846631145,0.00476969180923562,0.00231343402998503,0.00153686995957136,0.00603742834034182,0.00781853878527523,0.00771178744803366,0.00927415913722291,0.0102711314374672,0.0121291594844568,0.0127475425213763,0.014759437789926,0.0160487407292066,0.0108309570254186,0.0124561795431971,0.00943344435803034,0.00879554018187692,0.00283048587393458,0,0
"365.926",NA,NA,NA,NA,NA,NA,NA,NA,NA,NA,NA,NA,NA,NA,NA,NA,NA,NA,NA,NA,NA,NA,NA,NA,NA,NA,NA,NA,NA,NA,0.00176880877587622,0.00316174597827449,0.00357955839314939,0.00500993540531682,0.00471983060280878,0.00422728619402839,0.00628782337378618,0.00769687358896984,0.00948113691317213,0.0107833057438817,0.0104990625178269,0.0122741136122194,0.0145719461630067,0.0159466245473359,0.0165011640599439,0.0147553980238785,0.0149905122883702,0.0111625620004898,0.00906847948563143,0.00953010794381587,0.00949277993081066,0.0137113447978151,0.00352344445939411
"370.495",NA,NA,NA,NA,NA,NA,NA,NA,NA,NA,NA,NA,NA,NA,NA,NA,NA,NA,NA,NA,NA,NA,NA,NA,NA,NA,NA,NA,NA,0.00119359563016241,0.00242576970268653,0.00296401432300142,0.00408535074971602,0.00448265535539701,0.00408572395900443,0.00683617791938976,0.00794605589868348,0.00990875229890504,0.0100850488358043,0.0111429577082734,0.012572404780704,0.0137266011518865,0.0148117132551759,0.0149438007720206,0.0153445377944003,0.0137257956714376,0.0123691421957898,0.00911509230629358,0.0129521692059111,0.00998741704271114,0.0131674407150264,0.0042943224723839,0
"375.067",NA,NA,NA,NA,NA,NA,NA,NA,NA,NA,NA,NA,NA,NA,NA,NA,NA,NA,NA,NA,NA,NA,NA,NA,NA,NA,NA,NA,0.00110016919662093,0.00175680212512786,0.00304020474685928,0.0045194179180847,0.00515409697244789,0.00500650808867212,0.00687580300282048,0.00899107789645286,0.0104137046449492,0.0111319820674201,0.011961074839593,0.0134955628135095,0.0153839027980319,0.0170862406909395,0.0171068471199403,0.0188092394323336,0.017794002715641,0.0149181763011716,0.0137019934150045,0.0109241140990052,0.0109496851213701,0.0100165474314254,0.00936416551823707,0.0118506281291441,0
"379.641",NA,NA,NA,NA,NA,NA,NA,NA,NA,NA,NA,NA,NA,NA,NA,NA,NA,NA,NA,NA,NA,NA,NA,NA,NA,NA,NA,0.00206323378127734,0.00209165530139444,0.00374147803387527,0.00420774772241857,0.00569815430759122,0.00582824339870886,0.0069829340795859,0.010560803720708,0.0114532769734912,0.0121374216736722,0.0140897986475984,0.0146898113931527,0.0162098815924793,0.0187070101391175,0.0190563260253106,0.0200132362790128,0.0203369439327098,0.019262363569738,0.0186906681509018,0.0159045676964055,0.014834062456392,0.016143415950298,0.0144983690494469,0.0144924128779495,0.0246987392884057,0
"384.219",NA,NA,NA,NA,NA,NA,NA,NA,NA,NA,NA,NA,NA,NA,NA,NA,NA,NA,NA,NA,NA,NA,NA,NA,NA,NA,NA,0.00221019473941182,0.00314388861589001,0.00447723255152682,0.00656745610765695,0.00781976547677757,0.00694332158199897,0.0116973749814101,0.0129641348364399,0.0140584938078176,0.0150582419871467,0.0163512100179402,0.0178609648951356,0.0196213884799,0.0218090473303989,0.0235111917351591,0.0223639986771546,0.0215474530106714,0.0218900527642583,0.0209058676093821,0.0204207554630605,0.0176073631902874,0.0211164396145044,0.0179478901771019,0.0200026783691688,0.037026760608319,0.0642173211813201
"388.801",NA,NA,NA,NA,NA,NA,NA,NA,NA,NA,NA,NA,NA,NA,NA,NA,NA,NA,NA,NA,NA,NA,NA,NA,NA,NA,0.00182726287929393,0.00337196653926696,0.00380132594588872,0.00519508485702185,0.00629912558916068,0.0068144420444284,0.00997359553241245,0.0120852854825549,0.0139307014559032,0.0143624274557469,0.0148131353932797,0.0165406022798137,0.0193257753484581,0.0207120926510498,0.0223989779814211,0.0236913664506642,0.0249788903914441,0.0227892442785048,0.0211691532957214,0.0193599948542035,0.0180691517381848,0.0163743720851726,0.0154619721413187,0.016292663258299,0.0194366002732034,0.0243121740260912,0.0375826589753733
"393.385",NA,NA,NA,NA,NA,NA,NA,NA,NA,NA,NA,NA,NA,NA,NA,NA,NA,NA,NA,NA,NA,NA,NA,NA,NA,0.00242898164212855,0.00268607630394111,0.0034545762329699,0.00470807092377021,0.00671887779620971,0.0071917169074157,0.00842462589445717,0.0114255946063988,0.0132128609511732,0.015328712878118,0.015869194789059,0.0170833862736986,0.017996943362156,0.0203365452809442,0.0228582884681101,0.0243905514393583,0.0261680108531748,0.0247834682359761,0.0250618139365142,0.0243751284027194,0.0200137687713975,0.0176800959483047,0.0171583160290026,0.0163274019516264,0.0183198385405826,0.0253993125647773,0.0301149783940933,0.037687905643006
"397.972",NA,NA,NA,NA,NA,NA,NA,NA,NA,NA,NA,NA,NA,NA,NA,NA,NA,NA,NA,NA,NA,NA,NA,NA,0.00117561976882681,0.00223340127309602,0.00285127414016748,0.00366749268460616,0.00547526156796725,0.00614967263445538,0.00802527168546717,0.0100039186044207,0.0125355651115884,0.0140049063483393,0.0152931093195571,0.0156021929001501,0.0161077416190258,0.0176385988425752,0.0193184351274937,0.0227208145555,0.0248482220239877,0.0252234914476364,0.0249899994810807,0.0245632203786683,0.0215377841808864,0.0191998340978718,0.0172511967676574,0.0167170274906303,0.0157366401009538,0.0124655169392441,0.0207722614050247,0.0200198365762834,0.0309098574212268
"402.562",NA,NA,NA,NA,NA,NA,NA,NA,NA,NA,NA,NA,NA,NA,NA,NA,NA,NA,NA,NA,NA,NA,NA,0.00173858068555477,0.00139831243902428,0.00237291767899699,0.00445009477117755,0.00486940402382351,0.00606919905112342,0.00570774612585704,0.00995721805696197,0.0120359058413843,0.0137155483926302,0.0150007041461172,0.015355173415409,0.0160948799253223,0.0174646805796936,0.0182812357941572,0.0209278975378633,0.0226407368242817,0.0248250863980476,0.0256406641063994,0.0253615501991772,0.0241360296207785,0.0224688125563881,0.0204090460114823,0.0180462543994036,0.0155360982553847,0.0152278129074805,0.0211795795452684,0.0225326639299328,0.0277917720163483,0.0294348413140934
"407.156",NA,NA,NA,NA,NA,NA,NA,NA,NA,NA,NA,NA,NA,NA,NA,NA,NA,NA,NA,NA,NA,NA,0.00141044431670437,0.00192871121706347,0.00191739341509455,0.00363887161147447,0.0037969229141229,0.00497879561642458,0.00493362235473219,0.00781414614900933,0.0108517337283195,0.0122346706060569,0.0138665386600109,0.0154389921906702,0.0159100867286406,0.0166888271097635,0.0175647404073036,0.0183788327138655,0.0205529793646875,0.0237097762551202,0.025268673978259,0.0255715958276564,0.026719176870963,0.0233223004414228,0.022592560361283,0.0205741322720726,0.0187302459060465,0.0165140249790431,0.0184202227117306,0.0144966517721168,0.0217459532695044,0.0229398420256053,0.00896742205105917
"411.752",NA,NA,NA,NA,NA,NA,NA,NA,NA,NA,NA,NA,NA,NA,NA,NA,NA,NA,NA,NA,NA,0.000958374624443099,0.00142417213716782,0.00229430878599428,0.00264848557015792,0.00358006613888202,0.00473744807432794,0.00467468368045572,0.00711358005677153,0.00996557128674837,0.0111340930206344,0.0125521728466428,0.0151610157822617,0.0161997505676297,0.0165562148605802,0.0166596183591387,0.017117044075016,0.0190308226273072,0.0209707221657413,0.023628213922277,0.0247863657305375,0.0262319626773882,0.0259850826825962,0.0235688786063412,0.0239220750872309,0.0216414095151594,0.017408121338581,0.0173690727042227,0.0182700769773357,0.0183168360967229,0.0131948221660548,0.0269461429564355,0.00670373657265423
"416.352",NA,NA,NA,NA,NA,NA,NA,NA,NA,NA,NA,NA,NA,NA,NA,NA,NA,NA,NA,NA,0.000576355192755502,0.00133083082633961,0.00184180933772636,0.00218979117956379,0.00305552326093121,0.00391563578277875,0.00458279758178956,0.00512937693099764,0.00841667116507126,0.00997397140016833,0.0114341660014516,0.013079416799414,0.0149102813190569,0.0155768544127601,0.0164623364113074,0.0162110600109056,0.0169129310608154,0.0187885181253375,0.0203614833936086,0.022332231461476,0.0250054728612602,0.0252044372840177,0.024994692993916,0.0243099900693117,0.0227753106736114,0.0204334967132039,0.0165948715983362,0.0180387783538267,0.0175779994238262,0.020720284376756,0.0217353224617524,0.0291620778369774,0.00650200379434712
"420.954",NA,NA,NA,NA,NA,NA,NA,NA,NA,NA,NA,NA,NA,NA,NA,NA,NA,NA,NA,0.00143688336249575,0.0019771591920613,0.00178700650117053,0.00251078309129948,0.00322669299020678,0.00442313881326315,0.00479585138214721,0.00519513818525166,0.00666699404369778,0.00876687080906096,0.010510753084145,0.0124108932057284,0.0138715572124228,0.015359919059934,0.0158419109073901,0.0164982174715111,0.0163878872539273,0.0175325049806248,0.0178422882609161,0.0194478211502935,0.0218392782617509,0.023299440212119,0.0253090457605643,0.0242822197160617,0.0225613299793032,0.0215816190318825,0.021596610297465,0.0184953920302424,0.0182055405605845,0.0174668257443693,0.0251820340362432,0.0294922186146139,0.0263487568999192,0.0549464629302184
"425.56",NA,NA,NA,NA,NA,NA,NA,NA,NA,NA,NA,NA,NA,NA,NA,NA,NA,NA,0.000988316602155174,0.000533734570304719,0.00110344815883299,0.00148090052832604,0.00199736182085991,0.00266435354603802,0.0035104323478829,0.00403704118581017,0.00524863354639568,0.00673671471945759,0.00847794529527371,0.00989082891752248,0.0109943897784021,0.0131305372337388,0.0141832280434381,0.0155651185880646,0.0153088892342645,0.0156553399956824,0.0155837353301868,0.0167016195241346,0.0175854108172797,0.0201324001291335,0.0218292789717715,0.0220157870384969,0.0219722391274172,0.0212149576670903,0.0193428535419321,0.0202596223086395,0.0174819737999695,0.0179024461542487,0.017031635852959,0.0162943731139902,0.0177822139022114,0.0253270664192115,0.0197499176500364
"430.168",NA,NA,NA,NA,NA,NA,NA,NA,NA,NA,NA,NA,NA,NA,NA,NA,NA,0.000661381824464036,0.000915648055182913,0.00169595953992011,0.00141910652190484,0.00196627084964228,0.00254309997143039,0.00360444864083385,0.00364613077637806,0.00420319924513534,0.00646929063160032,0.00766933878025599,0.00881508517701588,0.0104855702490862,0.0117911457550849,0.0128444549058902,0.0139596959147672,0.014813648061104,0.0148922430691697,0.0150116000501896,0.0155748616758696,0.0156411140713953,0.0177577061571774,0.0195343683923563,0.0211275757411045,0.0216722461372304,0.0216165859289258,0.0207828576228611,0.0198053540074122,0.0184118992269875,0.0161710373645862,0.0174547032050524,0.0158674890360925,0.0186201285394123,0.0192977563746723,0.0186355128796488,0.019539713753944
"434.779",NA,NA,NA,NA,NA,NA,NA,NA,NA,NA,NA,NA,NA,NA,NA,NA,0.00127124107894933,0.000838383992955845,0.00132469555478586,0.00200311282548538,0.0019331614221478,0.00310463819526616,0.00363076807735673,0.0040880762312968,0.00439494536215965,0.00601229095320424,0.0067878958157856,0.00858062156462141,0.00904926468315858,0.0105460511947735,0.0118224794319059,0.0131111145184858,0.014096495565887,0.014710091945141,0.0150890596041754,0.0143602840440235,0.0155861004679671,0.0158427208914721,0.0172897689016584,0.019335102668202,0.019902323999704,0.0206965489349899,0.0211539371336549,0.0192973304392274,0.0183726482716218,0.0195067818113818,0.0175314378621594,0.0165449797995544,0.0185616722220882,0.0175480731840699,0.0244620326986363,0.0291501855227708,0.0359382550931907
"439.393",NA,NA,NA,NA,NA,NA,NA,NA,NA,NA,NA,NA,NA,NA,NA,NA,0.00098176426105092,0.00185217929029656,0.00161201886384728,0.0022268598940331,0.00301159858105499,0.00367582270813214,0.00384612093411765,0.00440563923166492,0.00536233631425048,0.006901870170581,0.00775922316481191,0.00887055053680947,0.00963590381013685,0.0104784934423615,0.0116497254462321,0.0128857873613728,0.0139195776715612,0.0139595368133828,0.0147310267857368,0.0147803845090409,0.0150635252684288,0.0152750355222896,0.0155700501598287,0.0184320628953926,0.0190068542577154,0.0190436561360836,0.01957874925317,0.0184078794560729,0.0192567072203187,0.0187042903049135,0.0183184903030874,0.0170044165213887,0.0165808583277862,0.0233958722532761,0.021363962691881,0.023428160050703,0.0224979290404645
"444.01",NA,NA,NA,NA,NA,NA,NA,NA,NA,NA,NA,NA,NA,NA,NA,0.000921125721146948,0.00141307034675171,0.00153756016888679,0.00181564148992099,0.00203080287243969,0.00316419464616095,0.00394718228928056,0.00299246445707117,0.00569530629766767,0.00580153665251741,0.00672212239801722,0.00747453940676043,0.00854563657165652,0.00949659187011378,0.0108149924462861,0.0116336309488081,0.0124868176158446,0.0131187163189637,0.0133038396748478,0.0140834422000697,0.013679631311934,0.0137687336090765,0.0143551604862091,0.015800248778022,0.0171189294970027,0.0177175653843691,0.0186507657959898,0.0184206920779745,0.0187963477754216,0.0185622618246425,0.0171130468227813,0.0193657523947197,0.0177231335698506,0.0196248634290519,0.0190171838082842,0.0235318748070793,0.0212376313083136,0.00988435345681437
"448.63",NA,NA,NA,NA,NA,NA,NA,NA,NA,NA,NA,NA,NA,NA,0.00102259446931892,0.00112753334379653,0.00124980214616193,0.00170164781202253,0.00214556877333224,0.00268929298053504,0.00294995157963369,0.00387390818672973,0.00461497701879213,0.00614355086863579,0.00621624488606639,0.00705791940891061,0.00777284888330352,0.00865384815795338,0.00976094466347307,0.0102182549732087,0.0112607706387637,0.0121127298383393,0.0124664402877594,0.0130651667901013,0.0127983441734745,0.0134171746040109,0.0128952578864009,0.0133468049600839,0.0140667810180891,0.0156354722246517,0.0159947519544894,0.0168999635837102,0.0164306165598255,0.0171169910041573,0.0174430174158764,0.0167715793554455,0.017306897054996,0.0159936674561676,0.0161079540676258,0.0172526068010622,0.0173957613315472,0.023774949049742,NA
"453.253",NA,NA,NA,NA,NA,NA,NA,NA,NA,NA,NA,NA,NA,0.000466503055548797,0.00131852955876901,0.00175684882862889,0.00223603935402699,0.00195305749337615,0.00338018427348851,0.00328776218427813,0.00380192327534054,0.00320254996135347,0.00587899294847213,0.00598363489478985,0.00636492464047342,0.00704240035665754,0.00799337554479853,0.0088927643164709,0.00983142680901918,0.0104281178591179,0.010766759909939,0.0117071901131825,0.0121006707115283,0.0125906603423702,0.0127164077065271,0.0126651069497648,0.012447688388596,0.0131737984029386,0.0133017932696923,0.0145333895308146,0.0156493542880772,0.016069324953354,0.015900231070849,0.0152979980288117,0.016547516510127,0.0168055906385807,0.014580554426601,0.0162657557069558,0.0180227102099135,0.0225068625775603,0.0248850782678714,0.0206617014535265,NA
"457.878",NA,NA,NA,NA,NA,NA,NA,NA,NA,NA,NA,NA,0.000222994658759705,0.000709968928221164,0.00110382499390847,0.00167029871929385,0.00188074291239287,0.00247172832181265,0.00278911276430495,0.00330696594890288,0.00365691770428634,0.00483945489549744,0.00515683699549169,0.00605081353823657,0.0066133761371034,0.00726605912126926,0.00802685458830261,0.008167630601901,0.00878070810527724,0.00994310450968804,0.0102888740115292,0.0110710237294002,0.0118227552546422,0.011446180321512,0.0114146053803966,0.0115948440348385,0.011691594738737,0.0115734586478042,0.0119567627229565,0.0134779423983514,0.0141308671790365,0.0154324084740618,0.0151378446030222,0.0153515555856975,0.0155840189725714,0.0155369279420472,0.0151182644343951,0.0147311025426496,0.0167008372013125,0.0187895046283908,0.0179686860617397,NA,NA
"462.506",NA,NA,NA,NA,NA,NA,NA,NA,NA,NA,NA,0.000836421394892369,0.000919017992810723,0.00127074009413627,0.00128253162986271,0.00166320982513334,0.00244829306287848,0.00291658314269834,0.00330899602849273,0.00378636179127857,0.00379731913073598,0.00568708424260336,0.00568090122124072,0.00594301130022747,0.0067889494705362,0.00745106909853142,0.00769489324953102,0.00881485988350561,0.00891956428729122,0.00994681663521299,0.0101198749808963,0.0110802021982777,0.0111935033776256,0.0109994607829285,0.0114044364038224,0.0109159104642976,0.0112427115195348,0.0111460987775987,0.0120255545100352,0.012592177531175,0.0131756136159996,0.0139425684754744,0.0142867698372594,0.0143267220605192,0.0151913397354974,0.0159107600023868,0.0159858337273955,0.0166544904942715,0.0163663742522977,0.018110569503342,0.0211013869106962,NA,NA
"467.137",NA,NA,NA,NA,NA,NA,NA,NA,NA,NA,0.00052195278776292,0.000584199820683655,0.000900873886287743,0.00123858762434086,0.0017241549713125,0.0017683376521329,0.00249052615554101,0.00286263597944203,0.00313055889730271,0.00336082487325462,0.00498495273677373,0.00480530867611091,0.0053972303190843,0.00595682789980242,0.00681857358735227,0.00657561051630356,0.00781158027812105,0.00816358571112155,0.00823193753582374,0.00897983014280508,0.00924460983190923,0.00947621757225372,0.00993613623860064,0.0100562668445797,0.0101750002028803,0.0103211134050815,0.0102470274607499,0.00995804274441679,0.0109202334725859,0.0111958724332284,0.0119503489507089,0.012873595750592,0.0129062574605664,0.0132473120933619,0.0146629459588554,0.0155024779406879,0.0150916550712037,0.0142389345034545,0.0152338035020908,0.0166723617497287,NA,NA,NA
"471.771",NA,NA,NA,NA,NA,NA,NA,NA,NA,0.000663135184272904,0.000852729152192255,0.00107417318024192,0.00142573328420398,0.00133182634895807,0.00217209177110481,0.00218067767520046,0.00260865563519345,0.00341493967077949,0.00361322921480236,0.0044429147344369,0.0053961608504514,0.00518304325283573,0.00598088028455195,0.00656113665446263,0.00697935633910401,0.00719961983357484,0.00781241900568128,0.00829619510818059,0.00895559621084727,0.00873205824746422,0.00903751676768019,0.0094649114781752,0.0100251247301941,0.00998167362587726,0.00966491761811209,0.00956084039160718,0.00942715971655497,0.00986724135811307,0.0102653018784248,0.0108985299518167,0.0119046912275373,0.0123599810094782,0.0125235517215207,0.0137340478143544,0.0141627619147761,0.0153517658266917,0.0155911164332947,0.0151587824175843,0.0159373715071011,0.0182074433354162,NA,NA,NA
"476.407",NA,NA,NA,NA,NA,NA,NA,NA,0.000579313980942317,0.000813184337714647,0.000847853257410699,0.00106061193815711,0.00133758225874386,0.00130987209938557,0.00156942428227397,0.00199869391449573,0.0027805463796868,0.00281480810217707,0.00394256674925715,0.00382702616889996,0.00489351121605826,0.00503782942870209,0.00561141211311204,0.00604158702621729,0.00622946854955159,0.00684486687069946,0.00738168040091721,0.00745804167075095,0.00812834712624165,0.00827176032177941,0.00841798797710672,0.00859527457162266,0.00909962730851817,0.00883542265493499,0.00886415890101481,0.00852142908843787,0.00879456403266517,0.00889234692571119,0.00971457508152367,0.00976918016750275,0.0100536969480504,0.0106017513126905,0.0112727104872899,0.0126312931093502,0.0131617536364382,0.0141062129175748,0.0149452386566443,0.0125841048570051,0.0164790735736766,NA,NA,NA,NA
"481.047",NA,NA,NA,NA,NA,NA,NA,0.000405807321074381,0.000749495850855015,0.000587606038186888,0.000825408159880929,0.0012519835077013,0.00150766624589314,0.00157906083937386,0.00187786514056524,0.0023232938253912,0.00333110457967398,0.002796943440444,0.00501054258702619,0.00421283956469345,0.00472021058081228,0.00541392374500175,0.0053698302452295,0.00573964558296563,0.00678064440991594,0.00685141265739669,0.00693120208511809,0.00735702889006562,0.00743222114362819,0.00821484712923279,0.00788997022706411,0.00783286620794082,0.00845859343883635,0.00849825674622473,0.00788347342233882,0.00833881004543315,0.00819709473933552,0.00862296646357987,0.00862760735887671,0.00977161614570411,0.0099859706917724,0.0101779126863781,0.0105191563961755,0.0113861783957167,0.012516625976271,0.0121285851482273,0.0131970705876009,0.0130932785606982,0.0149273970235979,NA,NA,NA,NA
"485.688",NA,NA,NA,NA,NA,NA,0.000699399291460361,0.000771668697145998,0.000892594113599434,0.00100388296608767,0.00162165078114829,0.00137952658197072,0.00227702909971558,0.00196318964278027,0.00277835608877874,0.00247455580950829,0.00272611696444874,0.00382410738366605,0.0046668234220499,0.00413552728483211,0.00476663603997937,0.00542620130495569,0.00621792498130807,0.00627419502152507,0.00659945086375721,0.00669444033431861,0.00780203838809676,0.00754603799757076,0.0075338316765721,0.00760835462366387,0.00783567691614313,0.00795726049182427,0.00809103416153607,0.0084264182505664,0.00825652400558113,0.00813546832902887,0.00817490719225017,0.00848169805360739,0.00774041810876119,0.00918065805736194,0.00979871583601483,0.0103024838080232,0.0109023842796105,0.0122100484579281,0.0130390520174355,0.0134607464123057,0.0144473412976228,0.0145713826288613,0.016034597497269,NA,NA,NA,NA
"490.333",NA,NA,NA,NA,NA,NA,0.0010076035994007,0.00101147531575874,0.000935717283043599,0.00072655704683644,0.00149279698457423,0.00188356076325182,0.00190034517233707,0.00228121436203216,0.00297770873654367,0.00284635154518455,0.00331186303866222,0.00451840480635081,0.00414529019452278,0.00483164332659986,0.00500444375317882,0.0055454358737344,0.00570963267053065,0.00624066374966195,0.00657357986067405,0.00660429934642155,0.00687781950078329,0.00754368574521963,0.00776287776696518,0.00714002270511735,0.00782609258749388,0.00801696903731528,0.00798844022736581,0.00786378029884009,0.00774627772131259,0.00738680489111179,0.00765350680250368,0.00795365437104774,0.00786452787985119,0.00920210767361982,0.00972367859418521,0.00966035750550847,0.0107803103958975,0.0116073792355625,0.0123667565934876,0.0126190404634636,0.0129489586000939,0.0144535783107251,NA,NA,NA,NA,NA
"494.979",NA,NA,NA,NA,NA,0.000467096489441446,0.000574609347746517,0.000705244546261196,0.000853935557542309,0.00109320549773169,0.00119233739005324,0.00120275303511594,0.00170281523536813,0.0020750181235859,0.0020129368842503,0.00272822731034539,0.00331481577932372,0.00301636390834741,0.00359501610412536,0.00378127843256178,0.00404891922406331,0.00446394873603488,0.00466493446920801,0.00549687622952576,0.00546731600841648,0.00600947551029902,0.00626851108154754,0.00633407023844601,0.00655081241734368,0.00672990801738488,0.00678988567148425,0.00653904839043949,0.0069509789324434,0.00685800018743774,0.00662169968429902,0.00682812534762573,0.00652209306517702,0.00653031298354315,0.00693316842569127,0.00731770227126405,0.00817596672178864,0.0085731715856758,0.00905057764762273,0.00915534253381159,0.0106016965371527,0.0110322766785261,0.0118531948866925,0.0126180290157837,NA,NA,NA,NA,NA
"499.629",NA,NA,NA,NA,0.000657269635158502,0.000741551808869611,0.00088007949151524,0.00101162334233235,0.00133150155955764,0.00114198667365633,0.00152574013925769,0.00196336187007065,0.00185297732046524,0.00261945995521533,0.00270579775796809,0.0035342912807514,0.00411217566288273,0.00380985969721496,0.00414891452854681,0.00441399630982008,0.00472501281083799,0.00508555744563261,0.00569690856005447,0.00547757059660981,0.00555165313659858,0.00570936669131894,0.00627023726759067,0.00651970002906841,0.00709657445820666,0.0064694788129145,0.00649295722084785,0.00678572918511867,0.00685597768232491,0.00669889225855596,0.00679625914791401,0.00688353895957484,0.00657839100497546,0.00669848747230768,0.00728319136639547,0.00698245328091301,0.00740650702993279,0.00901329401967068,0.00924596717643184,0.00975205371287414,0.0104521220198724,0.0104063193501679,0.0119016541772234,NA,NA,NA,NA,NA,NA
"504.281",NA,NA,NA,0.000154685235889071,0.000253610001883446,0.000518856533723138,0.000579043166706069,0.000888560221147383,0.00117179054242562,0.000990081260798035,0.00117061990258777,0.00150895591629879,0.00168626984542586,0.00205396403935978,0.00284585213876988,0.00274821795110308,0.00265508292467535,0.00317908490280706,0.00337953688799213,0.00353824155670608,0.00390159931656988,0.00406813944233737,0.00458892377582443,0.00524961693315071,0.00520041447423712,0.00519879020153902,0.00585876094818832,0.00549002243747219,0.006052378354885,0.00564091229466222,0.00590258381449702,0.00565039875012483,0.00600531343941692,0.00594259921244548,0.00560375435723655,0.0057504647308247,0.00585152467876236,0.00570149011040664,0.00607170139624083,0.00592824612418124,0.00680475367450377,0.00731693501313166,0.00773916601232792,0.00890661597436119,0.00872129923515487,0.00984215825423554,0.010144586256804,NA,NA,NA,NA,NA,NA
"508.936",NA,NA,0.000509984474897354,0.000638515483161709,0.000718616860830412,0.000925582095079799,0.00101087496736768,0.000952181122007411,0.00147731135920686,0.00137985495538114,0.00168830364524161,0.00191583600135257,0.00215896369955016,0.0020853199724146,0.00281350716449841,0.0027770756634997,0.00323774657554449,0.00332705723397288,0.00325723678689587,0.00436066050165372,0.00437459834383529,0.00489416868811226,0.00437795165075799,0.00538019399104212,0.00499946451311187,0.00513117051954018,0.00546450777658964,0.00561779947129695,0.00558213070924985,0.00576800545321749,0.00554661197372836,0.00593720123540935,0.0053558662869773,0.00529385626780342,0.00581544491409295,0.00558705314061341,0.00563704661005619,0.00540692554868764,0.00663316681318772,0.00681312917835149,0.00679999167278627,0.00688528806292487,0.00806824311861535,0.00905148223865944,0.00915117295052273,0.0107424564761826,NA,NA,NA,NA,NA,NA,NA
"513.593",NA,0.000398529775457325,0.000549605291471204,0.00118916489245907,0.000760431316338771,0.000716035138126266,0.001015408915438,0.00123754248976363,0.00136429548346945,0.00166387200399245,0.00157068232802464,0.00182645843778428,0.00164879961596543,0.00267191459776502,0.00275843847761246,0.0029357641859487,0.00290531476990713,0.00326181959431129,0.00322426372235092,0.00386809230962285,0.00435077324028787,0.00430244427468789,0.0050369073762972,0.00448032651895163,0.00492942212766054,0.00530226851176816,0.00489182114896908,0.00536384623069716,0.00552482899443924,0.00491404765841863,0.00502247644295987,0.00501011826604752,0.00491720177803777,0.00507406122735212,0.00541959083938347,0.00516917596999317,0.00568259584953953,0.00529359326245677,0.00539931107186462,0.00537444603054432,0.00657278502341149,0.00696545644988134,0.00765542709407901,0.0079634304941113,0.00816919817581857,0.00958570861337045,NA,NA,NA,NA,NA,NA,NA
"518.252",0.000359334211654965,0.00117227450972134,0.00101203784778365,0.000859605589381224,0.00122933091318873,0.00115355175432735,0.00111969786109501,0.00127037779945283,0.00156542471477763,0.00205952265012738,0.00176389550463518,0.00197762156224437,0.00284521928005237,0.0035627896196536,0.00302146242678404,0.00303706359047487,0.00325258009749707,0.00357112892691258,0.00371041291177173,0.00407508076049573,0.00435012359770082,0.00432345221271845,0.00489765152665079,0.00470137333893586,0.0049329361579195,0.00498225685502081,0.00530364559018615,0.0056205639264368,0.00536539442186714,0.00545395919235451,0.00534314426495542,0.00515040172140405,0.00533471802878634,0.00529060428545691,0.00511516891674113,0.00524756081743754,0.00514935127183189,0.00537134292267313,0.00565983313134766,0.00636831632983443,0.00607706296147284,0.00660759761584417,0.00755121042984607,0.00819997966312348,0.00796174016673167,NA,NA,NA,NA,NA,NA,NA,NA
"522.914",0.000766700307326053,0.000994530417980161,0.00120596686008165,0.000873193445476065,0.000896135627730317,0.00118190005786972,0.00141861678687125,0.00122317431422089,0.00133731002893584,0.0016964410058252,0.00198385334405982,0.00241981864623154,0.00290441895924155,0.00288287304643977,0.00225219132752126,0.00296514878278963,0.00303521181321494,0.00350689794157871,0.00358517661336758,0.00387315318733278,0.00407195421083518,0.00420288907026193,0.00463422039543187,0.0047244889481096,0.00468047095269884,0.00468997632297799,0.00497647007449885,0.00491215550166854,0.00480027363628608,0.00481047126006745,0.00441980204665096,0.00470075690693903,0.00500144878358841,0.00508910633729639,0.00491409196203728,0.00465994268045047,0.00464316477868585,0.00505659054801006,0.00504203681946082,0.00529067077127113,0.00607860985270474,0.00557401535616789,0.00688326146268156,0.00842501322204246,0.00887021658474491,NA,NA,NA,NA,NA,NA,NA,NA
"527.579",0.00017000613262795,0.000493748445688292,6.61277175637639e-05,0.000502405356470351,0.00036525989110317,0.000887305626683374,0.00103138011096668,0.00121242489671028,0.00115851289423161,0.00143151732916721,0.00187032556380272,0.0022873424427607,0.00189915783198326,0.00248642274753867,0.00263934393393052,0.00247039270827829,0.00235167150559001,0.0029910079275166,0.00291659862709815,0.0029688038761525,0.00355194918565273,0.00333697689119606,0.00387310655652356,0.00355062827096486,0.00372219818213556,0.00437068923813917,0.0040998223564273,0.0040438047938808,0.00434537031731341,0.00409120738361993,0.0040955093580971,0.00406846713337285,0.00398623464334749,0.00423796602011663,0.00433064423891235,0.0039759297514586,0.00396284070117921,0.00406163844659904,0.00500332569202686,0.00492892905601754,0.00452848087515578,0.00567086509191611,0.00584536647626032,0.0064786392885927,NA,NA,NA,NA,NA,NA,NA,NA,NA
"532.245",0.000646562049643872,0.000978854333327031,0.00111632164195486,0.00112411504419755,0.00133351345002198,0.00121062703936317,0.0014613294999041,0.00143867536772302,0.0014755991214241,0.00155784720751208,0.00209044514840303,0.00254444508898803,0.00286917211856382,0.00280596086863718,0.00270861589824049,0.00262860012672855,0.00279423344459882,0.00300317877487477,0.00334273365834368,0.00369646634090831,0.00395011192490114,0.00378270826709091,0.00411845660116675,0.00445751882709754,0.00449686406784867,0.00399360241056297,0.00405547534490329,0.00456752443166416,0.00401118961208432,0.00424604570744258,0.00431860151986636,0.00410616528462286,0.00420790875087202,0.00421494666803736,0.00392313181454716,0.00408904436828469,0.00415018246051033,0.00439935204707665,0.00488047595634382,0.004973148813898,0.00536418353711577,0.00537811889490313,0.00611806021480457,0.00757865757767097,NA,NA,NA,NA,NA,NA,NA,NA,NA
"536.915",0.000512704582932833,0.00070994186959258,0.000543897690161451,0.000627173337771092,0.00116712511278333,0.000904202973154481,0.00120572471036692,0.00139488237916668,0.00140474748844017,0.00153172097144641,0.00199122974291707,0.00221294177592659,0.00194031798792038,0.00210389122103125,0.00226814576406309,0.00269431935066611,0.00261909129251998,0.00291654516729213,0.00279287623953282,0.00310897657869177,0.00281994325283698,0.00350914552526375,0.00376499915970469,0.00331191858312058,0.00355972407442187,0.00323721125011433,0.0035900487787708,0.00376074632660766,0.00372881335671481,0.0037287318832245,0.00359580204382617,0.00372275594883457,0.0038283792368293,0.00321988021303495,0.0033633229523568,0.00340014187676066,0.00391003952201644,0.00372073903152307,0.00396025254257936,0.00380291387400005,0.0044077889845037,0.00457851680276836,0.00523130186363737,0.00559691144306437,NA,NA,NA,NA,NA,NA,NA,NA,NA
"541.586",0.000942813639521377,0.000696853730973551,0.000420623919647503,0.00117610526764408,0.00107608686352183,0.00108710028091658,0.00108415427226415,0.00149465864380344,0.00163402474984605,0.0020048890807383,0.00182788061840465,0.0019713312282979,0.00186732941190345,0.0022090030872217,0.00239253011356044,0.00238866579779588,0.00298371460206026,0.00254302888516189,0.00267700248579691,0.00299357604162698,0.00303374311645003,0.00329828564505544,0.00363675340881027,0.00363443759579268,0.0039948504941225,0.00366809534940921,0.00368980528583661,0.00367846395150348,0.00393671428303603,0.00365677796010668,0.00350164861352757,0.00356573100807977,0.00364609350869005,0.00370386259697529,0.00345275756673652,0.00405785623455954,0.00386855832802929,0.00416423194396196,0.00435447951092211,0.00441702791505926,0.00465936971055404,0.00501881461697085,0.00542097141479198,NA,NA,NA,NA,NA,NA,NA,NA,NA,NA
"546.26",0.000591423808851031,0.000813916636955485,0.000597994252332427,0.000602067621407148,0.000895541813852194,0.000696856677628104,0.000917707294916973,0.00106344452366092,0.00128557299986329,0.00152706975734939,0.0013549401789504,0.00105721821685319,0.00190127067061261,0.00174601277971306,0.0023458861513687,0.00238927138378838,0.00205020084104868,0.0021317219276928,0.00219423485687854,0.00217781278594734,0.00276743286476968,0.00293850139980248,0.0025734465662824,0.00268540569337464,0.00270847183495951,0.00311659461056232,0.00285438943826295,0.00319311127031102,0.0029663005896096,0.00284663046521229,0.00288307571795207,0.00251786367571971,0.00244919641290123,0.00298172959266841,0.00308326896407084,0.00296882717442621,0.00323023690346837,0.00291999513522867,0.00307036313398616,0.00313488501384044,0.00398590259900129,0.00378828475668014,0.00489881699485136,NA,NA,NA,NA,NA,NA,NA,NA,NA,NA
"550.936",0.000927521972441774,0.000203174824652579,0.000579970107983655,0.0010864234049056,0.00102733087716853,0.000989517303083341,0.00105724118194155,0.00149263609801781,0.00143689243166628,0.0015707055761133,0.00162612574858136,0.00188532910598459,0.0020299279834555,0.00204547321236249,0.0019404679870541,0.00206729676139745,0.00247866040057556,0.00213738173555622,0.00250613855220975,0.00278671176570194,0.00285089403722492,0.00303410189177717,0.00253017459595084,0.0025616389279574,0.00302447248532219,0.00317809326486906,0.00303173355031682,0.00316980078304775,0.00335991853658379,0.00355672096786307,0.00315756180682212,0.00281433206079814,0.00260954632839918,0.00317832814321461,0.0031369842614162,0.00300704094451957,0.00297091523913483,0.00284163186972228,0.00381900038792589,0.00331571046472821,0.00372940034447233,0.00423373232564881,NA,NA,NA,NA,NA,NA,NA,NA,NA,NA,NA
"555.615",0.000266358722572006,0.000293690177023317,0.000738534863653735,0.000571709499378057,0.000531088397230217,0.000874713812668227,0.000939425878181508,0.00148038219243741,0.00140859916497388,0.00135926380299135,0.00129843285345461,0.00168332325492311,0.00133771797528141,0.00142951856964386,0.00188631704802506,0.00171183443536108,0.00191788466060702,0.00218656640541105,0.00181379712280263,0.00185262386384234,0.00216669962768435,0.00254158298424944,0.0026919969696964,0.0027306062373332,0.00267656420490262,0.00279525607014983,0.0027062296245841,0.00245631237638944,0.00294464137751776,0.00227297285738751,0.00269145428900876,0.00245776371622421,0.00273734156157557,0.00266467184073643,0.00250674452568831,0.00224618609319195,0.00234301544069308,0.00232684828534353,0.00336832806430646,0.00292918550428337,0.00320464274386342,0.00345162473167721,NA,NA,NA,NA,NA,NA,NA,NA,NA,NA,NA
"560.296",0,0.000353565900043634,0.000452405608170214,0.00106273499481491,0.000717054374920194,0.00115164270556548,0.00138088284745216,0.00157472912083508,0.00130298135151526,0.001334400861104,0.00136816555206134,0.00143304257245912,0.00134151303982912,0.00165245208730102,0.00168635656910196,0.00184965759237039,0.00175029385515422,0.00197371676449856,0.00166729212610311,0.00200146347152658,0.00220827724001395,0.00189422667396078,0.00243343526206392,0.00192720618809332,0.00238428583922393,0.00247340697420355,0.002483221564425,0.00263909157554291,0.0024604131326675,0.00260478819743712,0.00257444103201584,0.00245331180570179,0.00234935044877537,0.00254407195749129,0.00245107873688366,0.00259390100291241,0.00248130168412006,0.00289520041332163,0.00316453452668756,0.00271298316005263,0.00387555301353295,NA,NA,NA,NA,NA,NA,NA,NA,NA,NA,NA,NA
"564.979",0.000743549404785345,0.000853810419711419,0.000860230601498247,0.00089832067046234,0.000985269939430268,0.00123688763049939,0.00147182873404749,0.00135424535765177,0.00133306133437655,0.00132089810290377,0.00148955477498979,0.00128690096950693,0.0014595764139432,0.00193629977767262,0.00182633483649111,0.0020048726476966,0.00178913965974627,0.00219973677557767,0.00216027574387795,0.00247181311783063,0.00272187646344124,0.00273689979113302,0.00294806920844545,0.00265762932270389,0.00253164665264446,0.00247747110378843,0.00242056567423686,0.0022674729056141,0.00272094415107582,0.00277712844354692,0.00239364625309823,0.00269022124757018,0.00247546177434396,0.00217536477966337,0.00254896412136604,0.0022214596959935,0.00224610294363851,0.00297301596834346,0.0029662741977161,0.00273355328917136,0.00304683070362905,NA,NA,NA,NA,NA,NA,NA,NA,NA,NA,NA,NA
"569.664",0.000461392746953102,0.000574485610524304,0,0.000382444738185251,0.000617340912357374,0.00118571966627773,0.000789654129214892,0.00079107159609953,0.00108373464253648,0.00105641252632738,0.00114631331893977,0.00106527396759991,0.00131589667496671,0.00118286477076869,0.00114525674656711,0.00125206716079456,0.00156485222144492,0.00181209083686377,0.00181377010146359,0.00139867686614174,0.00173849528387717,0.00121986118458405,0.00212320304644235,0.00164167326275538,0.0016027706582731,0.00207467898863384,0.00185597663164607,0.00181541759757219,0.00217140089607953,0.00198419970368466,0.00178573426249363,0.00195324774993271,0.00229876469253924,0.00205730352728933,0.00170671224789997,0.00200674908432912,0.00172553122791147,0.00240759690137529,0.00232787772141067,0.00240409237260862,NA,NA,NA,NA,NA,NA,NA,NA,NA,NA,NA,NA,NA
"574.351",0.000236319394073552,0.00059267270309608,1.96033383794393e-05,0.000683087983631361,0.000708405835453178,0.000701155008734232,0.00114449751900856,0.000768880982919106,0.000803559895242795,0.00126757105814779,0.000879160780431559,0.00110803647094539,0.00123971097315471,0.00147915890818852,0.00130231002245841,0.00194319863176247,0.0010261075651241,0.00143200257080335,0.0018942509512306,0.00173617028616887,0.00176905906434899,0.00170466420016306,0.00146826235014009,0.00177885440458594,0.00192022055420785,0.00213517244093818,0.00193358764851133,0.00196225571874278,0.00212603661462269,0.00199049692749664,0.00206282915285065,0.00217541808170972,0.00200757112218543,0.00198510720040224,0.00219585929476366,0.00191733596314044,0.00207052078442075,0.00212819081325406,0.00265396706615918,0.00210780109423892,NA,NA,NA,NA,NA,NA,NA,NA,NA,NA,NA,NA,NA
"579.04",0.000432246392609628,0,0.000290259672617195,0.000472727200867171,0.00100064897830612,0.000539176958895161,0.000814341754263566,0.00104155946319419,0.000621295889967721,0.00104254589787336,0.00102099687942896,0.00112684016332626,0.00158923461339744,0.00141031891461339,0.00154071030558809,0.00143367535658573,0.00144550211856413,0.00159216516079535,0.0014828270584155,0.00127976116390008,0.00140166594562967,0.00167985356574064,0.00183965867199523,0.00169393155472333,0.00172296365803795,0.00145070789203946,0.00184605825719322,0.00163403152231584,0.00176774121086344,0.00200812054708246,0.00179452217155354,0.00203750044466445,0.00178580333678217,0.00186493608019104,0.00164185392765609,0.00141500814717527,0.00194624465491747,0.00209505740592086,0.00260722226437855,NA,NA,NA,NA,NA,NA,NA,NA,NA,NA,NA,NA,NA,NA
"583.732",0.000569496548322343,0.00048814523060377,0.000454358417109129,0.0011188184923838,0.000673574753546459,0.000849419757796794,0.00084513390747001,0.000791641526002966,0.000823843428593913,0.000913118862662687,0.000677377318861891,0.000786531926357904,0.000783320800049737,0.00109915584513604,0.00114987296893372,0.00161833390000088,0.00127691354408751,0.00123992330022842,0.0015357637751494,0.00167607621667196,0.0015054797359894,0.0015237088698526,0.00140134840478156,0.00153183806098801,0.00188538651396198,0.00170364011730079,0.00151016949242532,0.00217117858161555,0.00134400675102218,0.00164471194986325,0.00150512643532742,0.00136757867841813,0.00151945574744981,0.00140228948490171,0.00215495554464125,0.00181651200403725,0.00140314135838464,0.00190385229060414,0.00233221474751679,NA,NA,NA,NA,NA,NA,NA,NA,NA,NA,NA,NA,NA,NA
"588.426",0.000228270212546688,0.000409420206169994,0.000990598594190499,0.00101364195360849,0.000839112859795246,0.00102228871407575,0.000847486567450676,0.000989382864438013,0.000972452036649968,0.00136868648642415,0.000819632240000235,0.000791769334899671,0.00149846008864118,0.00134752803789887,0.0010899425256802,0.00116708316062256,0.00134897938639979,0.00140392741422259,0.00168580375610302,0.0014275140318022,0.00142116200978121,0.00154633780216888,0.00144311428442413,0.00103307530276003,0.00171708665440233,0.00134150745979334,0.00179235435135686,0.00205869673846393,0.00162483676964229,0.00140758583731268,0.00193826538894039,0.00185154146066464,0.00188162083362204,0.00177194322004013,0.00185328004491227,0.00165010351812228,0.00165883365882013,0.00232615546288335,NA,NA,NA,NA,NA,NA,NA,NA,NA,NA,NA,NA,NA,NA,NA
"593.121",0.000767344972722368,0.000224738398945298,0.000481403899006193,0.000686498199672971,0.00073231463960217,0.000429018264965109,0.000640988783593578,0.000748507553299669,0.00121256125973933,0.000602042353615265,0.00096988494777429,0.00118406893667907,0.00110101700534274,0.0012407920190114,0.00112145211325508,0.00111625382898951,0.00135617371896847,0.00103416301991404,0.00148597426465865,0.00122786584708895,0.00125410698992257,0.00115340000120899,0.0014103400423656,0.00119249202337134,0.00161359208495922,0.0013960434969038,0.00108872581055295,0.00159093116286038,0.00111927919439948,0.00116049642472371,0.000944725966817676,0.00181751901428216,0.00138904946546508,0.00156216225917201,0.00156547821979361,0.001642769747954,0.00145078623351937,0.00195744985188469,NA,NA,NA,NA,NA,NA,NA,NA,NA,NA,NA,NA,NA,NA,NA
"597.819",0.000521681505928726,0.00115590438620424,0.000365349461414536,0.000174391425473025,5.66689788676372e-05,0.00049483263875886,0.000613567045414882,0.000870226105746736,0.000633337803233408,0.000681748724600946,0.000853602440245847,0.000767376427839386,0.000800047927376121,0.00115345684939117,0.000590973296558199,0.000974849930854462,0.0010984120816686,0.0012266410455861,0.00109085217936058,0.000879737923921549,0.00112511301667242,0.00142325988784211,0.000813713277523867,0.0011810822920519,0.000963485341710347,0.000955146361323859,0.00128913546450357,0.0015043336203173,0.00172481854563942,0.00137496877374633,0.00120544377522278,0.00117081968013787,0.00106785172245766,0.00143510880154308,0.00144144763257385,0.00127627665423867,0.00104211164603204,0.00161897414942634,NA,NA,NA,NA,NA,NA,NA,NA,NA,NA,NA,NA,NA,NA,NA
"602.519",0,0.000641282601849584,0.000324640226844272,0.000534279760014593,0.000558818269334986,0.000416253995631227,0.00084239465562843,0.000637492642767535,0.000483244558357357,0.0007762928557441,0.000806454737186544,0.000574012710380519,0.00017233704791952,0.000748815763123006,0.000983248616625562,0.000779146085800064,0.000805848990758043,0.000905921189093921,0.00114284026166492,0.00107110301815566,0.00117375787913439,0.00114407803812847,0.000961052922865509,0.00104640918072478,0.000978530923644263,0.0012202110496532,0.00130324173689828,0.0012356280601875,0.000875200979168882,0.00139354084668079,0.00114115862139699,0.000952829371539417,0.00108684388906573,0.00107038003139938,0.00138437380855962,0.0012681109543994,0.00138021927514588,NA,NA,NA,NA,NA,NA,NA,NA,NA,NA,NA,NA,NA,NA,NA,NA
"607.221",0.00127041070780436,0.000474198023629075,0.000286319231437348,0.000550118722353489,0.000676682068959374,0.000203922444263249,0.00061894546377686,0.000768983232008543,0.000526163757338923,0.000541313715364036,0.000657162793138984,0.000706047926796788,0.000817246000199667,0.000879288070182281,0.00113276612768564,0.00114217802456614,0.000793240343647286,0.00118452874862938,0.00141166334195972,0.00129713055426917,0.000919521589367467,0.00113699425725151,0.00140580699091097,0.00104687391797187,0.000937538370988735,0.00165941137272569,0.00125829920142877,0.0016996558318874,0.00112664455086564,0.00097602817887132,0.00153669841850138,0.00127023104741742,0.00105240537522727,0.00134929864118039,0.00120128768177376,0.00183834647687087,0.00149574295473542,NA,NA,NA,NA,NA,NA,NA,NA,NA,NA,NA,NA,NA,NA,NA,NA
"611.924",0,0.000175172361948482,0.00032499612610116,0.000171884831608776,0.000432952330613325,0.000600567345709177,0.000611939188338413,0.000528110192790082,0.000502474171461197,0.000761873617845992,0.000703898953789393,0.000579166554447556,0.000528603729391462,0.000584313566658413,0.000684496049321539,0.000699090116448378,0.00103704031191766,0.000447239447202951,0.000931644933659957,0.000884113545845202,0.00112068899718293,0.00108606478664697,0.000971934223336435,0.000972254601463389,0.000859101826007941,0.00113150580877107,0.00091672080378519,0.000910786943540426,0.00114423273667715,0.00113493860261065,0.00105315286327768,0.000939498668639895,0.000713036573589255,0.000996743032464529,0.000730667408666396,0.00108096397741797,NA,NA,NA,NA,NA,NA,NA,NA,NA,NA,NA,NA,NA,NA,NA,NA,NA
"616.63",0.00112151798843349,0.000616424558963792,0.000969687350523617,0.00101382536491246,0.000628613808618492,0.000595721558135987,0.000782196305703284,0.000666123582861522,0.000956517362175153,0.000675872416289482,0.000810537501886609,0.00117485045307603,0.00140553675613381,0.000966224374569047,0.00120230401282802,0.00140825787507322,0.00133524748118826,0.0013950316198971,0.00149215243444787,0.00171234517613143,0.00151159018738094,0.00146288449035306,0.00148016363529982,0.00172071522397559,0.00117824796313035,0.00125429098892037,0.00160755497161936,0.00134594490249741,0.00119284732988041,0.00135197805847994,0.00131473189838339,0.00132237634162958,0.00170501410390587,0.00161116092509451,0.00177431610851038,0.00182639701587456,NA,NA,NA,NA,NA,NA,NA,NA,NA,NA,NA,NA,NA,NA,NA,NA,NA
"621.338",7.48310472058145e-05,0.000317674756147309,0.000158860149067028,0.000653532397445067,0.000491636332853891,0.000685401682050594,0.000326717598374024,0.000490821953641974,0.000250100712793824,0.000234034865385377,0.000724786467284605,0.000280832298085557,0.000536049949851056,0.000603293862548403,0.000347873931882948,4.49118731339111e-05,0.000333559841206727,0.000628833783358133,0.00100481411058766,0.00105066795592339,0.000657745348319831,0.00130628347250124,0.000816907455118802,0.00106942678074881,0.00103154687122287,0.000811297828549503,0.00103471295986208,0.000924543613839236,0.000948353484641141,0.000565340016507473,0.000431333606479043,0.00104785684092459,0.000406668948396431,0.0007743663445976,0.000773666704671999,NA,NA,NA,NA,NA,NA,NA,NA,NA,NA,NA,NA,NA,NA,NA,NA,NA,NA
"626.047",0.00128980520574296,0.000323943200682899,0.000869614749055386,0.00106766569940643,0.00105469466404394,0.000773270537608448,0.000621525064195558,0.000800366787120967,0.000982619893074077,0.00108763903935028,0.000927499193941871,0.00131750578842224,0.0010179559934931,0.00137445726272552,0.000862918844368357,0.000966732329491018,0.00115980746414108,0.00120109000668635,0.00157977660731802,0.00130601142792165,0.00140030749164589,0.00124984499234667,0.00177227140330275,0.00139992793973249,0.00136873559088424,0.00136617942720843,0.00145622258499783,0.00144487781982748,0.00153562380703329,0.00121063614049092,0.00124931778169801,0.00120026161714692,0.00100532259292167,0.00176677684452834,0.00114537620358681,NA,NA,NA,NA,NA,NA,NA,NA,NA,NA,NA,NA,NA,NA,NA,NA,NA,NA
"630.758",0.000295569915217693,0.000516020153458804,0.000182474971870608,0.000490015775349578,0.000713850632991813,0.000331050004478971,0.00029986766681368,0.00061891540126901,0.000421362714324732,0.000678792839575472,0.000853582611759849,0.000699873712043273,0.000712751420577953,0.000709068953068333,0.000916677536359122,0.000635820370179443,0.00130783736466229,0.00067221475070991,0.00138661204809337,0.00109114231298276,0.00108056816378747,0.00162501778405001,0.0011139273323528,0.000832703840344672,0.00115134887391113,0.000995556929326969,0.000913275677149155,0.00110254486816103,0.000926258902866637,0.000985337656064351,0.000613123797523195,0.000860484845481747,0.000797322805617531,0.00144091515727014,NA,NA,NA,NA,NA,NA,NA,NA,NA,NA,NA,NA,NA,NA,NA,NA,NA,NA,NA
"635.471",0.000527321542363481,0.00028202949755286,0.000611615163256327,0,0.000236584408771432,0.000569630971395834,0.000499220307354919,0.000346954368403037,0.00036643547937527,0.000520555830082749,0.000548775925878465,0.000406801246346885,0.000673504356509871,0.000764369753281302,0.000744697830703465,0.000800433091817914,0.000844647918750024,0.000962367321495106,0.000747048784104169,0.00140846075927291,0.00141319760286697,0.00108006773609768,0.000929857570496147,0.000522452119638787,0.000907353371122915,0.000776030626107866,0.0009456624962534,0.00037063595179585,0.000648587069446367,0.000893584177724808,0.000886553128801616,0.00121044323700813,0.000828521145321624,0.000621639798391254,NA,NA,NA,NA,NA,NA,NA,NA,NA,NA,NA,NA,NA,NA,NA,NA,NA,NA,NA
"640.186",0,0,0.000328539061710803,0,0,0,0.000528268985193701,0.000220087470726164,0.000491846679395738,4.34118459691557e-05,0.000159711139895017,0.00023722204020491,0.000468688657761983,0.000409323232950837,0.000598899277389133,0.000333466083442514,0.00039156148583397,0.000542445512680099,0.000951671048719899,0.000600525216132822,0.000777547931606296,0.000897656743992588,0.00100498094231996,0.000847224862729344,0.000411097707016782,0.000620559321262537,0.000387053389561617,0.000290891688939885,0.000502337421717978,0.000649818278808397,0.000244544187175499,0.000709167445671078,0.000454938965721109,NA,NA,NA,NA,NA,NA,NA,NA,NA,NA,NA,NA,NA,NA,NA,NA,NA,NA,NA,NA
"644.903",0,0.00012544861807294,0.000605212442711877,0.000264139533850912,0,0.000229498948644464,0.000616216282270776,4.16113702650527e-05,7.03243968102355e-05,0.000359599450308247,0.000657150536131338,1.82991999515453e-05,0.000214703061886175,0.000280273797135696,0.000280317695441202,0.000117981521594651,0.000407378538264931,0.000701278406219302,0.000727913278133362,0.00105298483623638,0.00114563839863301,0.00124070871746345,0.000980780349804768,0.0010489806631701,0.000533889530720852,0.000885172386159125,0.000505245886340498,0.000864087300623138,0.000302717471799427,0.000525771796761781,0.000569106204159052,0.00095845855270635,0.000701962902728544,NA,NA,NA,NA,NA,NA,NA,NA,NA,NA,NA,NA,NA,NA,NA,NA,NA,NA,NA,NA
"649.621",9.22268700282063e-06,0,0.000413212880706378,0.000230201067943596,2.70619870270554e-05,0.000323310130667529,0.00028674294658319,0.00010379407934613,0.000267794025656126,0,0.000269875911883487,0.000514552642182465,0.00048853962010528,8.0515694360496e-05,0.000288305378675641,0.000714159023433443,0.000619861109978739,0.000258495105937367,0.00058062091675598,0.000546221662021296,0.00103764388765304,0.000970705058978747,0.00023269619910803,0.00103943121882009,0.000267019066385941,0.000332419244259751,0.000364079636492724,0.00039271893444274,0.000602959570795295,0.000933838843784364,0,0.000312667898184433,NA,NA,NA,NA,NA,NA,NA,NA,NA,NA,NA,NA,NA,NA,NA,NA,NA,NA,NA,NA,NA
"654.341",0,0,0.000389698910262647,0.000411860971974803,0,0.000430261953498355,0,0.000221334091581148,7.42625783734743e-05,0.000227532910466607,0.000121032325684498,0.000189988607786205,0,0.000632390674119941,0.000403139785658818,0.000517739853803591,0.000314743165505227,0.00106670408304292,0.000623394117971219,0.000907593079113712,0.000815204492253077,0.000665549498196495,0.00114605461634434,0.0011150863879636,0.000602709707611071,0.000298112539347328,0.000324533173441503,0.00050925680861125,0.00060145102166382,0.000499805978503848,0.000389393602041154,0.000409176307542736,NA,NA,NA,NA,NA,NA,NA,NA,NA,NA,NA,NA,NA,NA,NA,NA,NA,NA,NA,NA,NA
"659.063",0.000222099966438754,0.000337551725021227,0.000200113335450682,5.47290520578455e-05,0.00043706167315433,0.000233508668927862,0.000342834751520236,0.000306304057376388,0.000361425636147388,0.000197976803683402,0,0.000614625157899384,0.000434812572089467,0.000718662822910337,0.000442779041844288,0.000612599485378263,0.000202299978016562,0.000795290446545912,0.0013962345517827,0.0009057333585606,0.00104980107373262,0.00131787548061409,0.00110827325237438,0.00129354191164425,0.000603790819190583,0.000653752655162949,0.0010785721679032,0.000482819754163297,0.000651464482006931,0.000449967220137346,0.000526745508422285,0.000460844197314526,NA,NA,NA,NA,NA,NA,NA,NA,NA,NA,NA,NA,NA,NA,NA,NA,NA,NA,NA,NA,NA
"663.787",0,0,0,0,0,0,5.67330044662669e-05,8.3728622950496e-05,4.77564027184019e-05,0.000259902972068028,0,0,0,0.000444891904039802,0.000421915501288717,0.000203363167148361,0,0.000163183357125628,0.000708181134389375,0.000131810412619494,0.000378348352562811,0,0.000621748506863019,0.000326494953236609,0.000980774946216267,3.71667612352648e-05,0.000133112168307624,0.000183357932932581,0.000411727874671428,0.000414498471861033,0.000259793478716325,NA,NA,NA,NA,NA,NA,NA,NA,NA,NA,NA,NA,NA,NA,NA,NA,NA,NA,NA,NA,NA,NA
"668.512",0.000558424460053996,0.000852531431948479,0.000713627828632121,0.000366810340307098,0.00127526917743123,0.00040236793478313,0.000276310185753447,0.000364681656722472,0.000495736937353604,0.000474505573252022,0.000635652046180873,0.000836951505806696,0.00109946175161308,0.000397494023675243,0.00112754927040901,0.000711081498593907,0.000841994837738406,0.000771033816621541,0.0013555006917135,0.000751748593476618,0.00159666977784111,0.00123973538758538,0.00141074644585898,0.00103447302723982,0.00111273474716358,0.00128365249563752,0.00105069207049702,0.000417488835267104,0.00111233613497711,0.000792820678001671,0.000833325726899536,NA,NA,NA,NA,NA,NA,NA,NA,NA,NA,NA,NA,NA,NA,NA,NA,NA,NA,NA,NA,NA,NA
"673.238",9.08840449592763e-05,0.000376034314172304,0.000551206088019175,0.000199160250110377,0.000265888839294375,0.000557640092542674,0.000386552163946729,0.000387836845195755,0.00060155633608798,0.000289639206443547,0.000654299981360607,0.000690690894077078,0.000629016749948601,0.00044403978330438,0.000330960207564058,0.000728546776739815,0.000893290894150632,0.000559236792151807,0.00102823551667658,0.00139396396525391,0.00121101962301654,0.00089543952714857,0.00129302699534699,0.000858599872904732,0.000619504706297343,0.000971532684318069,0.000878237312901554,0.000623886519465871,0.000319831722343923,0.000353549206788423,NA,NA,NA,NA,NA,NA,NA,NA,NA,NA,NA,NA,NA,NA,NA,NA,NA,NA,NA,NA,NA,NA,NA
"677.967",0.00100037564206866,0.00087389459536265,0.000153015511075761,9.00624666213843e-05,0.000480653691950936,0.000270350005200644,0.000444745274590417,7.59128180142308e-05,0.000223702446541554,0.000520067002318079,0.000454486960803497,0.000302617269213208,0.000885727763223562,0.000945822858856656,0.000850656618978939,0.000752795202426811,0.00078687622347264,0.000638820380248968,0.00162684672074562,0.000877952190805971,0.0010367620991911,0.000773219432524493,0.000899518685227536,0.000320698012930027,0.000419695169875037,0.000848144173836258,0.000741717665698643,6.96186870507136e-05,0.000298246604188789,0.000391237856129618,NA,NA,NA,NA,NA,NA,NA,NA,NA,NA,NA,NA,NA,NA,NA,NA,NA,NA,NA,NA,NA,NA,NA
"682.696",0.000692449533724911,0.000414531198078626,0.000339262833205966,0.000263182574233556,0.00026543320901415,0,0,0.000201365787126144,0.000191082168473201,0.000428316953478251,0.000215993570111716,5.8709639685098e-05,0.000425679633846243,0.000307159786894236,0.000972760066832515,0.000957207521651289,0.000542198362389526,0.000713578628716929,0.000805700823543436,0.00082499829593054,0.000970576256440217,0.000469225418079003,0.000667740267976819,0.000174219762567671,0.000613284029666403,0.000888052703503998,0.00115644646036126,0.000407039025971709,0.000421123101722288,NA,NA,NA,NA,NA,NA,NA,NA,NA,NA,NA,NA,NA,NA,NA,NA,NA,NA,NA,NA,NA,NA,NA,NA
"687.428",0.000381857330162914,0.00140552428876035,0.00104660919253794,0.00038875274981418,0.000540807881862778,0.000785888098722919,0.000501524448923816,0.00061505889792884,0.000606376639473751,0.000745992901056478,0.000726666790492088,0.000663983159981381,0.000944921967349956,0.000949689213490253,0.000562459387207272,0.00150868475149299,0.000649456494056231,0.00148679504132447,0.00105728406869845,0.00138275844863994,0.00127228154456106,0.00110527558331416,0.00150606952630032,0.000762282427476052,0.00115457487110297,0.000970670278166649,0.000880132968967436,0.00107598839238595,0.00124458145275378,NA,NA,NA,NA,NA,NA,NA,NA,NA,NA,NA,NA,NA,NA,NA,NA,NA,NA,NA,NA,NA,NA,NA,NA
"692.16",0,0,0,0.000311042340641331,0,0,1.60405510425999e-05,6.23170813006548e-05,0,0.000178322577503198,0,8.66756395836003e-05,0,1.84516803230727e-05,0.000443305203122156,0.000278736987260922,0.000194787774365933,4.55127829311681e-05,0.00011347855468471,0.000135661656323218,0.000497015914162699,0,0,0.00067164710331485,0.000302803778363532,0.000305609364732411,0.000178622884663871,0,NA,NA,NA,NA,NA,NA,NA,NA,NA,NA,NA,NA,NA,NA,NA,NA,NA,NA,NA,NA,NA,NA,NA,NA,NA
"696.895",0,0,0,8.12874706899305e-05,0,0.000246111695397716,0.000507015834323295,0,0,0.000128308786164418,0,2.31007007393058e-05,0,0.000277665422817733,0,0.000266977608691733,0,0.000193476275847016,0.000849961680075328,0.000329784892380498,0.000292992560397347,8.92353585407222e-05,0.000328805338390589,0,0.000164655937382446,0,0.000290873909803307,0,NA,NA,NA,NA,NA,NA,NA,NA,NA,NA,NA,NA,NA,NA,NA,NA,NA,NA,NA,NA,NA,NA,NA,NA,NA
"701.63",0.000201906294961793,0,0,2.45089935429836e-05,3.78388262351716e-05,0.0001464967041513,0,0.00024404127361574,0,0.000520712801198177,0.000124479098958518,0,0.000467915616680213,0.000169558994869919,0.000310293466148455,0.000551482821487288,0,0.000342832277412067,7.57157574220226e-05,0.000310838667172448,0.000568085555987693,0.000266738317008866,0,0.000896808717883124,0.000101001013853329,0.000173991304524477,1.21848502246473e-05,NA,NA,NA,NA,NA,NA,NA,NA,NA,NA,NA,NA,NA,NA,NA,NA,NA,NA,NA,NA,NA,NA,NA,NA,NA,NA
"706.367",0.000647800520082628,0.000512581429678383,0.000445543514187558,0.000867884701941124,0.000459111872581412,0.000646134720273534,0.000124438268576693,0.000604520580602626,0.000478387864092151,0.000491556725448999,0.000540053042219292,0.000406768182629719,0.00104798001121934,0.000784192583579407,0.000842056007826908,0.00104990807452269,0.000452765348892289,0.000752248955389871,0.00102214989580187,0.000921105525177154,0.000668202105412387,0.00100371435025946,0.000799523895350827,0.000258887359823062,0.00115878685104859,0.00050852126759609,0.000624550519010741,NA,NA,NA,NA,NA,NA,NA,NA,NA,NA,NA,NA,NA,NA,NA,NA,NA,NA,NA,NA,NA,NA,NA,NA,NA,NA
"711.106",0,0,0,0,0,0.000236092688108493,0.000179835258609838,0.000232830117885446,1.24564382555677e-05,0.000399437387375653,0.000169565326701525,0,9.91816292134529e-05,0,0,1.2476838115872e-05,0.000280662532879405,0.000533722295137508,0.000296714304216429,0.000475402924802484,0,0.000325720031974165,0.000278162366577187,0.000287819897056347,0.000300216007291178,0,0.000606322599069007,NA,NA,NA,NA,NA,NA,NA,NA,NA,NA,NA,NA,NA,NA,NA,NA,NA,NA,NA,NA,NA,NA,NA,NA,NA,NA
"715.845",0,0,4.9021770894511e-05,0.000335060902388396,7.64439763130616e-05,0,0.000133455281734868,7.9946880586506e-05,2.57084152635391e-05,7.81627529349166e-05,0.000287767271315574,7.48526254065265e-05,0,0,0.000171320620832471,0.000284839852245806,0.000233832324793999,0.000589374492507201,0.000678783384918953,0.000100790990424245,0.0003322439964994,0,6.42159183685685e-05,8.134058333158e-05,0.000443635724657639,0,NA,NA,NA,NA,NA,NA,NA,NA,NA,NA,NA,NA,NA,NA,NA,NA,NA,NA,NA,NA,NA,NA,NA,NA,NA,NA,NA
"720.586",0,0,0,0,0,0.000146091530348167,0,5.19357992368198e-05,0,0,0,0,0,0,0,0.000112612240015771,4.12398925870102e-05,0,0.000298836530438681,0.000251066688840965,0.000234295370729863,0.000490844504484808,0,0,0.000352838414239673,0,NA,NA,NA,NA,NA,NA,NA,NA,NA,NA,NA,NA,NA,NA,NA,NA,NA,NA,NA,NA,NA,NA,NA,NA,NA,NA,NA
"725.329",0.000570728466706138,0.000324741941008555,0.000650513059139824,0.000639242614983257,0.000610652687158681,0.000175848094828763,0.000346214691216322,0.000327130048080365,0.000473166638907945,0.000151991262504906,0.000678852574514049,0.000119815919315435,0.000646858799514783,0.00042955445279655,0.000248220000336143,3.31482453523947e-05,0.00098627373930615,0.000420700855786572,0.000695636390293744,0.000263638195782772,0.000495516357838385,0.000937017272658149,0.000364407857136509,0.000381052951205129,0.00087972278912789,NA,NA,NA,NA,NA,NA,NA,NA,NA,NA,NA,NA,NA,NA,NA,NA,NA,NA,NA,NA,NA,NA,NA,NA,NA,NA,NA,NA
"730.072",0.000892331435827583,0,0.000579066058940104,1.99183938678973e-05,0,0.00028492994652793,0,1.13069613386596e-05,0,0,0.000243479879782405,9.5735686517244e-05,0.000167589514275544,0,0,0,0.000292850170760531,0,0,1.57731538201895e-05,0.000195768178883864,0,6.66685882320657e-05,0,0,NA,NA,NA,NA,NA,NA,NA,NA,NA,NA,NA,NA,NA,NA,NA,NA,NA,NA,NA,NA,NA,NA,NA,NA,NA,NA,NA,NA
"734.817",0.000592545453956945,0.000327552114281679,0,0.000451752949223314,0,0.00067298902229031,0.00033216592697305,0.000427911191955222,0.000336319149454994,0.000232085050854018,0.000268247420761271,0.000723733220573938,0.00032250317634335,0.00051732615091284,0.00048360230604326,0.000421085510304227,0.00079764291407322,0.000633719371457779,0.000378102820508492,0.000644151968783233,0.000984889186129303,0.000555073657476677,0.000941239165774044,0.000401536226889656,NA,NA,NA,NA,NA,NA,NA,NA,NA,NA,NA,NA,NA,NA,NA,NA,NA,NA,NA,NA,NA,NA,NA,NA,NA,NA,NA,NA,NA
"739.563",0.000181956321429101,0,0,0,0,2.23350215427114e-05,0,1.70282108512979e-05,0,0,0,0.000197795621504165,0,0,0,0.000169563037098232,0.000439377876959178,0.000194145727564468,0,4.91347682305896e-05,0,1.74430412681017e-05,0,0,NA,NA,NA,NA,NA,NA,NA,NA,NA,NA,NA,NA,NA,NA,NA,NA,NA,NA,NA,NA,NA,NA,NA,NA,NA,NA,NA,NA,NA
"744.31",0.00051114615761139,0.000915254927294372,0.00046170122876083,0.000435107844184415,0.000527026867071163,0.000388881050154997,0.000312727486104419,0.00038138964374593,0.000125238965311129,0.000429002966907386,0.000531687701009058,0.000527503674735219,8.6953685583656e-05,0.000150748443978085,0.000803513370777158,0,0.000814123148111602,0.000721133987008019,0.000519087443244194,0.000645665669480213,0.000869609995565478,0.000390449047413808,0.000507359718615196,NA,NA,NA,NA,NA,NA,NA,NA,NA,NA,NA,NA,NA,NA,NA,NA,NA,NA,NA,NA,NA,NA,NA,NA,NA,NA,NA,NA,NA,NA
"749.058",0.000187701423343075,0.000134303744772704,0.000234304876671737,8.51925697532501e-05,0,0.000140035773993357,0,0,0.000158267497321323,0,0.000109524266581165,0.000482532867273135,0.000364414242898597,0,0.000171114455146533,0.000239175690779652,0,0.000597177395651391,0,0.000540883608707683,0.000105349653941182,0,0,NA,NA,NA,NA,NA,NA,NA,NA,NA,NA,NA,NA,NA,NA,NA,NA,NA,NA,NA,NA,NA,NA,NA,NA,NA,NA,NA,NA,NA,NA
"753.808",0.000964676583712585,0.00073264228489784,0.000145812740862781,0.000262007259862424,0.000258697661485844,0.000337397690173456,0.000210323441882788,0.00032863180159724,7.85910871941535e-05,0,0.000333718843461574,0.000643827989423954,0.00029613288811807,0.000608667437374479,0.000579421865311244,9.49005919886501e-06,0.000418261702618757,0.000153742781544939,0.000151355623786212,0.000424144937289228,0.000852745559705701,0,NA,NA,NA,NA,NA,NA,NA,NA,NA,NA,NA,NA,NA,NA,NA,NA,NA,NA,NA,NA,NA,NA,NA,NA,NA,NA,NA,NA,NA,NA,NA
"758.558",0,0,6.36688763518714e-06,0.000589318133275864,0,0,0,3.01541220870979e-06,3.85369237387119e-06,8.16367327987172e-05,0.000101442050613221,0,7.75762741464218e-05,0,0.000151564489136894,0,0.000190362014621406,6.07477092790176e-05,0.000190462023812841,2.86921814028512e-05,0,0.000126971729624684,NA,NA,NA,NA,NA,NA,NA,NA,NA,NA,NA,NA,NA,NA,NA,NA,NA,NA,NA,NA,NA,NA,NA,NA,NA,NA,NA,NA,NA,NA,NA
"763.31",0.000725975373401449,0.00035915586435405,0.000568300969629145,0.000168171045271352,0.000555990787508612,0,0.000110597482826034,0.000243145928285739,0.000279468178006803,0.000170631834912959,0,0.000742799362768297,0.000207556373262117,0.000344469693363994,0.000580371591632556,0.00058555156635734,0.000845579456290777,0.00019675618488297,0,0.000288606471779864,0.000468122292881956,NA,NA,NA,NA,NA,NA,NA,NA,NA,NA,NA,NA,NA,NA,NA,NA,NA,NA,NA,NA,NA,NA,NA,NA,NA,NA,NA,NA,NA,NA,NA,NA
"768.062",0.00028517598843854,0.000120215658904014,0,0,3.69329173452589e-05,0,0.000266901324188315,0.000235912172400626,0,0,0,0.000579993825352596,0.000544613564598346,0.000239964644694254,0,0,0.000358800675231556,0.00034850803701864,0.000382458615739422,0,0,NA,NA,NA,NA,NA,NA,NA,NA,NA,NA,NA,NA,NA,NA,NA,NA,NA,NA,NA,NA,NA,NA,NA,NA,NA,NA,NA,NA,NA,NA,NA,NA
"772.815",0,0,0.000758901316607333,0,0,0,0,0,0,0,0,0.000191770611600845,0,7.08683178775077e-05,0,0,0,0.000118601742228347,0.000149244444591251,1.44862259721303e-05,5.43136863971063e-05,NA,NA,NA,NA,NA,NA,NA,NA,NA,NA,NA,NA,NA,NA,NA,NA,NA,NA,NA,NA,NA,NA,NA,NA,NA,NA,NA,NA,NA,NA,NA,NA
"777.57",0.000690412711077442,0.000997351627537829,0.000318403304534851,0.000588796155549481,0.000737680150986633,0,0.00037034294908225,0.000275857154493308,0.000199907364446303,0.000359213455656637,0.000707411987747764,0.0011870228515894,0.000917011095740804,0.000892089727212115,0.000301606998198391,0.000588207433422782,0.000489609579691488,0.00102942262192221,0.00107998155821883,0.000834310796320773,NA,NA,NA,NA,NA,NA,NA,NA,NA,NA,NA,NA,NA,NA,NA,NA,NA,NA,NA,NA,NA,NA,NA,NA,NA,NA,NA,NA,NA,NA,NA,NA,NA
"782.325",0.000424108894298534,0.000968798802357234,0.000412107964040231,0.000791523022386261,0.000470633643185,0.000258164973389028,0.000190437831878186,0.000436768106484811,0.000216751256322077,0.000550971729107073,0.00037345752999952,0.00066676386338896,0.000588973201316845,0.000686361329008703,0.000213517290162083,0.000286184454324058,0,0.00029634388492734,0.000691242276959835,0.000381545249127063,NA,NA,NA,NA,NA,NA,NA,NA,NA,NA,NA,NA,NA,NA,NA,NA,NA,NA,NA,NA,NA,NA,NA,NA,NA,NA,NA,NA,NA,NA,NA,NA,NA
"787.081",0,0,0,0,0,0,0,0,0,0,0,0.000109145176339868,0.000194510245375102,0,0,0,0,0,0,NA,NA,NA,NA,NA,NA,NA,NA,NA,NA,NA,NA,NA,NA,NA,NA,NA,NA,NA,NA,NA,NA,NA,NA,NA,NA,NA,NA,NA,NA,NA,NA,NA,NA
"791.838",0.00118502660553502,0.000520404371419763,0.000348404821469997,0.000655078497671716,0.000374269212767819,0.00100371382049539,0.000480860774815472,7.44810861641198e-05,0.000260313748392675,0.000536796843950057,0.000187565969877096,0.00012318461274245,6.21949638681004e-05,0.000777445464560908,0.000880051325989023,0.00105375476220365,0,0.000287867621169798,0.000622198513979233,NA,NA,NA,NA,NA,NA,NA,NA,NA,NA,NA,NA,NA,NA,NA,NA,NA,NA,NA,NA,NA,NA,NA,NA,NA,NA,NA,NA,NA,NA,NA,NA,NA,NA
"796.596",0.00136997209393164,0.000273569721991255,0.000970739106874367,0.000964927706132661,0.00035700961094107,0.000936302611810497,0.00026672298704239,0.000218571234473392,0.000348266420840543,0.000582031002805596,0,0.000371792975662144,0.000797236358839615,0.000376544528623785,0.000377960930260864,0.000358809601833288,0.000619541356169485,0.000242227037108631,NA,NA,NA,NA,NA,NA,NA,NA,NA,NA,NA,NA,NA,NA,NA,NA,NA,NA,NA,NA,NA,NA,NA,NA,NA,NA,NA,NA,NA,NA,NA,NA,NA,NA,NA
"801.355",0.000216594312922654,0.000618657394966001,4.49600694328552e-06,2.32741721547818e-05,7.51502553597078e-06,0,0,0,4.61158270141483e-05,1.08351877136263e-05,0.000203394481993691,0.000276280504357784,0.000512750827711077,0,0.000208703207259413,0.000632752298743381,0,0,NA,NA,NA,NA,NA,NA,NA,NA,NA,NA,NA,NA,NA,NA,NA,NA,NA,NA,NA,NA,NA,NA,NA,NA,NA,NA,NA,NA,NA,NA,NA,NA,NA,NA,NA
"806.114",0,0.000658338929025794,3.60370022140176e-05,0.000452238655070446,0,0,0,0,0,0.000332289939703754,0,0.000321466846085742,0,0.000209567022027083,0.000359628631364493,0,0,NA,NA,NA,NA,NA,NA,NA,NA,NA,NA,NA,NA,NA,NA,NA,NA,NA,NA,NA,NA,NA,NA,NA,NA,NA,NA,NA,NA,NA,NA,NA,NA,NA,NA,NA,NA
"810.875",0.000614050056155509,0.00018490286725971,0,0,0,0,0,7.48143940538907e-05,0,0,0,0,0,0,0,0,0,NA,NA,NA,NA,NA,NA,NA,NA,NA,NA,NA,NA,NA,NA,NA,NA,NA,NA,NA,NA,NA,NA,NA,NA,NA,NA,NA,NA,NA,NA,NA,NA,NA,NA,NA,NA
"815.635",0,0.000460285121814528,0,0,0.000150440250448375,6.56877869209262e-05,0,0,7.29440223282518e-05,0,0.000189402625285678,0.000352170054088058,0,0.000410900387107741,0.000222020157409452,8.85458037157025e-05,NA,NA,NA,NA,NA,NA,NA,NA,NA,NA,NA,NA,NA,NA,NA,NA,NA,NA,NA,NA,NA,NA,NA,NA,NA,NA,NA,NA,NA,NA,NA,NA,NA,NA,NA,NA,NA
"820.397",0,0,0.000790225019472789,0,0.000372867412653356,0.000179879135884548,0,0,0.000279872385415509,0,0,0,0.000242896474405634,0,0,8.72728314813341e-05,NA,NA,NA,NA,NA,NA,NA,NA,NA,NA,NA,NA,NA,NA,NA,NA,NA,NA,NA,NA,NA,NA,NA,NA,NA,NA,NA,NA,NA,NA,NA,NA,NA,NA,NA,NA,NA
"825.159",0.000127491349247796,6.78124147760527e-05,0.000479863566026859,5.1309640422905e-05,7.27606380321601e-05,0.000544353348555014,0.000435099159445525,6.76095291634492e-05,9.01588877642145e-05,0.000122136668725246,0.000427683793845121,3.33477977707126e-05,0.000541464767177208,0.000569282903147017,0.000153889036349456,NA,NA,NA,NA,NA,NA,NA,NA,NA,NA,NA,NA,NA,NA,NA,NA,NA,NA,NA,NA,NA,NA,NA,NA,NA,NA,NA,NA,NA,NA,NA,NA,NA,NA,NA,NA,NA,NA
