id_number,long_name,tank_number,treatment,inflow_table,date_time,date,time,sample,npoc_mg_l,tn_mg_l,npoc_u_m,tn_u_m,npoc_u_m_norm,inflow
MOBEAST001,MOBEAST_F1_Inflow_2024-06-02_1200,F1,Inflow,Table 1,2024-06-02 12:00:00,2024-06-02,12:00:00,F1_IN 06/02/24 12:00,1.66663333333333,0.164198333333333,138.7623813211,11.7228421636312,0,138.7623813211
MOBEAST002,MOBEAST_F2_Inflow_2024-06-02_1200,F2,Inflow,Table 2,2024-06-02 12:00:00,2024-06-02,12:00:00,F2_IN 06/02/24 12:00,1.75463333333333,0.167808333333333,146.089181590859,11.9805759624561,0,146.089181590859
MOBEAST003,MOBEAST_T1_A_2024-06-02_1200,T1,Algae,Table 1,2024-06-02 12:00:00,2024-06-02,12:00:00,T1 06/02/24 12:00,2.58863333333333,0.211058333333333,215.527265965625,15.0683839400668,76.76488464452498,138.7623813211
MOBEAST004,MOBEAST_T2_R_2024-06-02_1200,T2,CCA,Table 2,2024-06-02 12:00:00,2024-06-02,12:00:00,T2 06/02/24 12:00,1.91463333333333,0.200058333333333,159.410636626786,14.2830454948941,13.321455035926988,146.089181590859
MOBEAST005,MOBEAST_T3_C_2024-06-02_1200,T3,Control,Table 2,2024-06-02 12:00:00,2024-06-02,12:00:00,T3 06/02/24 12:00,2.49463333333333,0.360358333333333,207.700911132018,25.7275684731831,61.61172954115901,146.089181590859
MOBEAST006,MOBEAST_T4_A_2024-06-02_1200,T4,Algae,Table 2,2024-06-02 12:00:00,2024-06-02,12:00:00,T4 06/02/24 12:00,3.10263333333333,0.202858333333333,258.322440268538,14.4829498263926,112.233258677679,146.089181590859
MOBEAST007,MOBEAST_T5_R_2024-06-02_1200,T5,CCA,Table 2,2024-06-02 12:00:00,2024-06-02,12:00:00,T5 06/02/24 12:00,1.70763333333333,0.186058333333333,142.176004174056,13.2835238374016,-3.913177416802995,146.089181590859
MOBEAST008,MOBEAST_T6_K_2024-06-02_1200,T6,Coral,Table 2,2024-06-02 12:00:00,2024-06-02,12:00:00,T6 06/02/24 12:00,2.20963333333333,0.270758333333333,183.972069349275,19.3306298652312,37.88288775841599,146.089181590859
MOBEAST009,MOBEAST_T7_K_2024-06-02_1200,T7,Coral,Table 2,2024-06-02 12:00:00,2024-06-02,12:00:00,T7 06/02/24 12:00,1.76663333333333,0.194358333333333,147.088290718554,13.8760973914865,0.999109127694993,146.089181590859
MOBEAST010,MOBEAST_T8_C_2024-06-02_1200,T8,Control,Table 1,2024-06-02 12:00:00,2024-06-02,12:00:00,T8 06/02/24 12:00,1.65063333333333,0.189458333333333,137.430235817507,13.5262648113641,-1.3321455035930114,138.7623813211
MOBEAST011,MOBEAST_T9_K_2024-06-02_1200,T9,Coral,Table 1,2024-06-02 12:00:00,2024-06-02,12:00:00,T9 06/02/24 12:00,1.73963333333333,0.175988333333333,144.840295181241,12.5645821880481,6.077913860140995,138.7623813211
MOBEAST012,MOBEAST_T10_R_2024-06-02_1200,T10,CCA,Table 1,2024-06-02 12:00:00,2024-06-02,12:00:00,T10 06/02/24 12:00,2.19463333333333,0.319158333333333,182.723182939657,22.7861190239909,43.960801618556985,138.7623813211
MOBEAST013,MOBEAST_T11_C_2024-06-02_1200,T11,Control,Table 1,2024-06-02 12:00:00,2024-06-02,12:00:00,T11 06/02/24 12:00,1.54563333333333,0.195558333333333,128.688030950181,13.9617706764144,-10.074350370919007,138.7623813211
MOBEAST014,MOBEAST_T12_R_2024-06-02_1200,T12,CCA,Table 1,2024-06-02 12:00:00,2024-06-02,12:00:00,T12 06/02/24 12:00,1.83163333333333,0.242258333333333,152.500131826899,17.2958893481929,13.737750505799,138.7623813211
MOBEAST015,MOBEAST_T13_A_2024-06-02_1200,T13,Algae,Table 1,2024-06-02 12:00:00,2024-06-02,12:00:00,T13 06/02/24 12:00,1.77763333333333,0.195558333333333,148.004140752274,13.9617706764144,9.241759431173989,138.7623813211
MOBEAST016,MOBEAST_T14_A_2024-06-02_1200,T14,Algae,Table 1,2024-06-02 12:00:00,2024-06-02,12:00:00,T14 06/02/24 12:00,1.6704,0.15784,139.075990575071,11.2688927441867,0.3136092539709807,138.7623813211
MOBEAST017,MOBEAST_T15_C_2024-06-02_1200,T15,Control,Table 1,2024-06-02 12:00:00,2024-06-02,12:00:00,T15 06/02/24 12:00,1.5954,0.1594,132.83155852698,11.380268014593,-5.930822794120019,138.7623813211
MOBEAST018,MOBEAST_T16_K_2024-06-02_1200,T16,Coral,Table 1,2024-06-02 12:00:00,2024-06-02,12:00:00,T16 06/02/24 12:00,1.6824,0.17692,140.075099702765,12.6310979745408,1.312718381664979,138.7623813211
MOBEAST019,MOBEAST_F1_Inflow_2024-06-02_1800,F1,Inflow,Table 1,2024-06-02 18:00:00,2024-06-02,18:00:00,F1_IN 06/02/24 18:00,1.3574,0.22562,113.01589416104,16.1080054545325,0,113.01589416104
MOBEAST020,MOBEAST_F2_Inflow_2024-06-02_1800,F2,Inflow,Table 2,2024-06-02 18:00:00,2024-06-02,18:00:00,F2_IN 06/02/24 18:00,1.2484,0.15196,103.940652917815,10.8490936480399,0,103.940652917815
MOBEAST021,MOBEAST_T1_A_2024-06-02_1800,T1,Algae,Table 1,2024-06-02 18:00:00,2024-06-02,18:00:00,T1 06/02/24 18:00,1.4204,0.15567,118.261217081436,11.1139668872754,5.245322920396006,113.01589416104
MOBEAST022,MOBEAST_T2_R_2024-06-02_1800,T2,CCA,Table 2,2024-06-02 18:00:00,2024-06-02,18:00:00,T2 06/02/24 18:00,1.2714,0.15449,105.855612079229,11.0297214904296,1.9149591614140036,103.940652917815
MOBEAST023,MOBEAST_T3_C_2024-06-02_1800,T3,Control,Table 2,2024-06-02 18:00:00,2024-06-02,18:00:00,T3 06/02/24 18:00,1.2044,0.16682,100.277252782935,11.910014493064,-3.663400134880007,103.940652917815
MOBEAST024,MOBEAST_T4_A_2024-06-02_1800,T4,Algae,Table 2,2024-06-02 18:00:00,2024-06-02,18:00:00,T4 06/02/24 18:00,1.5374,0.15008,128.002531076457,10.7148721683194,24.06187815864199,103.940652917815
MOBEAST025,MOBEAST_T5_R_2024-06-02_1800,T5,CCA,Table 2,2024-06-02 18:00:00,2024-06-02,18:00:00,T5 06/02/24 18:00,1.2934,0.15911,107.687312146669,11.3595636374021,3.746659228854,103.940652917815
MOBEAST026,MOBEAST_T6_K_2024-06-02_1800,T6,Coral,Table 2,2024-06-02 18:00:00,2024-06-02,18:00:00,T6 06/02/24 18:00,1.5464,0.22192,128.751862922228,15.843846159338,24.811210004413013,103.940652917815
MOBEAST027,MOBEAST_T7_K_2024-06-02_1800,T7,Coral,Table 2,2024-06-02 18:00:00,2024-06-02,18:00:00,T7 06/02/24 18:00,1.3214,0.16377,110.018566777956,11.6922615605389,6.077913860140995,103.940652917815
MOBEAST028,MOBEAST_T8_C_2024-06-02_1800,T8,Control,Table 1,2024-06-02 18:00:00,2024-06-02,18:00:00,T8 06/02/24 18:00,5.1504,0.16905,428.817637606468,12.0692240142218,315.801743445428,113.01589416104
MOBEAST029,MOBEAST_T9_K_2024-06-02_1800,T9,Coral,Table 1,2024-06-02 18:00:00,2024-06-02,18:00:00,T9 06/02/24 18:00,1.6884,0.31972,140.574654266612,22.8262188809641,27.55876010557199,113.01589416104
MOBEAST030,MOBEAST_T10_R_2024-06-02_1800,T10,CCA,Table 1,2024-06-02 18:00:00,2024-06-02,18:00:00,T10 06/02/24 18:00,1.4824,0.24722,123.423280907857,17.6501245832352,10.40738674681701,113.01589416104
MOBEAST031,MOBEAST_T11_C_2024-06-02_1800,T11,Control,Table 1,2024-06-02 18:00:00,2024-06-02,18:00:00,T11 06/02/24 18:00,4.6584,0.23022,387.854163370994,16.4364197134229,274.838269209954,113.01589416104
MOBEAST032,MOBEAST_T12_R_2024-06-02_1800,T12,CCA,Table 1,2024-06-02 18:00:00,2024-06-02,18:00:00,T12 06/02/24 18:00,1.4794,0.21692,123.173503625934,15.486874138805,10.157609464894009,113.01589416104
MOBEAST033,MOBEAST_T13_A_2024-06-02_1800,T13,Algae,Table 1,2024-06-02 18:00:00,2024-06-02,18:00:00,T13 06/02/24 18:00,1.5764,0.21842,131.249635741464,15.5939657449649,18.23374158042401,113.01589416104
MOBEAST034,MOBEAST_T14_A_2024-06-02_1800,T14,Algae,Table 1,2024-06-02 18:00:00,2024-06-02,18:00:00,T14 06/02/24 18:00,1.2354,0.16451,102.858284696146,11.7450934195778,-10.157609464893994,113.01589416104
MOBEAST035,MOBEAST_T15_C_2024-06-02_1800,T15,Control,Table 1,2024-06-02 18:00:00,2024-06-02,18:00:00,T15 06/02/24 18:00,1.5494,0.25382,129.001640204151,18.1213276503388,15.985746043110993,113.01589416104
MOBEAST036,MOBEAST_T16_K_2024-06-02_1800,T16,Coral,Table 1,2024-06-02 18:00:00,2024-06-02,18:00:00,T16 06/02/24 18:00,1.6134,0.28202,134.330222218522,20.1346498461451,21.314328057482015,113.01589416104
MOBEAST037,MOBEAST_F1_Inflow_2024-06-03_0000,F1,Inflow,Table 1,2024-06-03,2024-06-03,00:00:00,F1_IN 06/03/24 0:00,3.8264,0.16384,318.582597184177,11.6972591688263,0,318.582597184177
MOBEAST038,MOBEAST_F2_Inflow_2024-06-03_0000,F2,Inflow,Table 2,2024-06-03,2024-06-03,00:00:00,F2_IN 06/03/24 0:00,3.8684,0.15447,322.079479131108,11.0282936023474,0,322.079479131108
MOBEAST039,MOBEAST_T1_A_2024-06-03_0000,T1,Algae,Table 1,2024-06-03,2024-06-03,00:00:00,T1 06/03/24 0:00,1.8994,0.28342,158.14232309524,20.2346020118943,-160.44027408893703,318.582597184177
MOBEAST040,MOBEAST_T2_R_2024-06-03_0000,T2,CCA,Table 2,2024-06-03,2024-06-03,00:00:00,T2 06/03/24 0:00,4.2644,0.1692,355.050080345026,12.0799331748378,32.97060121391803,322.079479131108
MOBEAST041,MOBEAST_T3_C_2024-06-03_0000,T3,Control,Table 2,2024-06-03,2024-06-03,00:00:00,T3 06/03/24 0:00,4.0454,0.18142,336.816338764602,12.9523727930205,14.73685963349402,322.079479131108
MOBEAST042,MOBEAST_T4_A_2024-06-03_0000,T4,Algae,Table 2,2024-06-03,2024-06-03,00:00:00,T4 06/03/24 0:00,1.3054,0.1425,108.686421274364,10.1737025851914,-213.39305785674398,322.079479131108
MOBEAST043,MOBEAST_T5_R_2024-06-03_0000,T5,CCA,Table 2,2024-06-03,2024-06-03,00:00:00,T5 06/03/24 0:00,3.7404,0.15831,311.422315102367,11.3024481141168,-10.657164028740965,322.079479131108
MOBEAST044,MOBEAST_T6_K_2024-06-03_0000,T6,Coral,Table 2,2024-06-03,2024-06-03,00:00:00,T6 06/03/24 0:00,1.1394,0.14535,94.8654116745902,10.3771766368952,-227.21406745651777,322.079479131108
MOBEAST045,MOBEAST_T7_K_2024-06-03_0000,T7,Coral,Table 2,2024-06-03,2024-06-03,00:00:00,T7 06/03/24 0:00,1.1094,0.14185,92.367638855354,10.1272962225221,-229.71184027575396,322.079479131108
MOBEAST046,MOBEAST_T8_C_2024-06-03_0000,T8,Control,Table 1,2024-06-03,2024-06-03,00:00:00,T8 06/03/24 0:00,1.0304,0.14229,85.7901704313654,10.158709760329,-232.79242675281162,318.582597184177
MOBEAST047,MOBEAST_T9_K_2024-06-03_0000,T9,Coral,Table 1,2024-06-03,2024-06-03,00:00:00,T9 06/03/24 0:00,1.0664,0.14926,88.7874978144488,10.656328756952,-229.79509936972823,318.582597184177
MOBEAST048,MOBEAST_T10_R_2024-06-03_0000,T10,CCA,Table 1,2024-06-03,2024-06-03,00:00:00,T10 06/03/24 0:00,1.0434,0.15175,86.8725386530344,10.8341008231775,-231.71005853114264,318.582597184177
MOBEAST049,MOBEAST_T11_C_2024-06-03_0000,T11,Control,Table 1,2024-06-03,2024-06-03,00:00:00,T11 06/03/24 0:00,0.9794,0.14112,81.5439566386639,10.0751783075243,-237.03864054551312,318.582597184177
MOBEAST050,MOBEAST_T12_R_2024-06-03_0000,T12,CCA,Table 1,2024-06-03,2024-06-03,00:00:00,T12 06/03/24 0:00,1.0054,0.14217,83.7086930820019,10.1501424318362,-234.87390410217512,318.582597184177
MOBEAST051,MOBEAST_T13_A_2024-06-03_0000,T13,Algae,Table 1,2024-06-03,2024-06-03,00:00:00,T13 06/03/24 0:00,4.3504,0.158,362.210362426836,11.2803158488438,43.627765242658995,318.582597184177
MOBEAST052,MOBEAST_T14_A_2024-06-03_0000,T14,Algae,Table 1,2024-06-03,2024-06-03,00:00:00,T14 06/03/24 0:00,1.1954,0.13785,99.5279209371644,9.84171860609565,-219.05467624701262,318.582597184177
MOBEAST053,MOBEAST_T15_C_2024-06-03_0000,T15,Control,Table 1,2024-06-03,2024-06-03,00:00:00,T15 06/03/24 0:00,1.1184,0.1698,93.1169707011248,12.1227698173017,-225.46562648305223,318.582597184177
MOBEAST054,MOBEAST_T16_K_2024-06-03_0000,T16,Coral,Table 1,2024-06-03,2024-06-03,00:00:00,T16 06/03/24 0:00,1.0744,0.15475,89.4535705662451,11.0482840354973,-229.1290266179319,318.582597184177
MOBEAST055,MOBEAST_F1_Inflow_2024-06-03_0600,F1,Inflow,Table 1,2024-06-03 06:00:00,2024-06-03,06:00:00,F1_IN 06/03/24 6:00,0.9016,0.14153,75.0663991274447,10.104450013208,0,75.0663991274447
MOBEAST056,MOBEAST_F2_Inflow_2024-06-03_0600,F2,Inflow,Table 2,2024-06-03 06:00:00,2024-06-03,06:00:00,NA,NA,NA,NA,NA,NA,75.0663991274447
MOBEAST057,MOBEAST_T1_A_2024-06-03_0600,T1,Algae,Table 1,2024-06-03 06:00:00,2024-06-03,06:00:00,T1 06/03/24 6:00,1.0154,0.14082,84.5412840217473,10.0537599862923,9.474884894302605,75.0663991274447
MOBEAST058,MOBEAST_T2_R_2024-06-03_0600,T2,CCA,Table 2,2024-06-03 06:00:00,2024-06-03,06:00:00,T2 06/03/24 6:00,0.9534,0.13379,79.3792201953258,9.55185732542283,4.312821067881103,75.0663991274447
MOBEAST059,MOBEAST_T3_C_2024-06-03_0600,T3,Control,Table 2,2024-06-03 06:00:00,2024-06-03,06:00:00,T3 06/03/24 6:00,0.8591,0.14462,71.5278876335268,10.3250587218974,-3.5385114939178948,75.0663991274447
MOBEAST060,MOBEAST_T4_A_2024-06-03_0600,T4,Algae,Table 2,2024-06-03 06:00:00,2024-06-03,06:00:00,T4 06/03/24 6:00,1.5814,0.19512,131.665931211337,13.930476129281,56.59953208389231,75.0663991274447
MOBEAST061,MOBEAST_T5_R_2024-06-03_0600,T5,CCA,Table 2,2024-06-03 06:00:00,2024-06-03,06:00:00,T5 06/03/24 6:00,0.9028,0.15136,75.1663100402142,10.8062570055759,0.09991091276950215,75.0663991274447
MOBEAST062,MOBEAST_T6_K_2024-06-03_0600,T6,Coral,Table 2,2024-06-03 06:00:00,2024-06-03,06:00:00,T6 06/03/24 6:00,1.0014,0.17842,83.3756567061037,12.7381895807007,8.309257578659,75.0663991274447
MOBEAST063,MOBEAST_T7_K_2024-06-03_0600,T7,Coral,Table 2,2024-06-03 06:00:00,2024-06-03,06:00:00,T7 06/03/24 6:00,1.1904,0.18102,99.1116254672917,12.9238150313778,24.045226339847005,75.0663991274447
MOBEAST064,MOBEAST_T8_C_2024-06-03_0600,T8,Control,Table 1,2024-06-03 06:00:00,2024-06-03,06:00:00,T8 06/03/24 6:00,0.98725,0.16429,82.197540526364,11.7293866506743,7.131141398919297,75.0663991274447
MOBEAST065,MOBEAST_T9_K_2024-06-03_0600,T9,Coral,Table 1,2024-06-03 06:00:00,2024-06-03,06:00:00,T9 06/03/24 6:00,1.81005,0.2532,150.703123048615,18.0770631197927,75.6367239211703,75.0663991274447
MOBEAST066,MOBEAST_T10_R_2024-06-03_0600,T10,CCA,Table 1,2024-06-03 06:00:00,2024-06-03,06:00:00,T10 06/03/24 6:00,1.81005,0.3016,150.703123048615,21.5325522785524,75.6367239211703,75.0663991274447
MOBEAST067,MOBEAST_T11_C_2024-06-03_0600,T11,Control,Table 1,2024-06-03 06:00:00,2024-06-03,06:00:00,T11 06/03/24 6:00,1.04505,1.1192,87.0099161580924,79.9046170761136,11.943517030647698,75.0663991274447
MOBEAST068,MOBEAST_T12_R_2024-06-03_0600,T12,CCA,Table 1,2024-06-03 06:00:00,2024-06-03,06:00:00,NA,NA,NA,NA,NA,NA,75.0663991274447
MOBEAST069,MOBEAST_T13_A_2024-06-03_0600,T13,Algae,Table 1,2024-06-03 06:00:00,2024-06-03,06:00:00,T13 06/03/24 6:00,1.40505,0.1728,116.983189988927,12.3369530296215,41.9167908614823,75.0663991274447
MOBEAST070,MOBEAST_T14_A_2024-06-03_0600,T14,Algae,Table 1,2024-06-03 06:00:00,2024-06-03,06:00:00,T14 06/03/24 6:00,1.52805,0.2174,127.224058547795,15.521143452776199,52.1576594203503,75.0663991274447
MOBEAST071,MOBEAST_T15_C_2024-06-03_0600,T15,Control,Table 1,2024-06-03 06:00:00,2024-06-03,06:00:00,T15 06/03/24 6:00,1.83905,0.2247,153.117636773877,16.0423226027544,78.0512376464323,75.0663991274447
MOBEAST072,MOBEAST_T16_K_2024-06-03_0600,T16,Coral,Table 1,2024-06-03 06:00:00,2024-06-03,06:00:00,T16 06/03/24 6:00,1.09605,0.16031,91.2561299507939,11.44523692233,16.18973082334921,75.0663991274447
MOBEAST073,MOBEAST_F1_Inflow_2024-06-04_1200,F1,Inflow,Table 1,2024-06-04 12:00:00,2024-06-04,12:00:00,F1 06/04/24 12:00,1.07305,0.14723,89.3411707893795,10.5113981166156,0,89.3411707893795
MOBEAST074,MOBEAST_F2_Inflow_2024-06-04_1200,F2,Inflow,Table 2,2024-06-04 12:00:00,2024-06-04,12:00:00,F2_IN 06/04/24 12:00,1.10705,0.14594,92.1719799845138,10.4192993353181,0,92.1719799845138
MOBEAST075,MOBEAST_T1_A_2024-06-04_1200,T1,Algae,Table 1,2024-06-04 12:00:00,2024-06-04,12:00:00,T1 06/04/24 12:00,1.16905,0.14878,97.3340438109352,10.6220594429809,7.992873021555695,89.3411707893795
MOBEAST076,MOBEAST_T2_R_2024-06-04_1200,T2,CCA,Table 2,2024-06-04 12:00:00,2024-06-04,12:00:00,T2 06/04/24 12:00,1.21105,0.1496,100.830925757866,10.6806028543483,8.658945773352201,92.1719799845138
MOBEAST077,MOBEAST_T3_C_2024-06-04_1200,T3,Control,Table 2,2024-06-04 12:00:00,2024-06-04,12:00:00,T3 06/04/24 12:00,1.04605,0.1391,87.0931752520669,9.93096161122891,-5.078804732446898,92.1719799845138
MOBEAST078,MOBEAST_T4_A_2024-06-04_1200,T4,Algae,Table 2,2024-06-04 12:00:00,2024-06-04,12:00:00,T4 06/04/24 12:00,1.24605,0.14615,103.744994046975,10.4342921601805,11.573014062461198,92.1719799845138
MOBEAST079,MOBEAST_T5_R_2024-06-04_1200,T5,CCA,Table 2,2024-06-04 12:00:00,2024-06-04,12:00:00,T5 06/04/24 12:00,1.09105,0.14556,90.8398344809212,10.3921694617576,-1.3321455035925993,92.1719799845138
MOBEAST080,MOBEAST_T6_K_2024-06-04_1200,T6,Coral,Table 2,2024-06-04 12:00:00,2024-06-04,12:00:00,T6 06/04/24 12:00,1.15105,0.15158,95.8353801193935,10.8219637744794,3.6634001348797085,92.1719799845138
MOBEAST081,MOBEAST_T7_K_2024-06-04_1200,T7,Coral,Table 2,2024-06-04 12:00:00,2024-06-04,12:00:00,T7 06/04/24 12:00,1.14205,0.1446,95.0860482736227,10.3236308338152,2.914068289108897,92.1719799845138
MOBEAST082,MOBEAST_T8_C_2024-06-04_1200,T8,Control,Table 1,2024-06-04 12:00:00,2024-06-04,12:00:00,T8 06/04/24 12:00,1.14005,0.14449,94.9195300856736,10.3157774493635,5.578359296294096,89.3411707893795
MOBEAST083,MOBEAST_T9_K_2024-06-04_1200,T9,Coral,Table 1,2024-06-04 12:00:00,2024-06-04,12:00:00,T9 06/04/24 12:00,1.15405,0.14186000000000001,96.0851574013171,10.1280101665631,6.743986611937601,89.3411707893795
MOBEAST084,MOBEAST_T10_R_2024-06-04_1200,T10,CCA,Table 1,2024-06-04 12:00:00,2024-06-04,12:00:00,T10 06/04/24 12:00,1.11705,0.14458,93.0045709242592,10.3222029457331,3.6634001348796943,89.3411707893795
MOBEAST085,MOBEAST_T11_C_2024-06-04_1200,T11,Control,Table 1,2024-06-04 12:00:00,2024-06-04,12:00:00,T11 06/04/24 12:00,1.06105,0.1459,88.342061661685,10.4164435591538,-0.9991091276945099,89.3411707893795
MOBEAST086,MOBEAST_T12_R_2024-06-04_1200,T12,CCA,Table 1,2024-06-04 12:00:00,2024-06-04,12:00:00,T12 06/04/24 12:00,1.11505,0.14542,92.8380527363101,10.3821742451827,3.4968819469306,89.3411707893795
MOBEAST087,MOBEAST_T13_A_2024-06-04_1200,T13,Algae,Table 1,2024-06-04 12:00:00,2024-06-04,12:00:00,T13 06/04/24 12:00,1.44605,0.15301,120.396812841883,10.9240577723518,31.0556420525035,89.3411707893795
MOBEAST088,MOBEAST_T14_A_2024-06-04_1200,T14,Algae,Table 1,2024-06-04 12:00:00,2024-06-04,12:00:00,T14 06/04/24 12:00,1.25505,0.1429,104.494325892746,10.202260346834,15.153155103366501,89.3411707893795
MOBEAST089,MOBEAST_T15_C_2024-06-04_1200,T15,Control,Table 1,2024-06-04 12:00:00,2024-06-04,12:00:00,T15 06/04/24 12:00,1.08005,0.14916,89.9239844472012,10.649189316541401,0.5828136578217027,89.3411707893795
MOBEAST090,MOBEAST_T16_K_2024-06-04_1200,T16,Coral,Table 1,2024-06-04 12:00:00,2024-06-04,12:00:00,T16 06/04/24 12:00,1.11805,0.14529,93.0878300182338,10.3728929726488,3.7466592288542984,89.3411707893795
MOBEAST091,MOBEAST_F1_Inflow_2024-06-06_1200,F1,Inflow,Table 1,2024-06-06 12:00:00,2024-06-06,12:00:00,F1_IN 06/06/24 12:00,1.87005,0.17141,155.698668687087,12.2377148079134,0,155.698668687087
MOBEAST092,MOBEAST_F2_Inflow_2024-06-06_1200,F2,Inflow,Table 2,2024-06-06 12:00:00,2024-06-06,12:00:00,F2_IN 06/06/24 12:00,1.97605,0.1784,164.524132648389,12.7367616926185,0,164.524132648389
MOBEAST093,MOBEAST_T1_A_2024-06-06_1200,T1,Algae,Table 1,2024-06-06 12:00:00,2024-06-06,12:00:00,T1 06/06/24 12:00,2.01605,0.1951,167.85449640737,13.9290482411989,12.155827720282986,155.698668687087
MOBEAST094,MOBEAST_T2_R_2024-06-06_1200,T2,CCA,Table 2,2024-06-06 12:00:00,2024-06-06,12:00:00,T2 06/06/24 12:00,2.54805,0.6732,212.148334401825,48.0627128445672,47.62420175343598,164.524132648389
MOBEAST095,MOBEAST_T3_C_2024-06-06_1200,T3,Control,Table 2,2024-06-06 12:00:00,2024-06-06,12:00:00,T3 06/06/24 12:00,1.60205,0.16037,133.385231501911,11.4495205865764,-31.13890114647802,164.524132648389
MOBEAST096,MOBEAST_T4_A_2024-06-06_1200,T4,Algae,Table 2,2024-06-06 12:00:00,2024-06-06,12:00:00,T4 06/06/24 12:00,1.87205,0.1809,155.865186875036,12.9152477028851,-8.658945773353025,164.524132648389
MOBEAST097,MOBEAST_T5_R_2024-06-06_1200,T5,CCA,Table 2,2024-06-06 12:00:00,2024-06-06,12:00:00,T5 06/06/24 12:00,2.44205,0.6728,203.322870440524,48.0341550829246,38.798737792135,164.524132648389
MOBEAST098,MOBEAST_T6_K_2024-06-06_1200,T6,Coral,Table 2,2024-06-06 12:00:00,2024-06-06,12:00:00,T6 06/06/24 12:00,1.86005,0.16493,154.866077747342,11.7750790693026,-9.658054901047024,164.524132648389
MOBEAST099,MOBEAST_T7_K_2024-06-06_1200,T7,Coral,Table 2,2024-06-06 12:00:00,2024-06-06,12:00:00,T7 06/06/24 12:00,1.92505,0.1651,160.277918855687,11.7872161180007,-4.246213792702008,164.524132648389
MOBEAST100,MOBEAST_T8_C_2024-06-06_1200,T8,Control,Table 1,2024-06-06 12:00:00,2024-06-06,12:00:00,T8 06/06/24 12:00,1.92605,0.228,160.361177949662,16.2779241363062,4.662509262574986,155.698668687087
MOBEAST101,MOBEAST_T9_K_2024-06-06_1200,T9,Coral,Table 1,2024-06-06 12:00:00,2024-06-06,12:00:00,T9 06/06/24 12:00,2.03505,0.1925,169.436419192886,13.7434227905217,13.737750505799,155.698668687087
MOBEAST102,MOBEAST_T10_R_2024-06-06_1200,T10,CCA,Table 1,2024-06-06 12:00:00,2024-06-06,12:00:00,T10 06/06/24 12:00,1.77605,0.1573,147.872313853481,11.2303397659691,-7.826354833606018,155.698668687087
MOBEAST103,MOBEAST_T11_C_2024-06-06_1200,T11,Control,Table 1,2024-06-06 12:00:00,2024-06-06,12:00:00,T11 06/06/24 12:00,2.00005,0.2388,166.522350903777,17.0489837006575,10.823682216690003,155.698668687087
MOBEAST104,MOBEAST_T12_R_2024-06-06_1200,T12,CCA,Table 1,2024-06-06 12:00:00,2024-06-06,12:00:00,T12 06/06/24 12:00,1.76405,0.16299,146.873204725786,11.6365739253357,-8.825463961301011,155.698668687087
MOBEAST105,MOBEAST_T13_A_2024-06-06_1200,T13,Algae,Table 1,2024-06-06 12:00:00,2024-06-06,12:00:00,T13 06/06/24 12:00,1.85805,0.1776,154.699559559393,12.6796461693332,-0.9991091276939983,155.698668687087
MOBEAST106,MOBEAST_T14_A_2024-06-06_1200,T14,Algae,Table 1,2024-06-06 12:00:00,2024-06-06,12:00:00,T14 06/06/24 12:00,2.09305,0.4273,174.26544664341,30.5068288747528,18.566777956322994,155.698668687087
MOBEAST107,MOBEAST_T15_C_2024-06-06_1200,T15,Control,Table 1,2024-06-06 12:00:00,2024-06-06,12:00:00,T15 06/06/24 12:00,1.86305,0.16441,155.115855029266,11.7379539791671,-0.5828136578210206,155.698668687087
MOBEAST108,MOBEAST_T16_K_2024-06-06_1200,T16,Coral,Table 1,2024-06-06 12:00:00,2024-06-06,12:00:00,T16 06/06/24 12:00,1.86905,0.179,155.615409593113,12.7795983350825,-0.08325909397402143,155.698668687087
