id_number,long_name,tank_number,treatment,date,time,date_time,coble_a,coble_b,coble_c,coble_m,coble_t,m_to_c,bix,hix,fpeak,fi,lignin,sample_type
MOBEAST001,MOBEAST_F1_Inflow_2024-06-02_1200,F1,Inflow,2024-06-02,12:00:00,2024-06-02 12:00:00,0.00853447977615506,0.0486708207755194,0.00527138334795566,0.0100632119825517,0.0560012824498741,0.523827119720381,0.6731170747591,0.403136920662016,0.0311201822058794,1.8435321240008,0.045838590706895,Inflow
MOBEAST002,MOBEAST_F2_Inflow_2024-06-02_1200,F2,Inflow,2024-06-02,12:00:00,2024-06-02 12:00:00,0.00714406465721162,0.0386090829843418,0.0035346280335598,0.00829575542638538,0.0486005700587079,0.426076692463426,0.504732040305598,0.410151375044197,0.0356020965202666,1.59020197286869,0.0222023074347949,Inflow
MOBEAST003,MOBEAST_T1_A_2024-06-02_1200,T1,Algae,2024-06-02,12:00:00,2024-06-02 12:00:00,0.0220176662634898,0.0678531588116172,0.0219093721011687,0.0258833217124717,0.0824940881681683,0.846466784462671,0.789836982968776,0.750071359436272,0.033533544792945,1.6403347247674,0.0657295178843358,Algae
MOBEAST004,MOBEAST_T2_R_2024-06-02_1200,T2,Rubble,2024-06-02,12:00:00,2024-06-02 12:00:00,0.00830268721292771,0.0495129601850767,0.00810568371139948,0.0112009294287335,0.0464802341480124,0.723661707090676,0.623118700069342,0.519119231285919,0.017656132865053,1.99337550677921,0.0118461646779671,Rubble
MOBEAST005,MOBEAST_T3_C_2024-06-02_1200,T3,Control,2024-06-02,12:00:00,2024-06-02 12:00:00,0.00669604836955613,0.0738940509924444,0.00585434493565206,0.0101728636907881,0.0821615539097586,0.575486422859805,1.04774754070578,0.257161768669714,0.0358451535408891,2.06276625464932,0.0590873668425802,Control
MOBEAST006,MOBEAST_T4_A_2024-06-02_1200,T4,Algae,2024-06-02,12:00:00,2024-06-02 12:00:00,0.0116062673467997,0.0497155458912274,0.0107713771411973,0.0131371632353457,0.0554571313831756,0.819916518371092,0.700776730184215,0.519895191089651,0.0371130699600357,1.53329445553414,0,Algae
MOBEAST007,MOBEAST_T5_R_2024-06-02_1200,T5,Rubble,2024-06-02,12:00:00,2024-06-02 12:00:00,0.00717105420229528,0.0842049843998443,0.00519902281090358,0.00798038807665228,0.0468113907268575,0.65147493592624,0.809934654402416,0.394668593569803,0.0727621058419829,1.64077425570003,0.0332114083848893,Rubble
MOBEAST008,MOBEAST_T6_K_2024-06-02_1200,T6,Coral,2024-06-02,12:00:00,2024-06-02 12:00:00,0.00883950132834377,0.0902454398599073,0.00607299841421672,0.0141383098194434,0.112401389649781,0.429542038035195,1.10544232504663,0.263913512225075,0.00508427941616261,2.19204824425479,0.0314583355953983,Coral
MOBEAST009,MOBEAST_T7_K_2024-06-02_1200,T7,Coral,2024-06-02,12:00:00,2024-06-02 12:00:00,0.00615935701827658,0.0582300073973647,0.00463336603630153,0.0086108509646838,0.0618829090824658,0.538084569725412,0.944571048401857,0.411622748767734,0.075473695267994,1.48230977440288,0.00368705787668607,Coral
MOBEAST010,MOBEAST_T8_C_2024-06-02_1200,T8,Control,2024-06-02,12:00:00,2024-06-02 12:00:00,0.00605195208140413,0.0760813789534515,0.00331565196640908,0.00709216405823315,0.0414345765218118,0.467509202999895,0.642964204961481,0.377003790028423,0.0315181244940096,1.41412357518019,0.0159177853903355,Control
MOBEAST011,MOBEAST_T9_K_2024-06-02_1200,T9,Coral,2024-06-02,12:00:00,2024-06-02 12:00:00,0.0064676241396417,0.0753998902920884,0.0039185362902906,0.0077888774689803,0.0367614195979669,0.503093841942747,0.748852905468443,0.39616000242599,0.0379634173538985,1.90650117569898,0.0114261563605953,Coral
MOBEAST012,MOBEAST_T10_R_2024-06-02_1200,T10,Rubble,2024-06-02,12:00:00,2024-06-02 12:00:00,0.0140560833208588,0.115350395723193,0.0138919790691301,0.0177052162128734,0.124981027434106,0.784626344129553,1.24925873073452,0.424770517458587,0.0234575188521866,1.73154396161244,0.0428925227366005,Rubble
MOBEAST013,MOBEAST_T11_C_2024-06-02_1200,T11,Control,2024-06-02,12:00:00,2024-06-02 12:00:00,0.00750110105193647,0.0972355188788325,0.00564404411734511,0.00992694606999149,0.0509745536836426,0.5685579510104,0.733114045230646,0.359597459053439,0.0590826242399302,1.58404903139874,0.0657701377214272,Control
MOBEAST014,MOBEAST_T12_R_2024-06-02_1200,T12,Rubble,2024-06-02,12:00:00,2024-06-02 12:00:00,0.00948804592163324,0.0749340224715442,0.00833042097620901,0.0126183931829246,0.078065955984034,0.660180805546767,0.944285354233396,0.391295854917208,0.0273413895893612,1.94209267508987,0.0170722741122036,Rubble
MOBEAST015,MOBEAST_T13_A_2024-06-02_1200,T13,Algae,2024-06-02,12:00:00,2024-06-02 12:00:00,0.00738998503967228,0.058685255133585,0.00615924295614916,0.0105637061371612,0.042623952288802,0.583057013909358,0.777906900137856,0.472304485253445,0.0448037314231628,1.63228408745114,0.00892263746737693,Algae
MOBEAST016,MOBEAST_T14_A_2024-06-02_1200,T14,Algae,2024-06-02,12:00:00,2024-06-02 12:00:00,0.00743894444774409,0.0658055402860172,0.00634989799780759,0.0100601172200111,0.0554171072697345,0.631195229532383,0.748218237465348,0.39976011414311,0.0490121878650638,1.91119264324408,0,Algae
MOBEAST017,MOBEAST_T15_C_2024-06-02_1200,T15,Control,2024-06-02,12:00:00,2024-06-02 12:00:00,0.00846002474675295,0.0547439518121068,0.0045029137238939004,0.0120612215979432,0.0301732105263161,0.373338113998483,0.453883885722189,0.524029809517779,0.0418370449179045,2.06447974376422,0.00641324554916015,Control
MOBEAST018,MOBEAST_T16_K_2024-06-02_1200,T16,Coral,2024-06-02,12:00:00,2024-06-02 12:00:00,0.00566217439080216,0.0691906690659906,0.00457644038195662,0.00924876761651831,0.0375071747776316,0.494816236250016,0.677348396071351,0.413656947161896,0.00998247000315422,1.63289177050007,2.04622481922986e-4,Coral
MOBEAST019,MOBEAST_F1_Inflow_2024-06-02_1800,F1,Inflow,2024-06-02,18:00:00,2024-06-02 18:00:00,0.00961986652567843,0.0315779044574697,0.00561235303758175,0.0102169424488086,0.0644203685763733,0.549318258931389,0.898175423942521,0.498031823212017,0.0304533832692455,2.24355159580479,0.0419484322293262,Inflow
MOBEAST020,MOBEAST_F2_Inflow_2024-06-02_1800,F2,Inflow,2024-06-02,18:00:00,2024-06-02 18:00:00,0.00820952535832342,0.0310021377847819,0.00564098860058841,0.00956289601103543,0.0341886755913544,0.589882875865094,0.741155663559568,0.723935431233357,0.0123931740910441,2.0658626169228,0.00812624189546666,Inflow
MOBEAST021,MOBEAST_T1_A_2024-06-02_1800,T1,Algae,2024-06-02,18:00:00,2024-06-02 18:00:00,0.010027685357668,0.0439651384661811,0.00948268515764913,0.0126113492378811,0.0395453582158987,0.751916783746316,0.849847397289607,0.724200625401542,0.0235533491981077,1.89420382433882,0.00918419440636502,Algae
MOBEAST022,MOBEAST_T2_R_2024-06-02_1800,T2,Rubble,2024-06-02,18:00:00,2024-06-02 18:00:00,0.00989730526578994,0.0493559048596402,0.00927075708610054,0.0112867140867675,0.04995288497511,0.821386722019437,0.795391962143761,0.618034421618206,0.0507273536225054,1.92840254200873,0.0182500389213102,Rubble
MOBEAST023,MOBEAST_T3_C_2024-06-02_1800,T3,Control,2024-06-02,18:00:00,2024-06-02 18:00:00,0.01037876327458,0.0289106904323535,0.00669876016416284,0.0125623217874888,0.0383274426956897,0.533242204544889,0.800204969080671,0.768079230294414,0.00141398922546794,2.18391127736469,0.0363378483026733,Control
MOBEAST024,MOBEAST_T4_A_2024-06-02_1800,T4,Algae,2024-06-02,18:00:00,2024-06-02 18:00:00,0.00886444497836918,0.0437684534559379,0.00825385430998473,0.00991821602174392,0.0436515113822685,0.832191423527137,0.83652675197506,0.619036528329923,0.00833448977261558,1.80835594853864,0.0157540617628621,Algae
MOBEAST025,MOBEAST_T5_R_2024-06-02_1800,T5,Rubble,2024-06-02,18:00:00,2024-06-02 18:00:00,0.00956095904636006,0.0510995109407609,0.00770686259051626,0.0122459360395947,0.0550942792924809,0.629340424904862,0.839587539224589,0.620345383252867,0,2.13520495349685,3.36374256132029e-4,Rubble
MOBEAST026,MOBEAST_T6_K_2024-06-02_1800,T6,Coral,2024-06-02,18:00:00,2024-06-02 18:00:00,0.0110295895818486,0.0708228191167677,0.00870641923363562,0.0154280351437499,0.0956305601836404,0.564324565799468,0.855793861398146,0.421731470332397,0.0253073138341852,2.07264691617572,0.048264258973294,Coral
MOBEAST027,MOBEAST_T7_K_2024-06-02_1800,T7,Coral,2024-06-02,18:00:00,2024-06-02 18:00:00,0.0072538361693044,0.0534740519511955,0.00631935728754721,0.00958640971009911,0.0446940034121581,0.659199583436318,0.820974909080176,0.506355768049089,0.0298766111036638,2.69473638334386,0.0247027438583745,Coral
MOBEAST028,MOBEAST_T8_C_2024-06-02_1800,T8,Control,2024-06-02,18:00:00,2024-06-02 18:00:00,0.0088080073067399,0.0576029020931357,0.00692525748758567,0.0115745375173169,0.0361069012924762,0.598318289367904,0.697553007313411,0.641668716780974,0.0363671273432839,2.30063745101818,0.00429340282897968,Control
MOBEAST029,MOBEAST_T9_K_2024-06-02_1800,T9,Coral,2024-06-02,18:00:00,2024-06-02 18:00:00,0.00949622436249104,0.143119748440901,0.00916199039488146,0.0122761953923963,0.196287269487803,0.746321649503578,1.48343189160331,0.242153187051873,0.0541522738954487,1.93159668333628,0.0346279065377962,Coral
MOBEAST030,MOBEAST_T10_R_2024-06-02_1800,T10,Rubble,2024-06-02,18:00:00,2024-06-02 18:00:00,0.0113326800612577,0.108853547149971,0.0106022867384042,0.013722838044471,0.134467579103283,0.772601607921465,1.34466685159939,0.36198716929975,0.0338857156769444,2.12712857987709,0.0624547434692155,Rubble
MOBEAST031,MOBEAST_T11_C_2024-06-02_1800,T11,Control,2024-06-02,18:00:00,2024-06-02 18:00:00,0.00546780633904299,0.0681049289489991,0.00545663285792053,0.00735085147634639,0.0680973536985832,0.74231303345999,1.1329896227316,0.350400339178703,0.0194873186110343,2.12011761732585,0.0476616478845649,Control
MOBEAST032,MOBEAST_T12_R_2024-06-02_1800,T12,Rubble,2024-06-02,18:00:00,2024-06-02 18:00:00,0.009966225964963,0.123325376031201,0.00902057764122225,0.0134007919691916,0.117219892646601,0.673137652010458,1.17842597597393,0.305346507487696,0.0220383585952933,1.52427042527438,0.0656641478016466,Rubble
MOBEAST033,MOBEAST_T13_A_2024-06-02_1800,T13,Algae,2024-06-02,18:00:00,2024-06-02 18:00:00,0.0136498337480532,0.120490442480545,0.0134733101693858,0.016866409163455,0.112516611421365,0.798825051545581,1.08790820206379,0.417771281563582,0.0343905439339923,1.65310190196627,0.0725953762954026,Algae
MOBEAST034,MOBEAST_T14_A_2024-06-02_1800,T14,Algae,2024-06-02,18:00:00,2024-06-02 18:00:00,0.00694874253422744,0.0780842005310253,0.00746659721797775,0.00903759122039181,0.0453144036568589,0.826171159537579,0.831293225511137,0.512977060403122,0,1.59209378613139,0.0123335629907121,Algae
MOBEAST035,MOBEAST_T15_C_2024-06-02_1800,T15,Control,2024-06-02,18:00:00,2024-06-02 18:00:00,0.0117718589686048,0.158665345074677,0.0109411607582869,0.0156074596625037,0.192750136986822,0.70102124207776,1.21046965270394,0.253372565523791,0.0550053115607561,1.73928034250018,0.0874312138276777,Control
MOBEAST036,MOBEAST_T16_K_2024-06-02_1800,T16,Coral,2024-06-02,18:00:00,2024-06-02 18:00:00,0.0150994295716038,0.156160356833622,0.015193018394023,0.0194140378043044,0.227201271988138,0.782579005314104,1.27440099129538,0.292961892711701,0.0275720406589553,1.59831132130223,0.10599838585404,Coral
MOBEAST037,MOBEAST_F1_Inflow_2024-06-03_0000,F1,Inflow,2024-06-03,00:00:00,2024-06-03,0.0120230422960719,0.0680075539084787,0.00662354364720263,0.0147200528243831,0.223115769710553,0.449967383013126,1.18931939773617,0.215966010018194,0.0389082800437421,2.14970987146313,0.120490760665248,Inflow
MOBEAST038,MOBEAST_F2_Inflow_2024-06-03_0000,F2,Inflow,2024-06-03,00:00:00,2024-06-03,0.0144786319062589,0.07773474454504,0.00959074096869089,0.0175780785545105,0.156530386015775,0.54560803895315,0.929369402686962,0.327321520074289,0.00985818028494469,2.2150152165697,0.108496661871507,Inflow
MOBEAST039,MOBEAST_T1_A_2024-06-03_0000,T1,Algae,2024-06-03,00:00:00,2024-06-03,0.0113059040274191,0.114888233737167,0.0112156114708627,0.0148847429340257,0.12631123194226,0.753497156153396,1.05252017035395,0.326864752974908,0.0298956307611386,1.60498020307518,0.0916639978185636,Algae
MOBEAST040,MOBEAST_T2_R_2024-06-03_0000,T2,Rubble,2024-06-03,00:00:00,2024-06-03,0.0126754908547336,0.0814580515017532,0.0121593034526263,0.0147644441395175,0.131338636586588,0.823553080476732,0.966675498602493,0.360395964542177,0.00677633767039729,1.77338147456372,0.101937689336571,Rubble
MOBEAST041,MOBEAST_T3_C_2024-06-03_0000,T3,Control,2024-06-03,00:00:00,2024-06-03,0.0126071041367188,0.0869774101817144,0.0105828289406039,0.017219505441266,0.217208526353525,0.614583791427744,1.14541676255448,0.254072774331337,0.0605038728867394,1.90381481269911,0.13246700598452,Control
MOBEAST042,MOBEAST_T4_A_2024-06-03_0000,T4,Algae,2024-06-03,00:00:00,2024-06-03,0.0149262566994344,0.087451604921005,0.0136141916735358,0.0187915309736933,0.111917214862574,0.724485497887033,0.856769673677748,0.432784934398711,0.037097364555353,1.79101587634539,0.059382487151877,Algae
MOBEAST043,MOBEAST_T5_R_2024-06-03_0000,T5,Rubble,2024-06-03,00:00:00,2024-06-03,0.0145856502432898,0.144604532576335,0.0115766887264242,0.0172277047062783,0.13005688200531,0.671980912361782,0.891804744197132,0.351829015797943,0.0119176014554204,1.82588542342665,0.0596422713854745,Rubble
MOBEAST044,MOBEAST_T6_K_2024-06-03_0000,T6,Coral,2024-06-03,00:00:00,2024-06-03,0.0146201705608244,0.131089540921486,0.0115079642372025,0.0186099496839187,0.116530510540846,0.618376966765626,0.87832656234717,0.374468455839693,0.0136270460412275,1.91481054382771,0.0331652300623647,Coral
MOBEAST045,MOBEAST_T7_K_2024-06-03_0000,T7,Coral,2024-06-03,00:00:00,2024-06-03,0.0119655671480688,0.123206010111657,0.0099340529807099,0.0147351438063127,0.0762315558068072,0.674174145246823,0.71835841867914,0.434584745213361,0.0420605136484289,1.9034559435353,0.018858109522665,Coral
MOBEAST046,MOBEAST_T8_C_2024-06-03_0000,T8,Control,2024-06-03,00:00:00,2024-06-03,0.0157211862584379,0.13244074003676,0.0110377161807759,0.0182101668207666,0.172191074944192,0.606129328161269,0.886696990060378,0.295764914214289,0.0621114961494961,1.84986200871376,0.0425801436190146,Control
MOBEAST047,MOBEAST_T9_K_2024-06-03_0000,T9,Coral,2024-06-03,00:00:00,2024-06-03,0.0138746232884498,0.117627262202307,0.0110899782915387,0.01778566525137,0.121276454196583,0.623534635044614,0.941449865321305,0.388078082574239,0.0213272010748258,1.82434135526073,0.00939003954946126,Coral
MOBEAST048,MOBEAST_T10_R_2024-06-03_0000,T10,Rubble,2024-06-03,00:00:00,2024-06-03,0.014216399378371,0.121116791694354,0.0108669307257733,0.0166837981893058,0.0642047431869289,0.651346330282211,0.761319030680367,0.49121309338386,0,2.07568461140424,0.0494161700514599,Rubble
MOBEAST049,MOBEAST_T11_C_2024-06-03_0000,T11,Control,2024-06-03,00:00:00,2024-06-03,0.0149523618211644,0.11353817623116,0.0104441116867942,0.0182994606256164,0.0650248048188801,0.5707333074164,0.645794013514446,0.569960650104279,0.0125494666311642,1.98951393913075,0.0115067557910814,Control
MOBEAST050,MOBEAST_T12_R_2024-06-03_0000,T12,Rubble,2024-06-03,00:00:00,2024-06-03,0.016649363900199,0.123107674743348,0.0118331155998278,0.0222535187684048,0.182420734981385,0.531741326977391,1.00072697211628,0.323345129834052,0,2.19368762891153,0.0543803939075935,Rubble
MOBEAST051,MOBEAST_T13_A_2024-06-03_0000,T13,Algae,2024-06-03,00:00:00,2024-06-03,0.0161639248965598,0.101727114525438,0.0163784266058621,0.0209230256585715,0.0847534810783764,0.782794366031489,0.889671427810509,0.524297076954956,0.022022215357982,1.82366841812021,0.0770718739409176,Algae
MOBEAST052,MOBEAST_T14_A_2024-06-03_0000,T14,Algae,2024-06-03,00:00:00,2024-06-03,0.0161367734881877,0.103195484985646,0.0142023487896293,0.0191916984010338,0.0823869062960122,0.740025634670471,0.884669477624331,0.544819497078094,0.0236187985214951,1.86968406989791,0.0522756286304756,Algae
MOBEAST053,MOBEAST_T15_C_2024-06-03_0000,T15,Control,2024-06-03,00:00:00,2024-06-03,0.0161838241547345,0.108457605232451,0.0109774512014353,0.0200729279347153,0.0989254274495726,0.546878424370282,0.85919708113195,0.490716379512179,0.0140580188719264,2.12597207202737,0.0427546352050586,Control
MOBEAST054,MOBEAST_T16_K_2024-06-03_0000,T16,Coral,2024-06-03,00:00:00,2024-06-03,0.0123763251322656,0.0970909299527098,0.0105150955439225,0.0169427833216572,0.0895882116970575,0.62062385762093,0.883819911118026,0.425936047224051,0.0343046705550475,1.84021957752386,0.02222870746994,Coral
MOBEAST055,MOBEAST_F1_Inflow_2024-06-03_0600,F1,Inflow,2024-06-03,06:00:00,2024-06-03 06:00:00,0.00930129743700761,0.0699443396791334,0.00680406273813205,0.0114912142393814,0.090466442670281,0.59210998910924,0.705112519912786,0.374000454499282,0.0292939746813898,1.84958385154209,0.0164911382109073,Inflow
MOBEAST056,MOBEAST_F2_Inflow_2024-06-03_0600,F2,Inflow,2024-06-03,06:00:00,2024-06-03 06:00:00,0.0115444524155415,0.0719223117805287,0.00822326598110264,0.0132467672841856,0.048465676719863,0.620775303490068,0.668251474680332,0.674047401465349,0.0229122969726121,1.73022622092816,0.0158471727295375,Inflow
MOBEAST057,MOBEAST_T1_A_2024-06-03_0600,T1,Algae,2024-06-03,06:00:00,2024-06-03 06:00:00,0.00888718186868076,0.0331568530315508,0.0083698453460601,0.0115334530418542,0.0610722224661148,0.725701601739428,0.990617834688734,0.483617388990106,0.0325326179987377,1.42827117201859,0.0548944628741675,Algae
MOBEAST058,MOBEAST_T2_R_2024-06-03_0600,T2,Rubble,2024-06-03,06:00:00,2024-06-03 06:00:00,0.0128839298897995,0.0484423676773745,0.0135525230949218,0.0145759895853026,0.0462911815608075,0.929784081938917,0.845529117917144,0.80921865623123,0.0317730208222706,1.43472002894297,0.0278047743678844,Rubble
MOBEAST059,MOBEAST_T3_C_2024-06-03_0600,T3,Control,2024-06-03,06:00:00,2024-06-03 06:00:00,0.00737905520730257,0.0290958363307941,0.0057530442736604,0.00937381709426111,0.0977693603645066,0.613735494922613,1.08691879541183,0.30536084537906,0.0200056691301021,1.36389996348896,0.0311406397699054,Control
MOBEAST060,MOBEAST_T4_A_2024-06-03_0600,T4,Algae,2024-06-03,06:00:00,2024-06-03 06:00:00,0.0123701854374631,0.041615184686339,0.0130974602423822,0.0126589352179098,0.0358521120490588,1.03464154108728,0.821195346695598,0.837902319092501,0.0181720224158607,1.45385523942798,0.0247216850217105,Algae
MOBEAST061,MOBEAST_T5_R_2024-06-03_0600,T5,Rubble,2024-06-03,06:00:00,2024-06-03 06:00:00,0.0100168728890854,0.0436679577740798,0.00953483624907216,0.0111172911268403,0.109103130985493,0.857658231693899,1.11862098172851,0.423687042792389,0.0030556719692801,1.59105361964341,0.0430313723464783,Rubble
MOBEAST062,MOBEAST_T6_K_2024-06-03_0600,T6,Coral,2024-06-03,06:00:00,2024-06-03 06:00:00,0.0112372130674034,0.0595498361272823,0.0109749935367396,0.0143438153872902,0.139403645100422,0.765137673653015,1.15123899732378,0.353206811830107,0.041630409036904,1.61661419191258,0.0402225840593337,Coral
MOBEAST063,MOBEAST_T7_K_2024-06-03_0600,T7,Coral,2024-06-03,06:00:00,2024-06-03 06:00:00,0.00857029338479822,0.043045335446604,0.00878815647116757,0.00924777310067998,0.041710763239716,0.950299750598486,0.835090125090698,0.628209043232418,0,1.58857388856518,0.0268864839816596,Coral
MOBEAST064,MOBEAST_T8_C_2024-06-03_0600,T8,Control,2024-06-03,06:00:00,2024-06-03 06:00:00,0.0101730827556978,0.0726606368624096,0.00843787164856556,0.0105038468212559,0.0385419205070776,0.803312518942146,0.88243867293648,0.711857955882298,0,1.88595765854143,0,Control
MOBEAST065,MOBEAST_T9_K_2024-06-03_0600,T9,Coral,2024-06-03,06:00:00,2024-06-03 06:00:00,0.00993009069939998,0.0783142370174874,0.00943418983455041,0.0128851947456015,0.0313939801714302,0.732172855809637,0.776302506033111,0.713140330762212,0.0207898573833687,2.01897418741011,0,Coral
MOBEAST066,MOBEAST_T10_R_2024-06-03_0600,T10,Rubble,2024-06-03,06:00:00,2024-06-03 06:00:00,0.0113718797902874,0.0804167225282518,0.0108313666355633,0.0132601724083159,0.0349832560294405,0.816834525376957,0.7475097925937,0.821248896600596,0.00530547414582612,1.81086706985391,0.00881815834777619,Rubble
MOBEAST067,MOBEAST_T11_C_2024-06-03_0600,T11,Control,2024-06-03,06:00:00,2024-06-03 06:00:00,0.0110566359521341,0.0813333629865023,0.00952221281028373,0.0151058470228176,0.0856335653631853,0.630366029518257,1.12560578659651,0.471788535209694,0.00748676817725543,2.19191867194302,0.079608888536101,Control
MOBEAST068,MOBEAST_T12_R_2024-06-03_0600,T12,Rubble,2024-06-03,06:00:00,2024-06-03 06:00:00,0.00878176502940145,0.0664543626550072,0.00753021828915737,0.00959606369783833,0.0261412469436363,0.784719498147315,0.799893410373547,0.738644013346239,0,2.11639597558374,0.0150561759595546,Rubble
MOBEAST069,MOBEAST_T13_A_2024-06-03_0600,T13,Algae,2024-06-03,06:00:00,2024-06-03 06:00:00,0.0127187050329854,0.0802494649368212,0.0130368781875169,0.015568270953273,0.0526398298424788,0.837400519726701,0.854106055944214,0.62775049569385,0.0374077179627904,1.66882535180565,0.0398569425706201,Algae
MOBEAST070,MOBEAST_T14_A_2024-06-03_0600,T14,Algae,2024-06-03,06:00:00,2024-06-03 06:00:00,0.0112251048888139,0.0760536241808817,0.0116285549262157,0.0135846050913282,0.0382322056596569,0.856009788141641,0.891511776921832,0.71832065272646894,0.0153780811650303,1.61309943761192,0.0351756073670451,Algae
MOBEAST071,MOBEAST_T15_C_2024-06-03_0600,T15,Control,2024-06-03,06:00:00,2024-06-03 06:00:00,0.0123162229428976,0.0759200345572552,0.0107256757529717,0.0148420417918959,0.159297341790358,0.722655002819642,0.996119445922025,0.351827896393713,0.0841387321135123,2.2079101531478,0.045567892761785,Control
MOBEAST072,MOBEAST_T16_K_2024-06-03_0600,T16,Coral,2024-06-03,06:00:00,2024-06-03 06:00:00,0.00789231855482628,0.0603211652168647,0.00740519877131512,0.0104301277415015,0.07817569031485,0.709981598964492,1.13981250357504,0.360843112457502,0.0632589695425496,2.16969590711035,0.0321484716257316,Coral
MOBEAST073,MOBEAST_F1_Inflow_2024-06-04_1200,F1,Inflow,2024-06-04,12:00:00,2024-06-04 12:00:00,0.00541440577109047,0.0470160889018004,0.00295580543224988,0.0065570407313999,0.0339313201771849,0.450783448407652,0.524514482673925,0.404327562850269,0.054336407983549,1.57756383303997,0.0195415149110619,Inflow
MOBEAST074,MOBEAST_F2_Inflow_2024-06-04_1200,F2,Inflow,2024-06-04,12:00:00,2024-06-04 12:00:00,0.00621866927392762,0.0533196312736086,0.00471924251647794,0.00982112912957621,0.0428522526614011,0.480519342960883,0.703309198456241,0.461430530978138,0.0430432982397893,1.72166746981635,0.0209947057021911,Inflow
MOBEAST075,MOBEAST_T1_A_2024-06-04_1200,T1,Algae,2024-06-04,12:00:00,2024-06-04 12:00:00,0.00597762563535894,0.0366055405689028,0.00579213284591953,0.00716111374875985,0.0452750429657959,0.80883128646331,0.853074253235982,0.451394658241223,0.0302603291558784,1.50406354041424,0.0297252473094778,Algae
MOBEAST076,MOBEAST_T2_R_2024-06-04_1200,T2,Rubble,2024-06-04,12:00:00,2024-06-04 12:00:00,0.00571036832926178,0.0345348337354343,0.00618028182286804,0.0078800092478487,0.0419255023450051,0.784298803273017,0.765670905476439,0.474568826658486,0.0264464242003436,1.69480896298667,0.00420008053584172,Rubble
MOBEAST077,MOBEAST_T3_C_2024-06-04_1200,T3,Control,2024-06-04,12:00:00,2024-06-04 12:00:00,0.00203229491691614,0.0041995290883621,0.00147741992780461,0.0034693985976537,0.0219185124419735,0.42584323657817,0.977911418445499,0.345218685833756,0.0187488284054844,1.75819114831094,0,Control
MOBEAST078,MOBEAST_T4_A_2024-06-04_1200,T4,Algae,2024-06-04,12:00:00,2024-06-04 12:00:00,0.00785845214669916,0.0582503323713057,0.00734915290488184,0.0113232082816596,0.162276551083697,0.649034507012061,1.29736348890326,0.197209571592313,0.0422401594494038,1.74988515883683,0.0614097929185896,Algae
MOBEAST079,MOBEAST_T5_R_2024-06-04_1200,T5,Rubble,2024-06-04,12:00:00,2024-06-04 12:00:00,0.00464945589534278,0.0295565674348254,0.00433456936609684,0.00630325586599375,0.0506549454795088,0.68767149204302,0.984309869577348,0.32772842075227,0.0292286961755315,1.3869153452543,0.0149474767061338,Rubble
MOBEAST080,MOBEAST_T6_K_2024-06-04_1200,T6,Coral,2024-06-04,12:00:00,2024-06-04 12:00:00,0.00522771949485325,0.0414744077874943,0.00445610116750352,0.00703803556627192,0.0780710906567535,0.6331455880755,1.27049341562225,0.277060339584152,0.0666786243849495,1.99978557341341,0.0581758865959526,Coral
MOBEAST081,MOBEAST_T7_K_2024-06-04_1200,T7,Coral,2024-06-04,12:00:00,2024-06-04 12:00:00,0.00582025242585122,0.0461115809679274,0.00504425246047072,0.009036249679064,0.137083133563385,0.558224112837176,1.7580305925703,0.233611497807022,0.0212411342677898,2.07873672440264,0.0387082409466908,Coral
MOBEAST082,MOBEAST_T8_C_2024-06-04_1200,T8,Control,2024-06-04,12:00:00,2024-06-04 12:00:00,0.00571636788001763,0.0458851254020932,0.00325735609958199,0.00735327528150427,0.049222253180029,0.442980301278158,0.7124982775397,0.308147889636735,0,1.81951937254659,0.0164227860992808,Control
MOBEAST083,MOBEAST_T9_K_2024-06-04_1200,T9,Coral,2024-06-04,12:00:00,2024-06-04 12:00:00,0.00545310962470466,0.0581276530328876,0.00420061595029967,0.00600543065308962,0.0406192227845911,0.699469562293351,0.724483114221517,0.336355424847306,0.00859296466604365,1.77486009003698,0,Coral
MOBEAST084,MOBEAST_T10_R_2024-06-04_1200,T10,Rubble,2024-06-04,12:00:00,2024-06-04 12:00:00,0.00641364554505849,0.0570714295850634,0.00551003871792635,0.0088985206057669,0.0528928206701333,0.619208401265648,1.05423247713441,0.347723701684671,0.0268750135735563,2.218574469324,0,Rubble
MOBEAST085,MOBEAST_T11_C_2024-06-04_1200,T11,Control,2024-06-04,12:00:00,2024-06-04 12:00:00,0.00664325933394838,0.0552542238187043,0.00388935360935954,0.0100792043747467,0.100059530154961,0.385879030204434,1.52848243978535,0.232046799713737,0.051469909611561,1.88000409129348,0.053281857942126,Control
MOBEAST086,MOBEAST_T12_R_2024-06-04_1200,T12,Rubble,2024-06-04,12:00:00,2024-06-04 12:00:00,0.0078708911709841,0.0538570301595406,0.0045765076939735,0.00983079155953843,0.0403226548719128,0.465527894295866,0.74398051483529,0.406597372805543,0,2.25562419736427,0.0383873738387517,Rubble
MOBEAST087,MOBEAST_T13_A_2024-06-04_1200,T13,Algae,2024-06-04,12:00:00,2024-06-04 12:00:00,0.00955704911720459,0.0610912285375199,0.00899779578668556,0.0111336194608437,0.069156527791186,0.808164480412709,1.10123032548372,0.385792654719003,0.018443120170852,1.48493841513999,0.0805166565146859,Algae
MOBEAST088,MOBEAST_T14_A_2024-06-04_1200,T14,Algae,2024-06-04,12:00:00,2024-06-04 12:00:00,0.00429588238541354,0.0494947886924084,0.0037658370758875,0.00562255760503925,0.0935349280361655,0.669772964622426,1.31338651957468,0.214647686807012,0.0358557864633185,1.76405442432952,0.0331045488125822,Algae
MOBEAST089,MOBEAST_T15_C_2024-06-04_1200,T15,Control,2024-06-04,12:00:00,2024-06-04 12:00:00,0.00626631334207222,0.0482970220961402,0.00378813497415892,0.0082740400130267,0.0860083990868462,0.457833775059688,1.04980905634363,0.257421121830318,0.0334030252159211,1.98722911062346,0.0097109307257409409,Control
MOBEAST090,MOBEAST_T16_K_2024-06-04_1200,T16,Coral,2024-06-04,12:00:00,2024-06-04 12:00:00,0.00533843137173283,0.0667687108352107,0.00465094550045935,0.0075093003330056,0.0767072666367021,0.619358035264227,0.922567356839178,0.254197866309981,0.0083422821163926,1.58759964318302,0.0538190525236994,Coral
MOBEAST091,MOBEAST_F1_Inflow_2024-06-06_1200,F1,Inflow,2024-06-06,12:00:00,2024-06-06 12:00:00,0.00818055285548102,0.057611799342931,0.00401188765864439,0.00990659061755994,0.0241636037076997,0.404971580387415,0.363509349230466,0.539176158144318,0,1.83840644946582,0.0145967306659172,Inflow
MOBEAST092,MOBEAST_F2_Inflow_2024-06-06_1200,F2,Inflow,2024-06-06,12:00:00,2024-06-06 12:00:00,0.0092583905265243,0.0533326437078754,0.00497918597075672,0.0112525898741674,0.0313041249883642,0.442492441867757,0.503516536455552,0.542321519909875,0.018528861121911,2.16735908465396,0.0150738405087614,Inflow
MOBEAST093,MOBEAST_T1_A_2024-06-06_1200,T1,Algae,2024-06-06,12:00:00,2024-06-06 12:00:00,0.00576134504744291,0.0577031010094494,0.00316634470230952,0.00677201001132513,0.0314746674875521,0.467563499908343,0.474782279362111,0.431275111264582,0.0177720793353703,1.6353455593614,0.00649556509399294,Algae
MOBEAST094,MOBEAST_T2_R_2024-06-06_1200,T2,Rubble,2024-06-06,12:00:00,2024-06-06 12:00:00,0.00663243060425439,0.0650591541003302,0.00628559678010666,0.00870250923500307,0.0315605884978826,0.722274071807341,0.748161940149931,0.416391336096751,0,1.61355536202476,0.0288009796638191,Rubble
MOBEAST095,MOBEAST_T3_C_2024-06-06_1200,T3,Control,2024-06-06,12:00:00,2024-06-06 12:00:00,0.00561150170906391,0.0410938264134436,0.00278392091499535,0.0070816510745296,0.0221890180745061,0.393117492756485,0.483112980955916,0.487424686240891,0.00668974592866376,1.9857412790111,0.00760532605173754,Control
MOBEAST096,MOBEAST_T4_A_2024-06-06_1200,T4,Algae,2024-06-06,12:00:00,2024-06-06 12:00:00,0.00421341316759738,0.0737313066343621,0.00344596254268437,0.00514512875396259,0.0424012143014575,0.66975244108914,0.606253030177745,0.274332875281734,0.0511282543326679,1.6372954202026,0,Algae
MOBEAST097,MOBEAST_T5_R_2024-06-06_1200,T5,Rubble,2024-06-06,12:00:00,2024-06-06 12:00:00,0.008097935330863,0.0597011869339683,0.00524331853984123,0.0100420811997772,0.0386800410642341,0.522134648737711,0.52741732225874,0.474916573669826,0.0177393439167607,2.00966513830103,0.0235053876326922,Rubble
MOBEAST098,MOBEAST_T6_K_2024-06-06_1200,T6,Coral,2024-06-06,12:00:00,2024-06-06 12:00:00,0.00528839019338674,0.064309255788342,0.00340851540433803,0.00658298006925141,0.0350139198722242,0.517776959444089,0.625683475032872,0.359208084445629,0.0149266704188096,2.11407687383481,0.0403548460041782,Coral
MOBEAST099,MOBEAST_T7_K_2024-06-06_1200,T7,Coral,2024-06-06,12:00:00,2024-06-06 12:00:00,0.00406180017743251,0.0540506535597987,0.00225322432291852,0.00511345968372608,0.0249185775357751,0.440645758895793,0.430912284105184,0.361729522640671,0.00678824579036218,2.04536686346157,0.0459228251280841,Coral
MOBEAST100,MOBEAST_T8_C_2024-06-06_1200,T8,Control,2024-06-06,12:00:00,2024-06-06 12:00:00,0.00534927625486722,0.0582730380914261,0.00258278541101786,0.00756801204601999,0.0293620100986255,0.341276598836302,0.369139032194561,0.373306490998181,0.0239320718528889,1.90676091303997,0,Control
MOBEAST101,MOBEAST_T9_K_2024-06-06_1200,T9,Coral,2024-06-06,12:00:00,2024-06-06 12:00:00,0.00759347480081504,0.0660083554046858,0.0044131375715249,0.00982946233908806,0.0647131948660513,0.448970393220341,0.845180035052323,0.369180747253552,0.0490550142702532,2.18975236407075,0.0467155210438879,Coral
MOBEAST102,MOBEAST_T10_R_2024-06-06_1200,T10,Rubble,2024-06-06,12:00:00,2024-06-06 12:00:00,0.00704502932177113,0.071889508606652,0.00500023060513109,0.0090399657827307,0.044335403648757,0.553124948181018,0.60304370691355,0.407996310276898,0.006805103256959,1.84370201128615,0.0217349139257174,Rubble
MOBEAST103,MOBEAST_T11_C_2024-06-06_1200,T11,Control,2024-06-06,12:00:00,2024-06-06 12:00:00,0.00704243170323087,0.0819934822451584,0.00415636965912416,0.0083644720712501,0.0386051264034918,0.496907590068978,0.538238295647808,0.412346721885714,0.0222113344783363,2.14826179698144,0.0207694350138061,Control
MOBEAST104,MOBEAST_T12_R_2024-06-06_1200,T12,Rubble,2024-06-06,12:00:00,2024-06-06 12:00:00,0.00508308155359254,0.0798918176857994,0.00270972613667676,0.00851824417036638,0.0516627981267941,0.318108530641029,0.855286572132081,0.288207235518109,0.0246779925878209,2.80608309778562,0,Rubble
MOBEAST105,MOBEAST_T13_A_2024-06-06_1200,T13,Algae,2024-06-06,12:00:00,2024-06-06 12:00:00,0.00642618458306327,0.0779420204732931,0.00312354574496327,0.00794712339222274,0.0520907760299137,0.393041052819193,0.866552928025156,0.328343428867047,0,2.11431450358468,0.0509081098945745,Algae
MOBEAST106,MOBEAST_T14_A_2024-06-06_1200,T14,Algae,2024-06-06,12:00:00,2024-06-06 12:00:00,0.0120908544037702,0.119928681097413,0.0105787692254422,0.0155259416171648,0.0785676953623401,0.681360878862691,0.811815369863044,0.452586538322437,0.0278281338164231,2.50615357627036,0.0507926426235933,Algae
MOBEAST107,MOBEAST_T15_C_2024-06-06_1200,T15,Control,2024-06-06,12:00:00,2024-06-06 12:00:00,0.0150963552893155,0.11577128340432,0.0100858119236875,0.0187135371183256,0.0805361655768748,0.538958074035656,0.602808824042421,0.499035856753849,0.0243112137436309,2.2497588419956,0.0160536508265728,Control
MOBEAST108,MOBEAST_T16_K_2024-06-06_1200,T16,Coral,2024-06-06,12:00:00,2024-06-06 12:00:00,0.0051715163122702,0.0805434737823059,0.00463267018440762,0.00738755850272449,0.031699796986587,0.627090828817005,0.58244907467444,0.38887689649857,0.0131711725662823,2.24637058697884,0,Coral
MOBEAST109,MOBEAST_Bay _Endmember_2024-05-27_1500,Bay ,Endmember,2024-05-27,15:00:00,2024-05-27 15:00:00,0.0062679884859571,0.0696087953182666,0.00535462017861946,0.00818224430539706,0.333122298624551,0.654419494060758,2.34270257474733,0.110752013451839,0.0809648005640831,2.10541186030101,0.14537557105437,Bay 
MOBEAST110,MOBEAST_Ocean_Endmember_2024-05-27_1500,Ocean,Endmember,2024-05-27,15:00:00,2024-05-27 15:00:00,0.003449206024765,0.0565682204128472,0.00330751421063015,0.00475788048604184,0.0634357982188337,0.695165467130455,2.70704719524035,0.200967545754148,0.0896683726001702,2.99479411009708,0.0656661848784898,Ocean
MOBEAST111,MOBEAST_Lagoon_Endmember_2024-05-27_1645,Lagoon,Endmember,2024-05-27,16:45:00,2024-05-27 16:45:00,0.00373159296103553,0.0391317507974805,0.0038421360506171,0.00394504247389552,0.0178595420292969,0.973915002446903,1.22489095721702,0.383085577359055,0.0548624385370275,3.72431700179346,0.00325534927434348,Lagoon
MOBEAST112,MOBEAST_Bay _Endmember_2024-05-25_1510,Bay ,Endmember,2024-05-25,15:10:00,2024-05-25 15:10:00,0.00429796804879719,0.0441708355498313,0.00349822586032049,0.00883377202928754,0.0906642609292306,0.396005901977372,2.87574003946452,0.196520458612287,0.0969062577657172,2.28384308281893,0.154861942444978,Bay 
MOBEAST113,MOBEAST_Ocean_Endmember_2024-05-25_1500,Ocean,Endmember,2024-05-25,15:00:00,2024-05-25 15:00:00,0.00702940635415481,0.0603315207713075,0.00321949276325451,0.0185746029085331,0.228124895153969,0.173327676457379,3.34007116037434,0.163132456262005,0.0895319714375991,2.8269490539883,0.404841727320907,Ocean
MOBEAST114,MOBEAST_Lagoon Tiahura_Endmember_2024-05-25_0845,Lagoon Tiahura,Endmember,2024-05-25,08:45:00,2024-05-25 08:45:00,0.00393588898137603,0.0667866905790061,0.0043088341350189,0.00556530495649802,0.0165297237193084,0.774231451591512,1.51469458323222,0.280478595501802,0.0950422630116984,1.65190187963366,0.0141107752291423,Lagoon
MOBEAST115,MOBEAST_Bay _Rain_2024-06-06_1425,Bay ,Rain,2024-06-06,14:25:00,2024-06-06 14:25:00,0.0217843445702126,0.0502544659877799,0.0195557254072774,0.0225012740540911,0.0267022482267309,0.86909413930372,0.713034529259306,1.56623613949614,0.0715410154405821,1.5822901700268,0.0100837371368122,Rain
