tank_number,inflow_table,date,time,date_time,treatment,ph,ph_inflow,ph_diff,ta,ta_inflow,delta_ta
T1,Table 1,2024-06-02,12:00:00,2024-06-02T12:00:00Z,Algae,8.272669267393425,8.039081384592432,0.23358788280099319,2308.968,2343.183,-34.215000000000146
T2,Table 2,2024-06-02,12:00:00,2024-06-02T12:00:00Z,CCA,8.147382772593602,8.035215197700206,0.11216757489339635,2215.542,2355.042,-139.5
T3,Table 2,2024-06-02,12:00:00,2024-06-02T12:00:00Z,Control,8.030935903973361,8.035215197700206,-0.004279293726844102,2357.832,2355.042,2.7899999999999636
T4,Table 2,2024-06-02,12:00:00,2024-06-02T12:00:00Z,Algae,8.080431172347458,8.035215197700206,0.045215974647252466,2425.624,2355.042,70.58199999999988
T5,Table 2,2024-06-02,12:00:00,2024-06-02T12:00:00Z,CCA,8.093517642417265,8.035215197700206,0.05830244471705903,2327.843,2355.042,-27.19900000000007
T6,Table 2,2024-06-02,12:00:00,2024-06-02T12:00:00Z,Coral,8.090905911676884,8.035215197700206,0.05569071397667891,2289.006,2355.042,-66.03600000000006
T7,Table 2,2024-06-02,12:00:00,2024-06-02T12:00:00Z,Coral,8.04884072680115,8.035215197700206,0.013625529100943723,2346.496,2355.042,-8.545999999999822
T8,Table 1,2024-06-02,12:00:00,2024-06-02T12:00:00Z,Control,8.045235850951313,8.039081384592432,0.006154466358880839,2356.019,2343.183,12.835999999999785
T9,Table 1,2024-06-02,12:00:00,2024-06-02T12:00:00Z,Coral,8.06139510534282,8.039081384592432,0.022313720750387844,2344.891,2343.183,1.7080000000000837
T10,Table 1,2024-06-02,12:00:00,2024-06-02T12:00:00Z,CCA,8.188787587480503,8.039081384592432,0.1497062028880709,2163.075,2343.183,-180.10800000000017
T11,Table 1,2024-06-02,12:00:00,2024-06-02T12:00:00Z,Control,8.034143683857662,8.039081384592432,-0.004937700734769734,2365.13,2343.183,21.947000000000116
T12,Table 1,2024-06-02,12:00:00,2024-06-02T12:00:00Z,CCA,8.14851720815794,8.039081384592432,0.10943582356550863,2215.887,2343.183,-127.29599999999982
T13,Table 1,2024-06-02,12:00:00,2024-06-02T12:00:00Z,Algae,8.194982848963363,8.039081384592432,0.1559014643709311,2325.067,2343.183,-18.115999999999985
T14,Table 1,2024-06-02,12:00:00,2024-06-02T12:00:00Z,Algae,8.121747207855945,8.039081384592432,0.0826658232635129,2337.419,2343.183,-5.764000000000124
T15,Table 1,2024-06-02,12:00:00,2024-06-02T12:00:00Z,Control,8.047537343753547,8.039081384592432,0.008455959161114635,2362.45,2343.183,19.266999999999825
T16,Table 1,2024-06-02,12:00:00,2024-06-02T12:00:00Z,Coral,8.061930575755891,8.039081384592432,0.02284919116345918,2340.188,2343.183,-2.994999999999891
T1,Table 1,2024-06-02,15:00:00,2024-06-02T15:00:00Z,Algae,8.156500947659813,8.052347272116135,0.10415367554367805,NA,NA,NA
T2,Table 2,2024-06-02,15:00:00,2024-06-02T15:00:00Z,CCA,8.08302700000504,8.051058127757331,0.03196887224770961,NA,NA,NA
T3,Table 2,2024-06-02,15:00:00,2024-06-02T15:00:00Z,Control,8.054209090061915,8.051058127757331,0.003150962304584226,NA,NA,NA
T4,Table 2,2024-06-02,15:00:00,2024-06-02T15:00:00Z,Algae,8.086999475236818,8.051058127757331,0.035941347479486296,NA,NA,NA
T5,Table 2,2024-06-02,15:00:00,2024-06-02T15:00:00Z,CCA,8.091033980973926,8.051058127757331,0.03997585321659436,NA,NA,NA
T6,Table 2,2024-06-02,15:00:00,2024-06-02T15:00:00Z,Coral,8.066050844156697,8.051058127757331,0.014992716399365946,NA,NA,NA
T7,Table 2,2024-06-02,15:00:00,2024-06-02T15:00:00Z,Coral,8.052628784769988,8.051058127757331,0.0015706570126567954,NA,NA,NA
T8,Table 1,2024-06-02,15:00:00,2024-06-02T15:00:00Z,Control,8.057015871921177,8.052347272116135,0.004668599805041751,NA,NA,NA
T9,Table 1,2024-06-02,15:00:00,2024-06-02T15:00:00Z,Coral,8.06614860993465,8.052347272116135,0.013801337818515336,NA,NA,NA
T10,Table 1,2024-06-02,15:00:00,2024-06-02T15:00:00Z,CCA,8.063853453567754,8.052347272116135,0.011506181451618858,NA,NA,NA
T11,Table 1,2024-06-02,15:00:00,2024-06-02T15:00:00Z,Control,8.05110934857292,8.052347272116135,-0.0012379235432149471,NA,NA,NA
T12,Table 1,2024-06-02,15:00:00,2024-06-02T15:00:00Z,CCA,8.058217200494955,8.052347272116135,0.005869928378819722,NA,NA,NA
T13,Table 1,2024-06-02,15:00:00,2024-06-02T15:00:00Z,Algae,8.164130173177238,8.052347272116135,0.11178290106110289,NA,NA,NA
T14,Table 1,2024-06-02,15:00:00,2024-06-02T15:00:00Z,Algae,8.099336310439366,8.052347272116135,0.04698903832323076,NA,NA,NA
T15,Table 1,2024-06-02,15:00:00,2024-06-02T15:00:00Z,Control,8.05794584112418,8.052347272116135,0.005598569008045118,NA,NA,NA
T16,Table 1,2024-06-02,15:00:00,2024-06-02T15:00:00Z,Coral,8.060003262225582,8.052347272116135,0.00765599010944662,NA,NA,NA
T1,Table 1,2024-06-02,18:00:00,2024-06-02T18:00:00Z,Algae,8.02190109957137,8.057287049229256,-0.03538594965788633,2370.89,2348.571,22.31899999999996
T2,Table 2,2024-06-02,18:00:00,2024-06-02T18:00:00Z,CCA,8.005243259805392,8.052809146653267,-0.04756588684787566,2336.88,2326.905,9.974999999999909
T3,Table 2,2024-06-02,18:00:00,2024-06-02T18:00:00Z,Control,8.054624546644947,8.052809146653267,0.001815399991679456,2358,2326.905,31.0949999999998
T4,Table 2,2024-06-02,18:00:00,2024-06-02T18:00:00Z,Algae,7.995566812237878,8.052809146653267,-0.05724233441538917,2371.09,2326.905,44.184999999999945
T5,Table 2,2024-06-02,18:00:00,2024-06-02T18:00:00Z,CCA,8.027707544751832,8.052809146653267,-0.025101601901434734,2342.425,2326.905,15.519999999999982
T6,Table 2,2024-06-02,18:00:00,2024-06-02T18:00:00Z,Coral,8.013710477340426,8.052809146653267,-0.039098669312840784,2333.561,2326.905,6.655999999999949
T7,Table 2,2024-06-02,18:00:00,2024-06-02T18:00:00Z,Coral,8.011349692927423,8.052809146653267,-0.04145945372584414,2315.251,2326.905,-11.653999999999996
T8,Table 1,2024-06-02,18:00:00,2024-06-02T18:00:00Z,Control,8.05911062318035,8.057287049229256,0.0018235739510945592,2346.573,2348.571,-1.9980000000000473
T9,Table 1,2024-06-02,18:00:00,2024-06-02T18:00:00Z,Coral,8.049580364165314,8.057287049229256,-0.007706685063942231,2347.496,2348.571,-1.074999999999818
T10,Table 1,2024-06-02,18:00:00,2024-06-02T18:00:00Z,CCA,8.033367969181763,8.057287049229256,-0.023919080047493324,2346.884,2348.571,-1.6869999999998981
T11,Table 1,2024-06-02,18:00:00,2024-06-02T18:00:00Z,Control,8.048189493504443,8.057287049229256,-0.009097555724812523,2346.73,2348.571,-1.8409999999998945
T12,Table 1,2024-06-02,18:00:00,2024-06-02T18:00:00Z,CCA,8.039942493085857,8.057287049229256,-0.01734455614339936,2344.997,2348.571,-3.574000000000069
T13,Table 1,2024-06-02,18:00:00,2024-06-02T18:00:00Z,Algae,8.009743619735795,8.057287049229256,-0.047543429493460465,2354.424,2348.571,5.8530000000000655
T14,Table 1,2024-06-02,18:00:00,2024-06-02T18:00:00Z,Algae,8.030702788271917,8.057287049229256,-0.026584260957339012,2343.944,2348.571,-4.626999999999953
T15,Table 1,2024-06-02,18:00:00,2024-06-02T18:00:00Z,Control,8.056982128280218,8.057287049229256,-3.049209490377791e-4,2354.266,2348.571,5.695000000000164
T16,Table 1,2024-06-02,18:00:00,2024-06-02T18:00:00Z,Coral,7.993301987325555,8.057287049229256,-0.06398506190370057,2359.864,2348.571,11.29300000000012
T1,Table 1,2024-06-02,21:00:00,2024-06-02T21:00:00Z,Algae,8.000217622142763,8.041240487028965,-0.04102286488620166,NA,NA,NA
T2,Table 2,2024-06-02,21:00:00,2024-06-02T21:00:00Z,CCA,7.941421421231769,8.051552474710752,-0.110131053478983,NA,NA,NA
T3,Table 2,2024-06-02,21:00:00,2024-06-02T21:00:00Z,Control,8.047562302296642,8.051552474710752,-0.003990172414109594,NA,NA,NA
T4,Table 2,2024-06-02,21:00:00,2024-06-02T21:00:00Z,Algae,7.971563215333092,8.051552474710752,-0.07998925937765922,NA,NA,NA
T5,Table 2,2024-06-02,21:00:00,2024-06-02T21:00:00Z,CCA,8.00587595735747,8.051552474710752,-0.045676517353282264,NA,NA,NA
T6,Table 2,2024-06-02,21:00:00,2024-06-02T21:00:00Z,Coral,7.8697291213683,8.051552474710752,-0.1818233533424518,NA,NA,NA
T7,Table 2,2024-06-02,21:00:00,2024-06-02T21:00:00Z,Coral,7.98274492656594,8.051552474710752,-0.06880754814481183,NA,NA,NA
T8,Table 1,2024-06-02,21:00:00,2024-06-02T21:00:00Z,Control,8.049389944662439,8.041240487028965,0.008149457633473745,NA,NA,NA
T9,Table 1,2024-06-02,21:00:00,2024-06-02T21:00:00Z,Coral,8.026611522323185,8.041240487028965,-0.014628964705780234,NA,NA,NA
T10,Table 1,2024-06-02,21:00:00,2024-06-02T21:00:00Z,CCA,8.026538418036397,8.041240487028965,-0.014702068992567874,NA,NA,NA
T11,Table 1,2024-06-02,21:00:00,2024-06-02T21:00:00Z,Control,8.041297394600633,8.041240487028965,5.6907571668318724e-5,NA,NA,NA
T12,Table 1,2024-06-02,21:00:00,2024-06-02T21:00:00Z,CCA,8.04548053113767,8.041240487028965,0.004240044108705376,NA,NA,NA
T13,Table 1,2024-06-02,21:00:00,2024-06-02T21:00:00Z,Algae,7.946233704736301,8.041240487028965,-0.09500678229266413,NA,NA,NA
T14,Table 1,2024-06-02,21:00:00,2024-06-02T21:00:00Z,Algae,7.9524726191653565,8.041240487028965,-0.08876786786360835,NA,NA,NA
T15,Table 1,2024-06-02,21:00:00,2024-06-02T21:00:00Z,Control,8.040111294845701,8.041240487028965,-0.001129192183263683,NA,NA,NA
T16,Table 1,2024-06-02,21:00:00,2024-06-02T21:00:00Z,Coral,8.029878933982925,8.041240487028965,-0.01136155304604003,NA,NA,NA
T1,Table 1,2024-06-03,00:00:00,2024-06-03T00:00:00Z,Algae,7.976547298989125,8.002849161030754,-0.02630186204162932,2366.852,2349.51,17.341999999999643
T2,Table 2,2024-06-03,00:00:00,2024-06-03T00:00:00Z,CCA,7.915037574888728,8.03939401809913,-0.12435644321040318,2346.444,2363.69,-17.246000000000095
T3,Table 2,2024-06-03,00:00:00,2024-06-03T00:00:00Z,Control,8.030448330295556,8.03939401809913,-0.008945687803574742,2356.603,2363.69,-7.086999999999989
T4,Table 2,2024-06-03,00:00:00,2024-06-03T00:00:00Z,Algae,7.95676234348475,8.03939401809913,-0.08263167461438048,2459.783,2363.69,96.09299999999985
T5,Table 2,2024-06-03,00:00:00,2024-06-03T00:00:00Z,CCA,7.993272771388212,8.03939401809913,-0.04612124671091866,2351.969,2363.69,-11.721000000000004
T6,Table 2,2024-06-03,00:00:00,2024-06-03T00:00:00Z,Coral,7.978127166200953,8.03939401809913,-0.0612668518981776,2337.276,2363.69,-26.414000000000215
T7,Table 2,2024-06-03,00:00:00,2024-06-03T00:00:00Z,Coral,7.965765838902617,8.03939401809913,-0.07362817919651388,2318.561,2363.69,-45.128999999999905
T8,Table 1,2024-06-03,00:00:00,2024-06-03T00:00:00Z,Control,8.032066716825833,8.002849161030754,0.029217555795078454,2355.957,2349.51,6.446999999999662
T9,Table 1,2024-06-03,00:00:00,2024-06-03T00:00:00Z,Coral,8.009730752954257,8.002849161030754,0.006881591923502128,NA,2349.51,NA
T10,Table 1,2024-06-03,00:00:00,2024-06-03T00:00:00Z,CCA,8.014314453662687,8.002849161030754,0.0114652926319323,2357.273,2349.51,7.76299999999992
T11,Table 1,2024-06-03,00:00:00,2024-06-03T00:00:00Z,Control,8.02518529369596,8.002849161030754,0.022336132665206065,2358.984,2349.51,9.473999999999705
T12,Table 1,2024-06-03,00:00:00,2024-06-03T00:00:00Z,CCA,8.007906759444515,8.002849161030754,0.005057598413760189,2357.547,2349.51,8.036999999999807
T13,Table 1,2024-06-03,00:00:00,2024-06-03T00:00:00Z,Algae,7.890482009992863,8.002849161030754,-0.11236715103789141,2383.262,2349.51,33.75199999999995
T14,Table 1,2024-06-03,00:00:00,2024-06-03T00:00:00Z,Algae,7.922807902557299,8.002849161030754,-0.08004125847345556,2377.85,2349.51,28.33999999999969
T15,Table 1,2024-06-03,00:00:00,2024-06-03T00:00:00Z,Control,8.029470399672205,8.002849161030754,0.026621238641450162,2358.249,2349.51,8.738999999999578
T16,Table 1,2024-06-03,00:00:00,2024-06-03T00:00:00Z,Coral,8.014004531254514,8.002849161030754,0.011155370223759675,2303.17,2349.51,-46.340000000000146
T1,Table 1,2024-06-03,06:00:00,2024-06-03T06:00:00Z,Algae,7.967295688938815,8.011280151320806,-0.0439844623819905,2358.64,2346.113,12.527000000000044
T2,Table 2,2024-06-03,06:00:00,2024-06-03T06:00:00Z,CCA,7.905272505303802,8.019275619285924,-0.11400311398212182,2341.554,2343.007,-1.4529999999999745
T3,Table 2,2024-06-03,06:00:00,2024-06-03T06:00:00Z,Control,8.022645694309167,8.019275619285924,0.0033700750232430465,2313.736,2343.007,-29.271000000000186
T4,Table 2,2024-06-03,06:00:00,2024-06-03T06:00:00Z,Algae,7.947558949235975,8.019275619285924,-0.0717166700499492,2408.932,2343.007,65.92499999999973
T5,Table 2,2024-06-03,06:00:00,2024-06-03T06:00:00Z,CCA,7.984736119239772,8.019275619285924,-0.03453950004615258,2258.106,2343.007,-84.90099999999984
T6,Table 2,2024-06-03,06:00:00,2024-06-03T06:00:00Z,Coral,7.973661131229899,8.019275619285924,-0.045614488056025415,2343.304,2343.007,0.29700000000002547
T7,Table 2,2024-06-03,06:00:00,2024-06-03T06:00:00Z,Coral,7.9469472081291395,8.019275619285924,-0.07232841115678479,2306.044,2343.007,-36.96300000000019
T8,Table 1,2024-06-03,06:00:00,2024-06-03T06:00:00Z,Control,8.029579013499779,8.011280151320806,0.018298862178973252,2420.65,2346.113,74.53700000000026
T9,Table 1,2024-06-03,06:00:00,2024-06-03T06:00:00Z,Coral,8.011784603187724,8.011280151320806,5.044518669183873e-4,2358.585,2346.113,12.472000000000207
T10,Table 1,2024-06-03,06:00:00,2024-06-03T06:00:00Z,CCA,8.01359755146066,8.011280151320806,0.002317400139853376,2285.129,2346.113,-60.983999999999924
T11,Table 1,2024-06-03,06:00:00,2024-06-03T06:00:00Z,Control,8.029143259887947,8.011280151320806,0.01786310856714124,2388.952,2346.113,42.8390000000004
T12,Table 1,2024-06-03,06:00:00,2024-06-03T06:00:00Z,CCA,8.014764758061578,8.011280151320806,0.0034846067407716674,2361.74,2346.113,15.626999999999953
T13,Table 1,2024-06-03,06:00:00,2024-06-03T06:00:00Z,Algae,7.87308109328354,8.011280151320806,-0.13819905803726584,2347.574,2346.113,1.46100000000024
T14,Table 1,2024-06-03,06:00:00,2024-06-03T06:00:00Z,Algae,7.912510301715075,8.011280151320806,-0.09876984960573054,2362.2,2346.113,16.08699999999999
T15,Table 1,2024-06-03,06:00:00,2024-06-03T06:00:00Z,Control,8.013630116649967,8.011280151320806,0.0023499653291612077,2339.474,2346.113,-6.638999999999669
T16,Table 1,2024-06-03,06:00:00,2024-06-03T06:00:00Z,Coral,7.997565954219294,8.011280151320806,-0.013714197101512227,2339.202,2346.113,-6.9109999999996035
T1,Table 1,2024-06-03,09:00:00,2024-06-03T09:00:00Z,Algae,7.995396454462852,8.012296932729644,-0.016900478266792085,NA,NA,NA
T2,Table 2,2024-06-03,09:00:00,2024-06-03T09:00:00Z,CCA,7.935634289438877,8.023252092501515,-0.08761780306263844,NA,NA,NA
T3,Table 2,2024-06-03,09:00:00,2024-06-03T09:00:00Z,Control,7.969016030799513,8.023252092501515,-0.054236061702002125,NA,NA,NA
T4,Table 2,2024-06-03,09:00:00,2024-06-03T09:00:00Z,Algae,7.963308496415352,8.023252092501515,-0.059943596086163176,NA,NA,NA
T5,Table 2,2024-06-03,09:00:00,2024-06-03T09:00:00Z,CCA,7.983986529257289,8.023252092501515,-0.03926556324422581,NA,NA,NA
T6,Table 2,2024-06-03,09:00:00,2024-06-03T09:00:00Z,Coral,7.9667424342207465,8.023252092501515,-0.056509658280768704,NA,NA,NA
T7,Table 2,2024-06-03,09:00:00,2024-06-03T09:00:00Z,Coral,7.974435416916993,8.023252092501515,-0.04881667558452207,NA,NA,NA
T8,Table 1,2024-06-03,09:00:00,2024-06-03T09:00:00Z,Control,7.967568898051272,8.012296932729644,-0.04472803467837139,NA,NA,NA
T9,Table 1,2024-06-03,09:00:00,2024-06-03T09:00:00Z,Coral,7.9747105471626405,8.012296932729644,-0.03758638556700333,NA,NA,NA
T10,Table 1,2024-06-03,09:00:00,2024-06-03T09:00:00Z,CCA,7.974952829711822,8.012296932729644,-0.03734410301782187,NA,NA,NA
T11,Table 1,2024-06-03,09:00:00,2024-06-03T09:00:00Z,Control,7.9623603174269695,8.012296932729644,-0.04993661530267435,NA,NA,NA
T12,Table 1,2024-06-03,09:00:00,2024-06-03T09:00:00Z,CCA,7.993817118709601,8.012296932729644,-0.018479814020042618,NA,NA,NA
T13,Table 1,2024-06-03,09:00:00,2024-06-03T09:00:00Z,Algae,8.144884626433253,8.012296932729644,0.13258769370360923,NA,NA,NA
T14,Table 1,2024-06-03,09:00:00,2024-06-03T09:00:00Z,Algae,8.025491497549464,8.012296932729644,0.013194564819819732,NA,NA,NA
T15,Table 1,2024-06-03,09:00:00,2024-06-03T09:00:00Z,Control,8.014004801634503,8.012296932729644,0.0017078689048588558,NA,NA,NA
T16,Table 1,2024-06-03,09:00:00,2024-06-03T09:00:00Z,Coral,8.033532958215304,8.012296932729644,0.021236025485659837,NA,NA,NA
F1,Table 1,2024-06-02,12:00:00,2024-06-02T12:00:00Z,Inflow,8.039081384592432,8.039081384592432,0,2343.183,2343.183,0
F2,Table 2,2024-06-02,12:00:00,2024-06-02T12:00:00Z,Inflow,8.035215197700206,8.035215197700206,0,2355.042,2355.042,0
F1,Table 1,2024-06-02,15:00:00,2024-06-02T15:00:00Z,Inflow,8.052347272116135,8.052347272116135,0,NA,NA,NA
F2,Table 2,2024-06-02,15:00:00,2024-06-02T15:00:00Z,Inflow,8.051058127757331,8.051058127757331,0,NA,NA,NA
F1,Table 1,2024-06-02,18:00:00,2024-06-02T18:00:00Z,Inflow,8.057287049229256,8.057287049229256,0,2348.571,2348.571,0
F2,Table 2,2024-06-02,18:00:00,2024-06-02T18:00:00Z,Inflow,8.052809146653267,8.052809146653267,0,2326.905,2326.905,0
F1,Table 1,2024-06-02,21:00:00,2024-06-02T21:00:00Z,Inflow,8.041240487028965,8.041240487028965,0,NA,NA,NA
F2,Table 2,2024-06-02,21:00:00,2024-06-02T21:00:00Z,Inflow,8.051552474710752,8.051552474710752,0,NA,NA,NA
F1,Table 1,2024-06-03,00:00:00,2024-06-03T00:00:00Z,Inflow,8.002849161030754,8.002849161030754,0,2349.51,2349.51,0
F2,Table 2,2024-06-03,00:00:00,2024-06-03T00:00:00Z,Inflow,8.03939401809913,8.03939401809913,0,2363.69,2363.69,0
F1,Table 1,2024-06-03,06:00:00,2024-06-03T06:00:00Z,Inflow,8.011280151320806,8.011280151320806,0,2346.113,2346.113,0
F2,Table 2,2024-06-03,06:00:00,2024-06-03T06:00:00Z,Inflow,8.019275619285924,8.019275619285924,0,2343.007,2343.007,0
F1,Table 1,2024-06-03,09:00:00,2024-06-03T09:00:00Z,Inflow,8.012296932729644,8.012296932729644,0,NA,NA,NA
F2,Table 2,2024-06-03,09:00:00,2024-06-03T09:00:00Z,Inflow,8.023252092501515,8.023252092501515,0,NA,NA,NA
