id_number,long_name,tank_number,treatment,inflow_table,date_time,date,time,npoc_u_m,npoc_u_m_norm,coble_a,coble_b,coble_c,coble_m,coble_t,m_to_c,bix,hix,fpeak,fi,lignin,ph,ph_inflow,ph_diff,ta,ta_inflow,delta_ta
MOBEAST001,MOBEAST_F1_Inflow_2024-06-02_1200,F1,Inflow,Table 1,2024-06-02T12:00:00Z,2024-06-02,12:00:00,138.7623813211,0,0,0,0,0,0,0,0,0,0,0,0,8.039081384592432,8.039081384592432,0,2343.183,2343.183,0
MOBEAST002,MOBEAST_F2_Inflow_2024-06-02_1200,F2,Inflow,Table 2,2024-06-02T12:00:00Z,2024-06-02,12:00:00,146.089181590859,0,0,0,0,0,0,0,0,0,0,0,0,8.035215197700206,8.035215197700206,0,2355.042,2355.042,0
MOBEAST003,MOBEAST_T1_A_2024-06-02_1200,T1,Algae,Table 1,2024-06-02T12:00:00Z,2024-06-02,12:00:00,215.527265965625,76.76488464452498,0.01348318648733474,0.0191823380360978,0.01663798875321304,0.01582010972992,0.0264928057182942,0.32263966474229,0.11671990820967604,0.346934438774256,0.00241336258706559,-0.20319739923339997,0.0198909271774408,8.272669267393425,8.039081384592432,0.2335878828009932,2308.968,2343.183,-34.215000000000146
MOBEAST004,MOBEAST_T2_R_2024-06-02_1200,T2,CCA,Table 2,2024-06-02T12:00:00Z,2024-06-02,12:00:00,159.410636626786,13.321455035926988,0.00115862255571609,0.0109038772007349,0.00457105567783967,0.00290517400234812,-0.00212033591069549,0.29758501462725,0.11838665976374396,0.10896785624172196,-0.0179459636552136,0.40317353391052,-0.01035614275682779,8.147382772593602,8.035215197700206,0.11216757489339636,2215.542,2355.042,-139.5
MOBEAST005,MOBEAST_T3_C_2024-06-02_1200,T3,Control,Table 2,2024-06-02T12:00:00Z,2024-06-02,12:00:00,207.700911132018,61.61172954115901,-4.480162876554896e-4,0.03528496800810259,0.00231971690209226,0.00187710826440271,0.0335609838510507,0.149409730396379,0.5430155004001819,-0.152989606374483,2.430570206225016e-4,0.47256428178063015,0.0368850594077853,8.030935903973361,8.035215197700206,-0.0042792937268441,2357.832,2355.042,2.7899999999999636
MOBEAST006,MOBEAST_T4_A_2024-06-02_1200,T4,Algae,Table 2,2024-06-02T12:00:00Z,2024-06-02,12:00:00,258.322440268538,112.233258677679,0.00446220268958808,0.01110646290688559,0.0072367491076375,0.00484140780896032,0.0068565613244677,0.393839825907666,0.196044689878617,0.10974381604545395,0.0015109734397691,-0.05690751733455013,-0.0222023074347949,8.080431172347458,8.035215197700206,0.04521597464725246,2425.624,2355.042,70.58199999999988
MOBEAST007,MOBEAST_T5_R_2024-06-02_1200,T5,CCA,Table 2,2024-06-02T12:00:00Z,2024-06-02,12:00:00,142.176004174056,-3.913177416802995,2.6989545083660332e-5,0.04559590141550249,0.00166439477734377,-3.1536734973310054e-4,-0.0017891793318504,0.22539824346281395,0.3052026140968179,-0.01548278147439402,0.03716000932171629,0.05057228283133996,0.0110091009500944,8.093517642417265,8.035215197700206,0.05830244471705903,2327.843,2355.042,-27.19900000000007
MOBEAST008,MOBEAST_T6_K_2024-06-02_1200,T6,Coral,Table 2,2024-06-02T12:00:00Z,2024-06-02,12:00:00,183.972069349275,37.88288775841599,0.00169543667113215,0.05163635687556549,0.00253837038065692,0.00584255439305802,0.06380081959107309,0.00346534557176897,0.600710284741032,-0.14623786281912204,-0.03051781710410399,0.6018462713860999,0.00925602816060339,8.090905911676884,8.035215197700206,0.05569071397667891,2289.006,2355.042,-66.03600000000006
MOBEAST009,MOBEAST_T7_K_2024-06-02_1200,T7,Coral,Table 2,2024-06-02T12:00:00Z,2024-06-02,12:00:00,147.088290718554,0.999109127694993,-9.8470763893504e-4,0.0196209244130229,0.00109873800274173,3.1509553829841934e-4,0.01328233902375789,0.11200787726198597,0.439839008096259,0.001471373723537,0.03987159874772739,-0.10789219846581012,-0.01851524955810882,8.04884072680115,8.035215197700206,0.01362552910094372,2346.496,2355.042,-8.545999999999822
MOBEAST010,MOBEAST_T8_C_2024-06-02_1200,T8,Control,Table 1,2024-06-02T12:00:00Z,2024-06-02,12:00:00,137.430235817507,-1.3321455035930114,-0.00248252769475092,0.0274105581779321,-0.00195573138154658,-0.00297104792431855,-0.0145667059280623,-0.05631791672048597,-0.03015286979761899,-0.02613313063359301,3.979422881301986e-4,-0.4294085488206101,-0.0299208053165595,8.045235850951313,8.039081384592432,0.00615446635888083,2356.019,2343.183,12.835999999999784
MOBEAST011,MOBEAST_T9_K_2024-06-02_1200,T9,Coral,Table 1,2024-06-02T12:00:00Z,2024-06-02,12:00:00,144.840295181241,6.077913860140995,-0.00206685563651335,0.026729069516569,-0.00135284705766506,-0.0022743345135714,-0.0192398628519072,-0.020733277777634,0.07573583070934298,-0.00697691823602603,0.0068432351480191,0.06296905169818001,-0.0344124343462997,8.06139510534282,8.039081384592432,0.02231372075038784,2344.891,2343.183,1.7080000000000837
MOBEAST012,MOBEAST_T10_R_2024-06-02_1200,T10,CCA,Table 1,2024-06-02T12:00:00Z,2024-06-02,12:00:00,182.723182939657,43.960801618556985,0.00552160354470374,0.0666795749476736,0.00862059572117444,0.00764200423032169,0.0689797449842319,0.260799224409172,0.57614165597542,0.02163359679657101,-0.0076626633536928,-0.11198816238836008,-0.0029460679702945,8.188787587480503,8.039081384592432,0.1497062028880709,2163.075,2343.183,-180.10800000000015
MOBEAST013,MOBEAST_T11_C_2024-06-02_1200,T11,Control,Table 1,2024-06-02T12:00:00Z,2024-06-02,12:00:00,128.688030950181,-10.074350370919008,-0.00103337872421858,0.0485646981033131,3.7266076938945007e-4,-1.362659125602097e-4,-0.0050267287662315,0.04473083129001898,0.05999697047154606,-0.04353946160857702,0.0279624420340508,-0.25948309260205993,0.0199315470145322,8.034143683857662,8.039081384592432,-0.00493770073476973,2365.13,2343.183,21.947000000000116
MOBEAST014,MOBEAST_T12_R_2024-06-02_1200,T12,CCA,Table 1,2024-06-02T12:00:00Z,2024-06-02,12:00:00,152.500131826899,13.737750505799,9.53566145478181e-4,0.02626320169602479,0.00305903762825334,0.00255518120037289,0.02206467353415989,0.13635368582638596,0.271168279474296,-0.01184106574480803,-0.0037787926165182,0.09856055108906991,-0.0287663165946914,8.14851720815794,8.039081384592432,0.10943582356550864,2215.887,2343.183,-127.29599999999982
MOBEAST015,MOBEAST_T13_A_2024-06-02_1200,T13,Algae,Table 1,2024-06-02T12:00:00Z,2024-06-02,12:00:00,148.004140752274,9.241759431173987,-0.00114449473648277,0.0100144343580656,8.878596081935003e-4,5.004941546094994e-4,-0.0133773301610721,0.05922989418897706,0.10478982537875604,0.06916756459142898,0.0136835492172834,-0.21124803654966007,-0.03691595323951807,8.194982848963363,8.039081384592432,0.1559014643709311,2325.067,2343.183,-18.115999999999985
MOBEAST016,MOBEAST_T14_A_2024-06-02_1200,T14,Algae,Table 1,2024-06-02T12:00:00Z,2024-06-02,12:00:00,139.075990575071,0.3136092539709807,-0.00109553532841096,0.0171347195104978,0.00107851464985193,-3.094762540600468e-6,-5.841751801396039e-4,0.10736810981200208,0.075101162706248,-0.00337680651890598,0.01789200565918439,0.06766051924327998,-0.045838590706895,8.121747207855945,8.039081384592432,0.0826658232635129,2337.419,2343.183,-5.764000000000124
MOBEAST017,MOBEAST_T15_C_2024-06-02_1200,T15,Control,Table 1,2024-06-02T12:00:00Z,2024-06-02,12:00:00,132.83155852698,-5.930822794120019,-7.445502940211027e-5,0.00607313103658739,-7.684696240617597e-4,0.0019980096153915,-0.025828071923558,-0.150489005721898,-0.21923318903691097,0.120892888855763,0.0107168627120251,0.22094761976341992,-0.03942534515773485,8.047537343753547,8.039081384592432,0.00845595916111463,2362.45,2343.183,19.266999999999825
MOBEAST018,MOBEAST_T16_K_2024-06-02_1200,T16,Coral,Table 1,2024-06-02T12:00:00Z,2024-06-02,12:00:00,140.075099702765,1.312718381664979,-0.0028723053853529,0.02051984829047119,-6.949429659990399e-4,-8.144443660333903e-4,-0.0184941076722425,-0.02901088347036501,0.00423132131225101,0.01052002649987998,-0.02113771220272518,-0.21064035350072996,-0.04563396822497201,8.061930575755891,8.039081384592432,0.02284919116345918,2340.188,2343.183,-2.994999999999891
MOBEAST019,MOBEAST_F1_Inflow_2024-06-02_1800,F1,Inflow,Table 1,2024-06-02T18:00:00Z,2024-06-02,18:00:00,113.01589416104,0,0,0,0,0,0,0,0,0,0,0,0,8.057287049229256,8.057287049229256,0,2348.571,2348.571,0
MOBEAST020,MOBEAST_F2_Inflow_2024-06-02_1800,F2,Inflow,Table 2,2024-06-02T18:00:00Z,2024-06-02,18:00:00,103.940652917815,0,0,0,0,0,0,0,0,0,0,0,0,8.052809146653267,8.052809146653267,0,2326.905,2326.905,0
MOBEAST021,MOBEAST_T1_A_2024-06-02_1800,T1,Algae,Table 1,2024-06-02T18:00:00Z,2024-06-02,18:00:00,118.261217081436,5.245322920396006,4.0781883198957e-4,0.0123872340087114,0.00387033212006737,0.0023944067890725,-0.0248750103604746,0.20259852481492704,-0.04832802665291402,0.22616880218952495,-0.0069000340711378,-0.34934777146597007,-0.03276423782296118,8.02190109957137,8.057287049229256,-0.03538594965788633,2370.89,2348.571,22.31899999999996
MOBEAST022,MOBEAST_T2_R_2024-06-02_1800,T2,CCA,Table 2,2024-06-02T18:00:00Z,2024-06-02,18:00:00,105.855612079229,1.9149591614140036,0.00168777990746652,0.01835376707485829,0.00362976848551212,0.00172381807573206,0.0157642093837556,0.23150384615434297,0.05423629858419299,-0.10590100961515105,0.0383341795314613,-0.13746007491406995,0.01012379702584354,8.005243259805392,8.052809146653267,-0.04756588684787566,2336.88,2326.905,9.974999999999907
MOBEAST023,MOBEAST_T3_C_2024-06-02_1800,T3,Control,Table 2,2024-06-02T18:00:00Z,2024-06-02,18:00:00,100.277252782935,-3.663400134880007,0.00216923791625658,-0.0020914473524284,0.00105777156357443,0.00299942577645336,0.00413876710433529,-0.056640671320205,0.05904930552110299,0.04414379906105703,-0.01097918486557615,0.11804866044189,0.02821160640720664,8.054624546644947,8.052809146653267,0.00181539999167945,2358,2326.905,31.0949999999998
MOBEAST024,MOBEAST_T4_A_2024-06-02_1800,T4,Algae,Table 2,2024-06-02T18:00:00Z,2024-06-02,18:00:00,128.002531076457,24.06187815864199,6.549196200457599e-4,0.01276631567115599,0.00261286570939632,3.553200107084889e-4,0.0094628357909141,0.24230854766204304,0.09537108841549202,-0.10489890290343408,-0.00405868431842851,-0.25750666838416003,0.00762781986739543,7.995566812237878,8.052809146653267,-0.05724233441538917,2371.09,2326.905,44.184999999999945
MOBEAST025,MOBEAST_T5_R_2024-06-02_1800,T5,CCA,Table 2,2024-06-02T18:00:00Z,2024-06-02,18:00:00,107.687312146669,3.746659228854,0.00135143368803664,0.020097373155979,0.00206587398992785,0.00268304002855926,0.0209056037011265,0.03945754903976795,0.09843187566502098,-0.10359004798049,-0.0123931740910441,0.06934233657404976,-0.00778986763933463,8.027707544751832,8.052809146653267,-0.02510160190143473,2342.425,2326.905,15.519999999999982
MOBEAST026,MOBEAST_T6_K_2024-06-02_1800,T6,Coral,Table 2,2024-06-02T18:00:00Z,2024-06-02,18:00:00,128.751862922228,24.811210004413013,0.00282006422352518,0.0398206813319858,0.0030654306330472,0.00586513913271447,0.061441884592286,-0.02555831006562603,0.11463819783857798,-0.30220396090096,0.0129141397431411,0.0067842992529199,0.04013801707782734,8.013710477340426,8.052809146653267,-0.03909866931284078,2333.561,2326.905,6.655999999999949
MOBEAST027,MOBEAST_T7_K_2024-06-02_1800,T7,Coral,Table 2,2024-06-02T18:00:00Z,2024-06-02,18:00:00,110.018566777956,6.077913860140995,-9.5568918901902e-4,0.02247191416641359,6.783686869588001e-4,2.351369906367952e-5,0.0105053278208037,0.06931670757122399,0.07981924552060804,-0.217579663184268,0.0174834370126197,0.62887376642106,0.01657650196290783,8.011349692927423,8.052809146653267,-0.04145945372584414,2315.251,2326.905,-11.653999999999996
MOBEAST028,MOBEAST_T8_C_2024-06-02_1800,T8,Control,Table 1,2024-06-02T18:00:00Z,2024-06-02,18:00:00,428.817637606468,315.801743445428,-8.118592189385303e-4,0.026024997635666,0.00131290445000392,0.0013575950685083,-0.0283134672838971,0.04900003043651502,-0.20062241662911007,0.14363689356895704,0.00591374407403839,0.05708585521339016,-0.03765502940034652,8.05911062318035,8.057287049229256,0.00182357395109455,2346.573,2348.571,-1.9980000000000473
MOBEAST029,MOBEAST_T9_K_2024-06-02_1800,T9,Coral,Table 1,2024-06-02T18:00:00Z,2024-06-02,18:00:00,140.574654266612,27.55876010557199,-1.2364216318739088e-4,0.11154184398343132,0.0035496373572997,0.0020592529435877,0.13186690091142972,0.19700339057218907,0.585256467660789,-0.255878636160144,0.0236988906262032,-0.3119549124685099,-0.00732052569152999,8.049580364165314,8.057287049229256,-0.00770668506394223,2347.496,2348.571,-1.074999999999818
MOBEAST030,MOBEAST_T10_R_2024-06-02_1800,T10,CCA,Table 1,2024-06-02T18:00:00Z,2024-06-02,18:00:00,123.423280907857,10.40738674681701,0.00171281353557926,0.07727564269250131,0.00498993370082245,0.0035058955956624,0.0700472105269097,0.22328334899007607,0.446491427656869,-0.136044653912267,0.00343233240769889,-0.1164230159277002,0.0205063112398893,8.033367969181763,8.057287049229256,-0.02391908004749332,2346.884,2348.571,-1.686999999999898
MOBEAST031,MOBEAST_T11_C_2024-06-02_1800,T11,Control,Table 1,2024-06-02T18:00:00Z,2024-06-02,18:00:00,387.854163370994,274.838269209954,-0.00415206018663544,0.0365270244915294,-1.5572017966121977e-4,-0.0028660909724622,0.0036769851222099,0.19299477452860103,0.23481419878907905,-0.147631484033314,-0.0109660646582112,-0.12343397847894,0.0057132156552387,8.048189493504443,8.057287049229256,-0.00909755572481252,2346.73,2348.571,-1.8409999999998945
MOBEAST032,MOBEAST_T12_R_2024-06-02_1800,T12,CCA,Table 1,2024-06-02T18:00:00Z,2024-06-02,18:00:00,123.173503625934,10.157609464894009,3.4635943928456973e-4,0.09174747157373132,0.0034082246036405,0.003183849520383,0.0527995240702277,0.12381939307906908,0.2802505520314089,-0.19268531572432104,-0.0084150246739522,-0.7192811705304101,0.0237157155723204,8.039942493085857,8.057287049229256,-0.01734455614339936,2344.997,2348.571,-3.574000000000069
MOBEAST033,MOBEAST_T13_A_2024-06-02_1800,T13,Algae,Table 1,2024-06-02T18:00:00Z,2024-06-02,18:00:00,131.249635741464,18.23374158042401,0.00402996722237476,0.0889125380230753,0.00786095713180404,0.00664946671464639,0.0480962428449917,0.2495067926141921,0.189732778121269,-0.08026054164843499,0.0039371606647468,-0.59044969383852,0.03064694406607639,8.009743619735795,8.057287049229256,-0.04754342949346046,2354.424,2348.571,5.8530000000000655
MOBEAST034,MOBEAST_T14_A_2024-06-02_1800,T14,Algae,Table 1,2024-06-02T18:00:00Z,2024-06-02,18:00:00,102.858284696146,-10.157609464893994,-0.00267112399145099,0.0465062960735556,0.001854244180396,-0.00117935122841678,-0.0191059649195144,0.27685290060619006,-0.06688219843138399,0.01494523719110496,-0.0304533832692455,-0.6514578096734001,-0.02961486923861409,8.030702788271917,8.057287049229256,-0.02658426095733901,2343.944,2348.571,-4.626999999999953
MOBEAST035,MOBEAST_T15_C_2024-06-02_1800,T15,Control,Table 1,2024-06-02T18:00:00Z,2024-06-02,18:00:00,129.001640204151,15.985746043110993,0.00215199244292636,0.1270874406172073,0.00532880772070515,0.0053905172136951,0.12832976841044869,0.15170298314637098,0.312294228761419,-0.244659257688226,0.0245519282915106,-0.5042712533046101,0.0454827815983515,8.056982128280218,8.057287049229256,-3.049209490377791e-4,2354.266,2348.571,5.695000000000164
MOBEAST036,MOBEAST_T16_K_2024-06-02_1800,T16,Coral,Table 1,2024-06-02T18:00:00Z,2024-06-02,18:00:00,134.330222218522,21.314328057482015,0.00547956304592536,0.12458245237615231,0.00958066535644125,0.0091970953554958,0.1627809034117647,0.233260746382715,0.37622556735285895,-0.205069930500316,-0.0028813426102902,-0.64524027450256,0.0640499536247138,7.993301987325555,8.057287049229256,-0.06398506190370057,2359.864,2348.571,11.29300000000012
MOBEAST037,MOBEAST_F1_Inflow_2024-06-03_0000,F1,Inflow,Table 1,2024-06-03T00:00:00Z,2024-06-03,00:00:00,318.582597184177,0,0,0,0,0,0,0,0,0,0,0,0,8.002849161030754,8.002849161030754,0,2349.51,2349.51,0
MOBEAST038,MOBEAST_F2_Inflow_2024-06-03_0000,F2,Inflow,Table 2,2024-06-03T00:00:00Z,2024-06-03,00:00:00,322.079479131108,0,0,0,0,0,0,0,0,0,0,0,0,8.03939401809913,8.03939401809913,0,2363.69,2363.69,0
MOBEAST039,MOBEAST_T1_A_2024-06-03_0000,T1,Algae,Table 1,2024-06-03T00:00:00Z,2024-06-03,00:00:00,158.14232309524,-160.44027408893703,-7.171382686528005e-4,0.04688067982868831,0.00459206782366007,1.6469010964259914e-4,-0.096804537768293,0.30352977314026997,-0.13679922738222006,0.11089874295671404,-0.00901264928260349,-0.5447296683879501,-0.02882676284668439,7.976547298989125,8.002849161030754,-0.02630186204162932,2366.852,2349.51,17.341999999999643
MOBEAST040,MOBEAST_T2_R_2024-06-03_0000,T2,CCA,Table 2,2024-06-03T00:00:00Z,2024-06-03,00:00:00,355.050080345026,32.97060121391803,-0.0018031410515253,0.0037233069567132,0.00256856248393541,-0.002813634414993,-0.025191749429187,0.277945041523582,0.03730609591553102,0.03307444446788799,-0.0030818426145474,-0.44163374200598016,-0.00655897253493599,7.915037574888728,8.03939401809913,-0.12435644321040318,2346.444,2363.69,-17.246000000000095
MOBEAST041,MOBEAST_T3_C_2024-06-03_0000,T3,Control,Table 2,2024-06-03T00:00:00Z,2024-06-03,00:00:00,336.816338764602,14.73685963349402,-0.00187152776954009,0.0092426656366744,9.920879719130093e-4,-3.585731132445015e-4,0.06067814033774998,0.06897575247459398,0.216047359867518,-0.07324874574295198,0.0506456926017947,-0.3112004038705902,0.02397034411301299,8.030448330295556,8.03939401809913,-0.00894568780357474,2356.603,2363.69,-7.086999999999989
MOBEAST042,MOBEAST_T4_A_2024-06-03_0000,T4,Algae,Table 2,2024-06-03T00:00:00Z,2024-06-03,00:00:00,108.686421274364,-213.393057856744,4.476247931754998e-4,0.009716860375965,0.0040234507048449,0.00121345241918279,-0.04461317115320101,0.17887745893388296,-0.07259972900921396,0.10546341432442202,0.02723918427040831,-0.4239993402243101,-0.04911417471963,7.95676234348475,8.03939401809913,-0.08263167461438048,2459.783,2363.69,96.09299999999983
MOBEAST043,MOBEAST_T5_R_2024-06-03_0000,T5,CCA,Table 2,2024-06-03T00:00:00Z,2024-06-03,00:00:00,311.422315102367,-10.657164028740963,1.0701833703090012e-4,0.066869788031295,0.00198594775773331,-3.503738482322008e-4,-0.02647350401046502,0.126372873408632,-0.03756465848983004,0.02450749572365401,0.0020594211704757,-0.3891297931430502,-0.04885439048603249,7.993272771388212,8.03939401809913,-0.04612124671091866,2351.969,2363.69,-11.721000000000004
MOBEAST044,MOBEAST_T6_K_2024-06-03_0000,T6,Coral,Table 2,2024-06-03T00:00:00Z,2024-06-03,00:00:00,94.8654116745902,-227.21406745651777,1.4153865456550084e-4,0.05335479637644601,0.0019172232685116,0.00103187112940819,-0.03999987547492902,0.07276892781247601,-0.051042840339792,0.04714693576540402,0.0037688657562828,-0.30020467274199003,-0.0753314318091423,7.978127166200953,8.03939401809913,-0.0612668518981776,2337.276,2363.69,-26.414000000000215
MOBEAST045,MOBEAST_T7_K_2024-06-03_0000,T7,Coral,Table 2,2024-06-03T00:00:00Z,2024-06-03,00:00:00,92.367638855354,-229.71184027575396,-0.0025130647581901,0.045471265566617,3.433120120190092e-4,-0.0028429347481978,-0.08029883020896782,0.12856610629367293,-0.21101098400782203,0.107263225139072,0.03220233336348421,-0.3115592730344001,-0.089638552348842,7.965765838902617,8.03939401809913,-0.07362817919651388,2318.561,2363.69,-45.128999999999905
MOBEAST046,MOBEAST_T8_C_2024-06-03_0000,T8,Control,Table 1,2024-06-03T00:00:00Z,2024-06-03,00:00:00,85.7901704313654,-232.7924267528116,0.003698143962366,0.06443318612828132,0.00441417253357327,0.00349011399638349,-0.05092469476636099,0.15616194514814297,-0.30262240767579196,0.07979890419609503,0.023203216105754,-0.29984786274937014,-0.0779106170462334,8.032066716825833,8.002849161030754,0.02921755579507845,2355.957,2349.51,6.446999999999662
MOBEAST047,MOBEAST_T9_K_2024-06-03_0000,T9,Coral,Table 1,2024-06-03T00:00:00Z,2024-06-03,00:00:00,88.7874978144488,-229.79509936972823,0.00185158099237789,0.04961970829382831,0.00446643464433607,0.00306561242698689,-0.10183931551397,0.17356725203148804,-0.24786953241486495,0.172112072556045,-0.01758107896891629,-0.32536851620240026,-0.11110072111578674,8.009730752954257,8.002849161030754,0.00688159192350212,NA,2349.51,NA
MOBEAST048,MOBEAST_T10_R_2024-06-03_0000,T10,CCA,Table 1,2024-06-03T00:00:00Z,2024-06-03,00:00:00,86.8725386530344,-231.71005853114264,0.00219335708229909,0.05310923778587531,0.00424338707857066,0.00196374536492269,-0.1589110265236241,0.201378947269085,-0.428000367055803,0.275247083365666,-0.0389082800437421,-0.07402526005889021,-0.0710745906137881,8.014314453662687,8.002849161030754,0.0114652926319323,2357.273,2349.51,7.76299999999992
MOBEAST049,MOBEAST_T11_C_2024-06-03_0000,T11,Control,Table 1,2024-06-03T00:00:00Z,2024-06-03,00:00:00,81.5439566386639,-237.03864054551312,0.00292931952509249,0.0455306223226813,0.00382056803959157,0.00357940780123329,-0.1580909648916729,0.12076592440327404,-0.543525384221724,0.353994640086085,-0.02635881341257789,-0.16019593233238028,-0.1089840048741666,8.02518529369596,8.002849161030754,0.02233613266520606,2358.984,2349.51,9.473999999999704
MOBEAST050,MOBEAST_T12_R_2024-06-03_0000,T12,CCA,Table 1,2024-06-03T00:00:00Z,2024-06-03,00:00:00,83.7086930820019,-234.87390410217512,0.00462632160412709,0.0551001208348693,0.00520957195262517,0.0075334659440217,-0.04069503472916799,0.08177394396426496,-0.1885924256198901,0.10737911981585802,-0.0389082800437421,0.04397775744839993,-0.0661103667576545,8.007906759444515,8.002849161030754,0.00505759841376018,2357.547,2349.51,8.036999999999807
MOBEAST051,MOBEAST_T13_A_2024-06-03_0000,T13,Algae,Table 1,2024-06-03T00:00:00Z,2024-06-03,00:00:00,362.210362426836,43.627765242658995,0.00414088260048789,0.03371956061695931,0.00975488295865947,0.0062029728341884,-0.1383622886321766,0.332826983018363,-0.299647969925661,0.308331066936762,-0.01688606468576009,-0.3260414533429201,-0.04341888672433039,7.890482009992863,8.002849161030754,-0.1123671510378914,2383.262,2349.51,33.75199999999995
MOBEAST052,MOBEAST_T14_A_2024-06-03_0000,T14,Algae,Table 1,2024-06-03T00:00:00Z,2024-06-03,00:00:00,99.5279209371644,-219.05467624701265,0.00411373119211579,0.0351879310771673,0.00757880514242666,0.00447164557665069,-0.1407288634145408,0.290058251657345,-0.304649920111839,0.3288534870599,-0.01528948152224699,-0.28002580156522017,-0.06821513203477239,7.922807902557299,8.002849161030754,-0.08004125847345556,2377.85,2349.51,28.33999999999969
MOBEAST053,MOBEAST_T15_C_2024-06-03_0000,T15,Control,Table 1,2024-06-03T00:00:00Z,2024-06-03,00:00:00,93.1169707011248,-225.46562648305223,0.00416078185866259,0.04045005132397231,0.00435390755423267,0.00535287511033219,-0.1241903422609804,0.096911041357156,-0.33012231660422,0.274750369493985,-0.0248502611718157,-0.02373779943576037,-0.0777361254601894,8.029470399672205,8.002849161030754,0.02662123864145016,2358.249,2349.51,8.738999999999578
MOBEAST054,MOBEAST_T16_K_2024-06-03_0000,T16,Coral,Table 1,2024-06-03T00:00:00Z,2024-06-03,00:00:00,89.4535705662451,-229.1290266179319,3.5328283619369925e-4,0.02908337604423111,0.00389155189671986,0.00222273049727409,-0.1335275580134955,0.17065647460780398,-0.30549948661814397,0.209970037205857,-0.00460360948869459,-0.3094902939392703,-0.098262053195308,8.014004531254514,8.002849161030754,0.01115537022375967,2303.17,2349.51,-46.340000000000146
MOBEAST055,MOBEAST_F1_Inflow_2024-06-03_0600,F1,Inflow,Table 1,2024-06-03T06:00:00Z,2024-06-03,06:00:00,75.0663991274447,0,0,0,0,0,0,0,0,0,0,0,0,8.011280151320806,8.011280151320806,0,2346.113,2346.113,0
MOBEAST056,MOBEAST_F2_Inflow_2024-06-03_0600,F2,Inflow,Table 2,2024-06-03T06:00:00Z,2024-06-03,06:00:00,NA,NA,0,0,0,0,0,0,0,0,0,0,0,8.019275619285924,8.019275619285924,0,2343.007,2343.007,0
MOBEAST057,MOBEAST_T1_A_2024-06-03_0600,T1,Algae,Table 1,2024-06-03T06:00:00Z,2024-06-03,06:00:00,84.5412840217473,9.474884894302605,-4.141155683268505e-4,-0.0367874866475826,0.00156578260792804,4.223880247280001e-5,-0.0293942202041662,0.13359161263018804,0.285505314775948,0.109616934490824,0.0032386433173479,-0.4213126795234998,0.0384033246632602,7.967295688938815,8.011280151320806,-0.0439844623819905,2358.64,2346.113,12.527000000000044
MOBEAST058,MOBEAST_T2_R_2024-06-03_0600,T2,CCA,Table 2,2024-06-03T06:00:00Z,2024-06-03,06:00:00,79.3792201953258,4.312821067881103,0.00133947747425799,-0.0234799441031542,0.00532925711381915,0.001329222301117,-0.0021744951590555,0.309008778448849,0.17727764323681203,0.135171254765881,0.00886072384965849,-0.29550619198519,0.0119576016383469,7.905272505303802,8.019275619285924,-0.11400311398212182,2341.554,2343.007,-1.4529999999999743
MOBEAST059,MOBEAST_T3_C_2024-06-03_0600,T3,Control,Table 2,2024-06-03T06:00:00Z,2024-06-03,06:00:00,71.5278876335268,-3.5385114939178948,-0.00416539720823893,-0.0428264754497346,-0.00247022170744224,-0.00387295018992448,0.0493036836446436,-0.007039808567455,0.4186673207314981,-0.36868655608628903,-0.00290662784251,-0.3663262574392001,0.0152934670403679,8.022645694309167,8.019275619285924,0.00337007502324304,2313.736,2343.007,-29.271000000000186
MOBEAST060,MOBEAST_T4_A_2024-06-03_0600,T4,Algae,Table 2,2024-06-03T06:00:00Z,2024-06-03,06:00:00,131.665931211337,56.59953208389231,8.257330219215986e-4,-0.0303071270941897,0.00487419426127955,-5.878320662758008e-4,-0.0126135646708042,0.41386623759721203,0.15294387201526605,0.163854917627152,-0.0047402745567514,-0.27637098150018,0.008874512292173,7.947558949235975,8.019275619285924,-0.0717166700499492,2408.932,2343.007,65.92499999999973
MOBEAST061,MOBEAST_T5_R_2024-06-03_0600,T5,CCA,Table 2,2024-06-03T06:00:00Z,2024-06-03,06:00:00,75.1663100402142,0.09991091276950216,-0.0015275795264561,-0.0282543540064489,0.00131157026796951,-0.0021294761573453,0.06063745426563,0.23688292820383097,0.450369507048178,-0.25036035867296,-0.019856625003332,-0.13917260128475006,0.0271841996169408,7.984736119239772,8.019275619285924,-0.03453950004615258,2258.106,2343.007,-84.90099999999984
MOBEAST062,MOBEAST_T6_K_2024-06-03_0600,T6,Coral,Table 2,2024-06-03T06:00:00Z,2024-06-03,06:00:00,83.3756567061037,8.309257578659,-3.0723934813810076e-4,-0.0123724756532464,0.00275172755563695,0.00109704810310459,0.090937968380559,0.14436237016294695,0.482987522643448,-0.32084058963524204,0.0187181120642919,-0.11361202901558,0.0243754113297962,7.973661131229899,8.019275619285924,-0.04561448805602541,2343.304,2343.007,0.29700000000002547
MOBEAST063,MOBEAST_T7_K_2024-06-03_0600,T7,Coral,Table 2,2024-06-03T06:00:00Z,2024-06-03,06:00:00,99.1116254672917,24.045226339847005,-0.00297415903074328,-0.0288769763339247,5.648904900649298e-4,-0.00399899418350561,-0.006754913480147,0.329524447108418,0.16683865041036605,-0.04583835823293103,-0.0229122969726121,-0.14165233236298014,0.0110393112521221,7.9469472081291395,8.019275619285924,-0.07232841115678479,2306.044,2343.007,-36.96300000000019
MOBEAST064,MOBEAST_T8_C_2024-06-03_0600,T8,Control,Table 1,2024-06-03T06:00:00Z,2024-06-03,06:00:00,82.197540526364,7.131141398919297,8.717853186901887e-4,0.0027162971832762,0.00163380891043351,-9.87367418125499e-4,-0.0519245221632034,0.211202529832906,0.17732615302369403,0.33785750138301607,-0.0292939746813898,0.03637380699934001,-0.0164911382109073,8.029579013499779,8.011280151320806,0.01829886217897325,2420.65,2346.113,74.53700000000026
MOBEAST065,MOBEAST_T9_K_2024-06-03_0600,T9,Coral,Table 1,2024-06-03T06:00:00Z,2024-06-03,06:00:00,150.703123048615,75.6367239211703,6.28793262392369e-4,0.00836989733835399,0.00263012709641836,0.0013939805062201,-0.05907246249885081,0.14006286670039703,0.07118998612032501,0.33913987626292996,-0.0085041172980211,0.1693903358680202,-0.0164911382109073,8.011784603187724,8.011280151320806,5.044518669183873e-4,2358.585,2346.113,12.472000000000207
MOBEAST066,MOBEAST_T10_R_2024-06-03_0600,T10,CCA,Table 1,2024-06-03T06:00:00Z,2024-06-03,06:00:00,150.703123048615,75.6367239211703,0.00207058235327978,0.0104723828491184,0.00402730389743125,0.0017689581689345,-0.0554831866408405,0.22472453626771705,0.04239727268091398,0.447248442101314,-0.02398850053556368,-0.03871678168817993,-0.00767297986313111,8.01359755146066,8.011280151320806,0.00231740013985337,2285.129,2346.113,-60.98399999999992
MOBEAST067,MOBEAST_T11_C_2024-06-03_0600,T11,Control,Table 1,2024-06-03T06:00:00Z,2024-06-03,06:00:00,87.0099161580924,11.943517030647698,0.00175533851512648,0.0113890233073689,0.00271815007215167,0.0036146327834362,-0.0048328773070957,0.03825604040901709,0.4204932666837239,0.097788080710412,-0.02180720650413437,0.3423348204009302,0.0631177503251937,8.029143259887947,8.011280151320806,0.01786310856714124,2388.952,2346.113,42.8390000000004
MOBEAST068,MOBEAST_T12_R_2024-06-03_0600,T12,CCA,Table 1,2024-06-03T06:00:00Z,2024-06-03,06:00:00,NA,NA,-5.195324076061603e-4,-0.00348997702412619,7.2615555102532e-4,-0.00189515054154306,-0.0643251957266447,0.19260950903807503,0.094780890460761,0.364643558846957,-0.0292939746813898,0.2668121240416499,-0.0014349622513527,8.014764758061578,8.011280151320806,0.00348460674077166,2361.74,2346.113,15.626999999999953
MOBEAST069,MOBEAST_T13_A_2024-06-03_0600,T13,Algae,Table 1,2024-06-03T06:00:00Z,2024-06-03,06:00:00,116.983189988927,41.9167908614823,0.00341740759597778,0.0103051252576878,0.00623281544938485,0.0040770567138916,-0.0378266128278022,0.2452905306174611,0.14899353603142795,0.253750041194568,0.0081137432814006,-0.18075849973644,0.02336580435971279,7.87308109328354,8.011280151320806,-0.13819905803726584,2347.574,2346.113,1.46100000000024
MOBEAST070,MOBEAST_T14_A_2024-06-03_0600,T14,Algae,Table 1,2024-06-03T06:00:00Z,2024-06-03,06:00:00,127.224058547795,52.1576594203503,0.00192380745180629,0.0061092845017483,0.00482449218808365,0.0020933908519468,-0.05223423701062411,0.263899799032401,0.18639925700904603,0.34432019822718696,-0.01391589351635949,-0.23648441393016983,0.0186844691561378,7.912510301715075,8.011280151320806,-0.09876984960573054,2362.2,2346.113,16.08699999999999
MOBEAST071,MOBEAST_T15_C_2024-06-03_0600,T15,Control,Table 1,2024-06-03T06:00:00Z,2024-06-03,06:00:00,153.117636773877,78.0512376464323,0.00301492550588998,0.0059756948781218,0.00392161301483964,0.0033508275525145,0.068830899120077,0.13054501371040206,0.29100692600923894,-0.022172558105569,0.0548447574321225,0.3583263016057099,0.0290767545508777,8.013630116649967,8.011280151320806,0.0023499653291612,2339.474,2346.113,-6.638999999999669
MOBEAST072,MOBEAST_T16_K_2024-06-03_0600,T16,Coral,Table 1,2024-06-03T06:00:00Z,2024-06-03,06:00:00,91.2561299507939,16.18973082334921,-0.00140897888218133,-0.00962317446226869,6.011360331830704e-4,-0.00106108649787989,-0.012290752355431,0.11787160985525202,0.43469998366225393,-0.01315734204177998,0.0339649948611598,0.32011205556825995,0.0156573334148243,7.997565954219294,8.011280151320806,-0.01371419710151222,2339.202,2346.113,-6.9109999999996035
MOBEAST073,MOBEAST_F1_Inflow_2024-06-04_1200,F1,Inflow,Table 1,2024-06-04T12:00:00Z,2024-06-04,12:00:00,89.3411707893795,0,0,0,0,0,0,0,0,0,0,0,0,NA,NA,NA,NA,NA,NA
MOBEAST074,MOBEAST_F2_Inflow_2024-06-04_1200,F2,Inflow,Table 2,2024-06-04T12:00:00Z,2024-06-04,12:00:00,92.1719799845138,0,0,0,0,0,0,0,0,0,0,0,0,NA,NA,NA,NA,NA,NA
MOBEAST075,MOBEAST_T1_A_2024-06-04_1200,T1,Algae,Table 1,2024-06-04T12:00:00Z,2024-06-04,12:00:00,97.3340438109352,7.992873021555695,5.632198642684704e-4,-0.0104105483328976,0.00283632741366964,6.040730173599504e-4,0.011343722788611,0.35804783805565804,0.328559770562057,0.04706709539095399,-0.0240760788276706,-0.07350029262572999,0.0101837323984159,NA,NA,NA,NA,NA,NA
MOBEAST076,MOBEAST_T2_R_2024-06-04_1200,T2,CCA,Table 2,2024-06-04T12:00:00Z,2024-06-04,12:00:00,100.830925757866,8.658945773352201,-5.083009446658401e-4,-0.0187847975381743,0.0014610393063901,-0.00194111988172751,-9.267503163960036e-4,0.30377946031213404,0.06236170702019805,0.01313829568034796,-0.0165968740394457,-0.02685850682968005,-0.01679462516634938,NA,NA,NA,NA,NA,NA
MOBEAST077,MOBEAST_T3_C_2024-06-04_1200,T3,Control,Table 2,2024-06-04T12:00:00Z,2024-06-04,12:00:00,87.0931752520669,-5.078804732446898,-0.00418637435701148,-0.0491201021852465,-0.00324182258867333,-0.00635173053192251,-0.0209337402194276,-0.05467610638271297,0.27460221998925805,-0.11621184514438204,-0.0242944698343049,0.03652367849458993,-0.0209947057021911,NA,NA,NA,NA,NA,NA
MOBEAST078,MOBEAST_T4_A_2024-06-04_1200,T4,Algae,Table 2,2024-06-04T12:00:00Z,2024-06-04,12:00:00,103.744994046975,11.573014062461198,0.00163978287277154,0.0049307010976971,0.0026299103884039,0.00150207915208338,0.1194242984222959,0.168515164051178,0.594054290447019,-0.264220959385825,-8.03138790385502e-4,0.02821768902047994,0.0404150872163985,NA,NA,NA,NA,NA,NA
MOBEAST079,MOBEAST_T5_R_2024-06-04_1200,T5,CCA,Table 2,2024-06-04T12:00:00Z,2024-06-04,12:00:00,90.8398344809212,-1.332145503592599,-0.00156921337858483,-0.0237630638387832,-3.8467315038109937e-4,-0.00351787326358246,0.0078026928181077,0.20715214908213703,0.28100067112110705,-0.13370211022586803,-0.0138146020642578,-0.33475212456205017,-0.00604722899605729,NA,NA,NA,NA,NA,NA
MOBEAST080,MOBEAST_T6_K_2024-06-04_1200,T6,Coral,Table 2,2024-06-04T12:00:00Z,2024-06-04,12:00:00,95.8353801193935,3.663400134879709,-9.909497790743698e-4,-0.0118452234861143,-2.631413489744194e-4,-0.00278309356330429,0.03521883799535239,0.15262624511461703,0.5671842171660091,-0.18437019139398603,0.02363532614516019,0.2781181035970599,0.0371811808937615,NA,NA,NA,NA,NA,NA
MOBEAST081,MOBEAST_T7_K_2024-06-04_1200,T7,Coral,Table 2,2024-06-04T12:00:00Z,2024-06-04,12:00:00,95.0860482736227,2.914068289108897,-3.9841684807639943e-4,-0.0072080503056812,3.2500994399278e-4,-7.848794505122113e-4,0.0942308809019839,0.07770476987629299,1.054721394114059,-0.227819033171116,-0.0218021639719995,0.3570692545862897,0.0177135352444997,NA,NA,NA,NA,NA,NA
MOBEAST082,MOBEAST_T8_C_2024-06-04_1200,T8,Control,Table 1,2024-06-04T12:00:00Z,2024-06-04,12:00:00,94.9195300856736,5.578359296294096,3.0196210892716006e-4,-0.0011309634997072,3.0155066733210997e-4,7.962345501043699e-4,0.0152909330028441,-0.00780314712949398,0.187983794865775,-0.096179673213534,-0.054336407983549,0.24195553950661997,-0.00311872881178109,NA,NA,NA,NA,NA,NA
MOBEAST083,MOBEAST_T9_K_2024-06-04_1200,T9,Coral,Table 1,2024-06-04T12:00:00Z,2024-06-04,12:00:00,96.0851574013171,6.743986611937601,3.870385361418992e-5,0.01111156413108719,0.00124481051804979,-5.516100783102803e-4,0.00668790260740619,0.248686113885699,0.19996863154759204,-0.06797213800296298,-0.04574344331750535,0.19729625699701003,-0.0195415149110619,NA,NA,NA,NA,NA,NA
MOBEAST084,MOBEAST_T10_R_2024-06-04_1200,T10,CCA,Table 1,2024-06-04T12:00:00Z,2024-06-04,12:00:00,93.0045709242592,3.6634001348796943,9.992397739680195e-4,0.01005534068326299,0.00255423328567647,0.002341479874367,0.0189615004929484,0.16842495285799602,0.5297179944604851,-0.05660386116559801,-0.0274613944099927,0.64101063628403,-0.0195415149110619,NA,NA,NA,NA,NA,NA
MOBEAST085,MOBEAST_T11_C_2024-06-04_1200,T11,Control,Table 1,2024-06-04T12:00:00Z,2024-06-04,12:00:00,88.342061661685,-0.99910912769451,0.0012288535628579,0.00823813491690389,9.3354817710966e-4,0.0035221636433468,0.0661282099777761,-0.06490441820321802,1.003967957111425,-0.17228076313653198,-0.002866498371988,0.30244025825350995,0.0337403430310641,NA,NA,NA,NA,NA,NA
MOBEAST086,MOBEAST_T12_R_2024-06-04_1200,T12,CCA,Table 1,2024-06-04T12:00:00Z,2024-06-04,12:00:00,92.8380527363101,3.4968819469306,0.00245648539989363,0.0068409412577402,0.00162070226172361,0.00327375082813852,0.00639133469472789,0.01474444588821399,0.2194660321613651,0.00226980995527398,-0.054336407983549,0.6780603643243,0.0188458589276898,NA,NA,NA,NA,NA,NA
MOBEAST087,MOBEAST_T13_A_2024-06-04_1200,T13,Algae,Table 1,2024-06-04T12:00:00Z,2024-06-04,12:00:00,120.396812841883,31.0556420525035,0.00414264334611412,0.01407513963571949,0.00604199035443567,0.0045765787294438,0.0352252076140011,0.35738103200505705,0.5767158428097949,-0.01853490813126601,-0.035893287812697,-0.09262541789997993,0.06097514160362399,NA,NA,NA,NA,NA,NA
MOBEAST088,MOBEAST_T14_A_2024-06-04_1200,T14,Algae,Table 1,2024-06-04T12:00:00Z,2024-06-04,12:00:00,104.494325892746,15.1531551033665,-0.00111852338567693,0.00247869979060799,8.100316436376199e-4,-9.3448312636065e-4,0.0596036078589806,0.21898951621477397,0.7888720369007549,-0.189679876043257,-0.0184806215202305,0.18649059128955003,0.0135630339015203,NA,NA,NA,NA,NA,NA
MOBEAST089,MOBEAST_T15_C_2024-06-04_1200,T15,Control,Table 1,2024-06-04T12:00:00Z,2024-06-04,12:00:00,89.9239844472012,0.5828136578217027,8.519075709817504e-4,0.00128093319433979,8.323295419090399e-4,0.00171699928162679,0.0520770789096613,0.00705032665203597,0.525294573669705,-0.14690644101995098,-0.0209333827676279,0.40966527758349014,-0.00983058418532095,NA,NA,NA,NA,NA,NA
MOBEAST090,MOBEAST_T16_K_2024-06-04_1200,T16,Coral,Table 1,2024-06-04T12:00:00Z,2024-06-04,12:00:00,93.0878300182338,3.7466592288542984,-7.59743993576402e-5,0.0197526219334103,0.00169514006820947,9.522596016056996e-4,0.0427759464595172,0.16857458685657495,0.39805287416525303,-0.15012969654028802,-0.0459941258671564,0.01003581014304999,0.03427753761263751,NA,NA,NA,NA,NA,NA
MOBEAST091,MOBEAST_F1_Inflow_2024-06-06_1200,F1,Inflow,Table 1,2024-06-06T12:00:00Z,2024-06-06,12:00:00,155.698668687087,0,0,0,0,0,0,0,0,0,0,0,0,NA,NA,NA,NA,NA,NA
MOBEAST092,MOBEAST_F2_Inflow_2024-06-06_1200,F2,Inflow,Table 2,2024-06-06T12:00:00Z,2024-06-06,12:00:00,164.524132648389,0,0,0,0,0,0,0,0,0,0,0,0,NA,NA,NA,NA,NA,NA
MOBEAST093,MOBEAST_T1_A_2024-06-06_1200,T1,Algae,Table 1,2024-06-06T12:00:00Z,2024-06-06,12:00:00,167.85449640737,12.155827720282986,-0.00241920780803811,9.1301666518398e-5,-8.455429563348701e-4,-0.00313458060623481,0.0073110637798524,0.06259191952092802,0.11127293013164496,-0.10790104687973597,0.0177720793353703,-0.2030608901044202,-0.00810116557192426,NA,NA,NA,NA,NA,NA
MOBEAST094,MOBEAST_T2_R_2024-06-06_1200,T2,CCA,Table 2,2024-06-06T12:00:00Z,2024-06-06,12:00:00,212.148334401825,47.62420175343598,-0.0026259599222699,0.01172651039245479,0.00130641080934993,-0.00255008063916433,2.5646350951839814e-4,0.27978162993958405,0.24464540369437893,-0.125930183813124,-0.018528861121911,-0.5538037226292001,0.0137271391550577,NA,NA,NA,NA,NA,NA
MOBEAST095,MOBEAST_T3_C_2024-06-06_1200,T3,Control,Table 2,2024-06-06T12:00:00Z,2024-06-06,12:00:00,133.385231501911,-31.13890114647802,-0.0036468888174603898,-0.0122388172944318,-0.00219526505576137,-0.0041709387996378,-0.00911510691385809,-0.04937494911127199,-0.02040355549963607,-0.05489683366898396,-0.01183911519324723,-0.18161780564286012,-0.00746851445702385,NA,NA,NA,NA,NA,NA
MOBEAST096,MOBEAST_T4_A_2024-06-06_1200,T4,Algae,Table 2,2024-06-06T12:00:00Z,2024-06-06,12:00:00,155.865186875036,-8.658945773353025,-0.00504497735892692,0.02039866292648669,-0.00153322342807235,-0.00610746112020481,0.01109708931309329,0.227259999221383,0.10273649372219296,-0.267988644628141,0.0325993932107569,-0.5300636644513601,-0.0150738405087614,NA,NA,NA,NA,NA,NA
MOBEAST097,MOBEAST_T5_R_2024-06-06_1200,T5,CCA,Table 2,2024-06-06T12:00:00Z,2024-06-06,12:00:00,203.322870440524,38.798737792135,-0.00116045519566129,0.00636854322609289,2.641325690845098e-4,-0.0012105086743902,0.0073759160758699,0.07964220686995399,0.02390078580318799,-0.067404946240049,-7.895172051502995e-4,-0.15769394635292988,0.0084315471239308,NA,NA,NA,NA,NA,NA
MOBEAST098,MOBEAST_T6_K_2024-06-06_1200,T6,Coral,Table 2,2024-06-06T12:00:00Z,2024-06-06,12:00:00,154.866077747342,-9.658054901047024,-0.00397000033313756,0.01097661208046659,-0.00157067056641869,-0.00466960980491599,0.00370979488386,0.07528451757633198,0.12216693857731996,-0.18311343546424597,-0.0036021907031014,-0.05328221081914997,0.0252810054954168,NA,NA,NA,NA,NA,NA
MOBEAST099,MOBEAST_T7_K_2024-06-06_1200,T7,Coral,Table 2,2024-06-06T12:00:00Z,2024-06-06,12:00:00,160.277918855687,-4.246213792702008,-0.00519659034909179,7.180098519232944e-4,-0.0027259616478382,-0.00613913019044132,-0.0063855474525891,-0.00184668297196399,-0.07260425235036805,-0.180591997269204,-0.01174061533154881,-0.12199222119239028,0.0308489846193227,NA,NA,NA,NA,NA,NA
MOBEAST100,MOBEAST_T8_C_2024-06-06_1200,T8,Control,Table 1,2024-06-06T12:00:00Z,2024-06-06,12:00:00,160.361177949662,4.662509262574986,-0.00283127660061379,6.612387484951007e-4,-0.00142910224762653,-0.00233857857153995,0.0051984063909258,-0.06369498155111297,0.00562968296409499,-0.165869667146137,0.0239320718528889,0.06835446357414998,-0.0145967306659172,NA,NA,NA,NA,NA,NA
MOBEAST101,MOBEAST_T9_K_2024-06-06_1200,T9,Coral,Table 1,2024-06-06T12:00:00Z,2024-06-06,12:00:00,169.436419192886,13.737750505799,-5.870780546659796e-4,0.0083965560617548,4.0124991288050926e-4,-7.71282784718802e-5,0.0405495911583516,0.043998812832926,0.48167068582185696,-0.16999541089076595,0.0490550142702532,0.3513459146049298,0.0321187903779707,NA,NA,NA,NA,NA,NA
MOBEAST102,MOBEAST_T10_R_2024-06-06_1200,T10,CCA,Table 1,2024-06-06T12:00:00Z,2024-06-06,12:00:00,147.872313853481,-7.826354833606018,-0.00113552353370989,0.01427770926372099,9.883429464866997e-4,-8.666248348292403e-4,0.0201717999410573,0.148153367793603,0.239534357683084,-0.13117984786742,0.006805103256959,0.00529556182032986,0.0071381832598002,NA,NA,NA,NA,NA,NA
MOBEAST103,MOBEAST_T11_C_2024-06-06_1200,T11,Control,Table 1,2024-06-06T12:00:00Z,2024-06-06,12:00:00,166.522350903777,10.823682216690004,-0.00113812115225014,0.0243816829022274,1.4448200047976947e-4,-0.00154211854630983,0.0144415226957921,0.091936009681563,0.174728946417342,-0.126829436258604,0.0222113344783363,0.30985534751562005,0.0061727043478889,NA,NA,NA,NA,NA,NA
MOBEAST104,MOBEAST_T12_R_2024-06-06_1200,T12,CCA,Table 1,2024-06-06T12:00:00Z,2024-06-06,12:00:00,146.873204725786,-8.825463961301011,-0.00309747130188848,0.02228001834286839,-0.00130216152196763,-0.00138834644719356,0.0274991944190944,-0.08686304974638598,0.491777222901615,-0.25096892262620896,0.0246779925878209,0.9676766483198,-0.0145967306659172,NA,NA,NA,NA,NA,NA
MOBEAST105,MOBEAST_T13_A_2024-06-06_1200,T13,Algae,Table 1,2024-06-06T12:00:00Z,2024-06-06,12:00:00,154.699559559393,-0.9991091276939984,-0.00175436827241774,0.0203302211303621,-8.883419136811203e-4,-0.00195946722533719,0.027927172322214,-0.01193052756822199,0.5030435787946901,-0.21083272927727095,0,0.2759080541188599,0.0363113792286573,NA,NA,NA,NA,NA,NA
MOBEAST106,MOBEAST_T14_A_2024-06-06_1200,T14,Algae,Table 1,2024-06-06T12:00:00Z,2024-06-06,12:00:00,174.26544664341,18.56677795632299,0.00391030154828917,0.062316881754482,0.0065668815667978,0.00561935099960485,0.0544040916546404,0.27638929847527605,0.448306020632578,-0.08658961982188096,0.0278281338164231,0.6677471268045401,0.0361959119576761,NA,NA,NA,NA,NA,NA
MOBEAST107,MOBEAST_T15_C_2024-06-06_1200,T15,Control,Table 1,2024-06-06T12:00:00Z,2024-06-06,12:00:00,155.115855029266,-0.5828136578210206,0.00691580243383447,0.05815948406138899,0.0060739242650431,0.00880694650076566,0.05637256186917511,0.133986493648241,0.23929947481195496,-0.04014030139046898,0.0243112137436309,0.4113523925297798,0.00145692016065559,NA,NA,NA,NA,NA,NA
MOBEAST108,MOBEAST_T16_K_2024-06-06_1200,T16,Coral,Table 1,2024-06-06T12:00:00Z,2024-06-06,12:00:00,155.615409593113,-0.08325909397402143,-0.00300903654321081,0.0229316744393749,6.207825257632292e-4,-0.00251903211483545,0.0075361932788873,0.22211924842958997,0.21893972544397391,-0.15029926164574797,0.0131711725662823,0.40796413751301985,-0.0145967306659172,NA,NA,NA,NA,NA,NA
