id_number,long_name,tank_number,treatment,date,time,variable,note
MOBEAST001,MOBEAST_F1_Inflow_2024-06-02_1200,F1,Inflow,6/2/2024,1200,fDOM,NA
MOBEAST002,MOBEAST_F2_Inflow_2024-06-02_1200,F2,Inflow,6/2/2024,1200,fDOM,NA
MOBEAST003,MOBEAST_T1_A_2024-06-02_1200,T1,A,6/2/2024,1200,fDOM,NA
MOBEAST004,MOBEAST_T2_R_2024-06-02_1200,T2,R,6/2/2024,1200,fDOM,NA
MOBEAST005,MOBEAST_T3_C_2024-06-02_1200,T3,C,6/2/2024,1200,fDOM,NA
MOBEAST006,MOBEAST_T4_A_2024-06-02_1200,T4,A,6/2/2024,1200,fDOM,NA
MOBEAST007,MOBEAST_T5_R_2024-06-02_1200,T5,R,6/2/2024,1200,fDOM,NA
MOBEAST008,MOBEAST_T6_K_2024-06-02_1200,T6,K,6/2/2024,1200,fDOM,NA
MOBEAST009,MOBEAST_T7_K_2024-06-02_1200,T7,K,6/2/2024,1200,fDOM,NA
MOBEAST010,MOBEAST_T8_C_2024-06-02_1200,T8,C,6/2/2024,1200,fDOM,NA
MOBEAST011,MOBEAST_T9_K_2024-06-02_1200,T9,K,6/2/2024,1200,fDOM,NA
MOBEAST012,MOBEAST_T10_R_2024-06-02_1200,T10,R,6/2/2024,1200,fDOM,NA
MOBEAST013,MOBEAST_T11_C_2024-06-02_1200,T11,C,6/2/2024,1200,fDOM,NA
MOBEAST014,MOBEAST_T12_R_2024-06-02_1200,T12,R,6/2/2024,1200,fDOM,NA
MOBEAST015,MOBEAST_T13_A_2024-06-02_1200,T13,A,6/2/2024,1200,fDOM,NA
MOBEAST016,MOBEAST_T14_A_2024-06-02_1200,T14,A,6/2/2024,1200,fDOM,NA
MOBEAST017,MOBEAST_T15_C_2024-06-02_1200,T15,C,6/2/2024,1200,fDOM,NA
MOBEAST018,MOBEAST_T16_K_2024-06-02_1200,T16,K,6/2/2024,1200,fDOM,NA
MOBEAST019,MOBEAST_F1_Inflow_2024-06-02_1800,F1,Inflow,6/2/2024,1800,fDOM,NA
MOBEAST020,MOBEAST_F2_Inflow_2024-06-02_1800,F2,Inflow,6/2/2024,1800,fDOM,NA
MOBEAST021,MOBEAST_T1_A_2024-06-02_1800,T1,A,6/2/2024,1800,fDOM,NA
MOBEAST022,MOBEAST_T2_R_2024-06-02_1800,T2,R,6/2/2024,1800,fDOM,NA
MOBEAST023,MOBEAST_T3_C_2024-06-02_1800,T3,C,6/2/2024,1800,fDOM,NA
MOBEAST024,MOBEAST_T4_A_2024-06-02_1800,T4,A,6/2/2024,1800,fDOM,NA
MOBEAST025,MOBEAST_T5_R_2024-06-02_1800,T5,R,6/2/2024,1800,fDOM,NA
MOBEAST026,MOBEAST_T6_K_2024-06-02_1800,T6,K,6/2/2024,1800,fDOM,NA
MOBEAST027,MOBEAST_T7_K_2024-06-02_1800,T7,K,6/2/2024,1800,fDOM,NA
MOBEAST028,MOBEAST_T8_C_2024-06-02_1800,T8,C,6/2/2024,1800,fDOM,NA
MOBEAST029,MOBEAST_T9_K_2024-06-02_1800,T9,K,6/2/2024,1800,fDOM,NA
MOBEAST030,MOBEAST_T10_R_2024-06-02_1800,T10,R,6/2/2024,1800,fDOM,NA
MOBEAST031,MOBEAST_T11_C_2024-06-02_1800,T11,C,6/2/2024,1800,fDOM,NA
MOBEAST032,MOBEAST_T12_R_2024-06-02_1800,T12,R,6/2/2024,1800,fDOM,NA
MOBEAST033,MOBEAST_T13_A_2024-06-02_1800,T13,A,6/2/2024,1800,fDOM,NA
MOBEAST034,MOBEAST_T14_A_2024-06-02_1800,T14,A,6/2/2024,1800,fDOM,NA
MOBEAST035,MOBEAST_T15_C_2024-06-02_1800,T15,C,6/2/2024,1800,fDOM,NA
MOBEAST036,MOBEAST_T16_K_2024-06-02_1800,T16,K,6/2/2024,1800,fDOM,NA
MOBEAST037,MOBEAST_F1_Inflow_2024-06-03_0000,F1,Inflow,6/3/2024,0000,fDOM,NA
MOBEAST038,MOBEAST_F2_Inflow_2024-06-03_0000,F2,Inflow,6/3/2024,0000,fDOM,NA
MOBEAST039,MOBEAST_T1_A_2024-06-03_0000,T1,A,6/3/2024,0000,fDOM,NA
MOBEAST040,MOBEAST_T2_R_2024-06-03_0000,T2,R,6/3/2024,0000,fDOM,NA
MOBEAST041,MOBEAST_T3_C_2024-06-03_0000,T3,C,6/3/2024,0000,fDOM,NA
MOBEAST042,MOBEAST_T4_A_2024-06-03_0000,T4,A,6/3/2024,0000,fDOM,NA
MOBEAST043,MOBEAST_T5_R_2024-06-03_0000,T5,R,6/3/2024,0000,fDOM,NA
MOBEAST044,MOBEAST_T6_K_2024-06-03_0000,T6,K,6/3/2024,0000,fDOM,NA
MOBEAST045,MOBEAST_T7_K_2024-06-03_0000,T7,K,6/3/2024,0000,fDOM,NA
MOBEAST046,MOBEAST_T8_C_2024-06-03_0000,T8,C,6/3/2024,0000,fDOM,NA
MOBEAST047,MOBEAST_T9_K_2024-06-03_0000,T9,K,6/3/2024,0000,fDOM,NA
MOBEAST048,MOBEAST_T10_R_2024-06-03_0000,T10,R,6/3/2024,0000,fDOM,NA
MOBEAST049,MOBEAST_T11_C_2024-06-03_0000,T11,C,6/3/2024,0000,fDOM,NA
MOBEAST050,MOBEAST_T12_R_2024-06-03_0000,T12,R,6/3/2024,0000,fDOM,NA
MOBEAST051,MOBEAST_T13_A_2024-06-03_0000,T13,A,6/3/2024,0000,fDOM,NA
MOBEAST052,MOBEAST_T14_A_2024-06-03_0000,T14,A,6/3/2024,0000,fDOM,NA
MOBEAST053,MOBEAST_T15_C_2024-06-03_0000,T15,C,6/3/2024,0000,fDOM,NA
MOBEAST054,MOBEAST_T16_K_2024-06-03_0000,T16,K,6/3/2024,0000,fDOM,NA
MOBEAST055,MOBEAST_F1_Inflow_2024-06-03_0600,F1,Inflow,6/3/2024,0600,fDOM,"sample spilled, no more water"
MOBEAST056,MOBEAST_F2_Inflow_2024-06-03_0600,F2,Inflow,6/3/2024,0600,fDOM,NA
MOBEAST057,MOBEAST_T1_A_2024-06-03_0600,T1,A,6/3/2024,0600,fDOM,NA
MOBEAST058,MOBEAST_T2_R_2024-06-03_0600,T2,R,6/3/2024,0600,fDOM,NA
MOBEAST059,MOBEAST_T3_C_2024-06-03_0600,T3,C,6/3/2024,0600,fDOM,NA
MOBEAST060,MOBEAST_T4_A_2024-06-03_0600,T4,A,6/3/2024,0600,fDOM,NA
MOBEAST061,MOBEAST_T5_R_2024-06-03_0600,T5,R,6/3/2024,0600,fDOM,NA
MOBEAST062,MOBEAST_T6_K_2024-06-03_0600,T6,K,6/3/2024,0600,fDOM,NA
MOBEAST063,MOBEAST_T7_K_2024-06-03_0600,T7,K,6/3/2024,0600,fDOM,NA
MOBEAST064,MOBEAST_T8_C_2024-06-03_0600,T8,C,6/3/2024,0600,fDOM,NA
MOBEAST065,MOBEAST_T9_K_2024-06-03_0600,T9,K,6/3/2024,0600,fDOM,NA
MOBEAST066,MOBEAST_T10_R_2024-06-03_0600,T10,R,6/3/2024,0600,fDOM,NA
MOBEAST067,MOBEAST_T11_C_2024-06-03_0600,T11,C,6/3/2024,0600,fDOM,NA
MOBEAST068,MOBEAST_T12_R_2024-06-03_0600,T12,R,6/3/2024,0600,fDOM,NA
MOBEAST069,MOBEAST_T13_A_2024-06-03_0600,T13,A,6/3/2024,0600,fDOM,NA
MOBEAST070,MOBEAST_T14_A_2024-06-03_0600,T14,A,6/3/2024,0600,fDOM,NA
MOBEAST071,MOBEAST_T15_C_2024-06-03_0600,T15,C,6/3/2024,0600,fDOM,NA
MOBEAST072,MOBEAST_T16_K_2024-06-03_0600,T16,K,6/3/2024,0600,fDOM,NA
NA,MOBEAST_F1_Inflow_2024-06-04_0:00,F1,Inflow,6/4/2024,0:00,fDOM,NA
NA,MOBEAST_F2_Inflow_2024-06-04_0:00,F2,Inflow,6/4/2024,0:00,fDOM,NA
NA,MOBEAST_T1_A_2024-06-04_0:00,T1,A,6/4/2024,0:00,fDOM,NA
NA,MOBEAST_T2_R_2024-06-04_0:00,T2,R,6/4/2024,0:00,fDOM,NA
NA,MOBEAST_T3_C_2024-06-04_0:00,T3,C,6/4/2024,0:00,fDOM,NA
NA,MOBEAST_T4_A_2024-06-04_0:00,T4,A,6/4/2024,0:00,fDOM,NA
NA,MOBEAST_T5_R_2024-06-04_0:00,T5,R,6/4/2024,0:00,fDOM,NA
NA,MOBEAST_T6_K_2024-06-04_0:00,T6,K,6/4/2024,0:00,fDOM,NA
NA,MOBEAST_T7_K_2024-06-04_0:00,T7,K,6/4/2024,0:00,fDOM,NA
NA,MOBEAST_T8_C_2024-06-04_0:00,T8,C,6/4/2024,0:00,fDOM,NA
NA,MOBEAST_T9_K_2024-06-04_0:00,T9,K,6/4/2024,0:00,fDOM,NA
NA,MOBEAST_T10_R_2024-06-04_0:00,T10,R,6/4/2024,0:00,fDOM,NA
NA,MOBEAST_T11_C_2024-06-04_0:00,T11,C,6/4/2024,0:00,fDOM,NA
NA,MOBEAST_T12_R_2024-06-04_0:00,T12,R,6/4/2024,0:00,fDOM,NA
NA,MOBEAST_T13_A_2024-06-04_0:00,T13,A,6/4/2024,0:00,fDOM,NA
NA,MOBEAST_T14_A_2024-06-04_0:00,T14,A,6/4/2024,0:00,fDOM,NA
NA,MOBEAST_T15_C_2024-06-04_0:00,T15,C,6/4/2024,0:00,fDOM,NA
NA,MOBEAST_T16_K_2024-06-04_0:00,T16,K,6/4/2024,0:00,fDOM,NA
NA,MOBEAST_F1_Inflow_2024-06-06_0:00,F1,Inflow,6/6/2024,0:00,fDOM,NA
NA,MOBEAST_F2_Inflow_2024-06-06_0:00,F2,Inflow,6/6/2024,0:00,fDOM,NA
NA,MOBEAST_T1_A_2024-06-06_0:00,T1,A,6/6/2024,0:00,fDOM,NA
NA,MOBEAST_T2_R_2024-06-06_0:00,T2,R,6/6/2024,0:00,fDOM,NA
NA,MOBEAST_T3_C_2024-06-06_0:00,T3,C,6/6/2024,0:00,fDOM,NA
NA,MOBEAST_T4_A_2024-06-06_0:00,T4,A,6/6/2024,0:00,fDOM,NA
NA,MOBEAST_T5_R_2024-06-06_0:00,T5,R,6/6/2024,0:00,fDOM,NA
NA,MOBEAST_T6_K_2024-06-06_0:00,T6,K,6/6/2024,0:00,fDOM,NA
NA,MOBEAST_T7_K_2024-06-06_0:00,T7,K,6/6/2024,0:00,fDOM,NA
NA,MOBEAST_T8_C_2024-06-06_0:00,T8,C,6/6/2024,0:00,fDOM,NA
NA,MOBEAST_T9_K_2024-06-06_0:00,T9,K,6/6/2024,0:00,fDOM,NA
NA,MOBEAST_T10_R_2024-06-06_0:00,T10,R,6/6/2024,0:00,fDOM,NA
NA,MOBEAST_T11_C_2024-06-06_0:00,T11,C,6/6/2024,0:00,fDOM,NA
NA,MOBEAST_T12_R_2024-06-06_0:00,T12,R,6/6/2024,0:00,fDOM,NA
NA,MOBEAST_T13_A_2024-06-06_0:00,T13,A,6/6/2024,0:00,fDOM,NA
NA,MOBEAST_T14_A_2024-06-06_0:00,T14,A,6/6/2024,0:00,fDOM,NA
NA,MOBEAST_T15_C_2024-06-06_0:00,T15,C,6/6/2024,0:00,fDOM,NA
NA,MOBEAST_T16_K_2024-06-06_0:00,T16,K,6/6/2024,0:00,fDOM,NA
NA,MOBEAST_Bay_Endmember_2024-05-27_0:00,Bay,Endmember,5/27/2024,0:00,fDOM,NA
NA,MOBEAST_Ocean_Endmember_2024-05-27_0:00,Ocean,Endmember,5/27/2024,0:00,fDOM,NA
NA,MOBEAST_Lagoon_Endmember_2024-05-27_0:00,Lagoon,Endmember,5/27/2024,0:00,fDOM,NA
NA,MOBEAST_Bay_Endmember_2024-05-25_0:00,Bay,Endmember,5/25/2024,0:00,fDOM,NA
NA,MOBEAST_Ocean_Endmember_2024-05-25_0:00,Ocean,Endmember,5/25/2024,0:00,fDOM,NA
MOBEAST114,MOBEAST_Lagoon Tiahura_Endmember_2024-05-25_0845,Lagoon Tiahura,Endmember,5/25/2024,0845,fDOM,NA
NA,MOBEAST_Bay_Rain_2024-06-06_0:00,Bay,Rain,6/6/2024,0:00,fDOM,NA
