id_number,tank_number,treatment,inflow_table,date,time,date_time,date_string,time_string,date_time_string,het_bact,pico_euk,syn,pro,tot_bact,cyano,chla_conc,npoc_u_m,tn_u_m,coble_a,coble_b,coble_c,coble_m,coble_t,m_to_c,bix,hix,fpeak,fi,lignin,N_N,NO2,PO4,SiO2,NH3,NO3,ph,ph_diff,delta_ta,do_mg_l,ta,p_h,dic_mmol_kg,residence_time,flowrate
MOBEAST001,F1,Inflow,Table 1,2024-06-02,12:00:00,2024-06-02T12:00:00Z,2024-06-02,12:00:00,2024-06-02 12:00:00,522.15,6,119.15,21.15,662.45,140.30000000000007,0.016,138.7623813211,11.7228421636312,0.00853447977615506,0.0486708207755194,0.00527138334795566,0.0100632119825517,0.0560012824498741,1.90902678069399,0.6731170747591,0.403136920662016,0.0311201822058794,1.8435321240008,0.045838590706895,1.145,0.09390409366,0.08416047528,1.258988571,0.4231201663,1.05109590634,8.039081384592432,0,0,NA,2343.183,NA,NA,NA,NA
MOBEAST002,F2,Inflow,Table 2,2024-06-02,12:00:00,2024-06-02T12:00:00Z,2024-06-02,12:00:00,2024-06-02 12:00:00,540.467,4.067,118.55,17.767,676.783,136.317,0.07519999999999999,146.089181590859,11.9805759624561,0.00714406465721162,0.0386090829843418,0.0035346280335598,0.00829575542638538,0.0486005700587079,2.3469953125535947,0.504732040305598,0.410151375044197,0.0356020965202666,1.59020197286869,0.0222023074347949,1.27,0.09897465131,0.077,1.004552258,0.5454408185,1.17102534869,8.035215197700206,0,0,NA,2355.042,NA,NA,NA,NA
MOBEAST003,T1,Algae,Table 2,2024-06-02,12:00:00,2024-06-02T12:00:00Z,2024-06-02,12:00:00,2024-06-02 12:00:00,737.033,2.4,59.6,17.867,814.5,77.46699999999998,0.0632,215.527265965625,15.0683839400668,0.0220176662634898,0.0678531588116172,0.0219093721011687,0.0258833217124717,0.0824940881681683,1.1813812642805506,0.789836982968776,0.750071359436272,0.033533544792945,1.6403347247674,0.0657295178843358,0.296,0.01,0.077,0.3976745336,0.085,0.286,NA,NA,NA,4.77,2308.968,8.255712110654017,1804.385576063748,0.8503401360544216,3.2666666666666666
MOBEAST004,T2,CCA,Table 2,2024-06-02,12:00:00,2024-06-02T12:00:00Z,2024-06-02,12:00:00,2024-06-02 12:00:00,347.82,1.498,44.592,8.569,400.982,53.161,0.0892,159.410636626786,14.2830454948941,0.00830268721292771,0.0495129601850767,0.00810568371139948,0.0112009294287335,0.0464802341480124,1.3818611516979131,0.623118700069342,0.519119231285919,0.017656132865053,1.99337550677921,0.0118461646779671,1.098,0.01,0.077,0.06784968345,0.9062657249,1.088,8.147382772593602,0.11216757489339636,-139.5,4.66,2215.542,8.131556175314378,1816.9993198633392,1.182033096926714,2.35
MOBEAST005,T3,Control,Table 2,2024-06-02,12:00:00,2024-06-02T12:00:00Z,2024-06-02,12:00:00,2024-06-02 12:00:00,671.664,2.962,112.729,16.772,801.165,129.50099999999998,0.0764,207.700911132018,25.7275684731831,0.00669604836955613,0.0738940509924444,0.00585434493565206,0.0101728636907881,0.0821615539097586,1.737660456054942,1.04774754070578,0.257161768669714,0.0358451535408891,2.06276625464932,0.0590873668425802,1.332,0.1264346843,0.077,1.215640162,1.92283021,1.2055653157000001,8.030935903973361,-0.0042792937268441,2.7899999999999636,4.42,2357.832,8.018457460846129,2020.1386603399185,2.1367521367521367,1.3
MOBEAST006,T4,Algae,Table 2,2024-06-02,12:00:00,2024-06-02T12:00:00Z,2024-06-02,12:00:00,2024-06-02 12:00:00,877.95,4.583,85.15,19.5,982.6,104.64999999999998,0.30519999999999997,258.322440268538,14.4829498263926,0.0116062673467997,0.0497155458912274,0.0107713771411973,0.0131371632353457,0.0554571313831756,1.2196363624758781,0.700776730184215,0.519895191089651,0.0371130699600357,1.53329445553414,0,0.324,0.01,0.08837706936,0.7614242254,0.1262719034,0.314,8.080431172347458,0.04521597464725246,70.58199999999988,4.56,2425.624,8.064968086404676,2045.675476010122,1.1037527593818983,2.5166666666666666
MOBEAST007,T5,CCA,Table 2,2024-06-02,12:00:00,2024-06-02T12:00:00Z,2024-06-02,12:00:00,2024-06-02 12:00:00,474.867,1.9,87.367,12.017,574.25,99.38399999999996,0.5448,142.176004174056,13.2835238374016,0.00717105420229528,0.0842049843998443,0.00519902281090358,0.00798038807665228,0.0468113907268575,1.5349784693991955,0.809934654402416,0.394668593569803,0.0727621058419829,1.64077425570003,0.0332114083848893,0.711,0.08448734374,0.077,0.7840407865,0.7588924581,0.62651265626,8.093517642417265,0.05830244471705903,-27.19900000000007,4.72,2327.843,8.082336220101567,1957.2080666650409,1.1904761904761905,2.3333333333333335
MOBEAST008,T6,Coral,Table 2,2024-06-02,12:00:00,2024-06-02T12:00:00Z,2024-06-02,12:00:00,2024-06-02 12:00:00,470.733,3.317,81.917,48.817,601.467,130.73399999999998,1.7544000000000002,183.972069349275,19.3306298652312,0.00883950132834377,0.0902454398599073,0.00607299841421672,0.0141383098194434,0.112401389649781,2.3280608449272786,1.10544232504663,0.263913512225075,0.00508427941616261,2.19204824425479,0.0314583355953983,2.095,0.07915338049,0.077,0.878276458,1.012192888,2.01584661951,8.090905911676884,0.05569071397667891,-66.03600000000006,3.81,2289.006,8.080788857750262,1920.799237629812,1.243781094527363,2.2333333333333334
MOBEAST009,T7,Coral,Table 2,2024-06-02,12:00:00,2024-06-02T12:00:00Z,2024-06-02,12:00:00,2024-06-02 12:00:00,901.333,4.217,116.417,17.183,1034.933,133.60000000000002,0.8443999999999999,147.088290718554,13.8760973914865,0.00615935701827658,0.0582300073973647,0.00463336603630153,0.0086108509646838,0.0618829090824658,1.8584439254786782,0.944571048401857,0.411622748767734,0.075473695267994,1.48230977440288,0.00368705787668607,1.071,0.1082596984,0.1006497578,0.8952388789,0.4582610822,0.9627403015999999,8.04884072680115,0.01362552910094372,-8.545999999999822,4.72,2346.496,8.038593116048348,2002.6366872467047,0.17129153819801302,16.216666666666665
MOBEAST010,T8,Control,Table 2,2024-06-02,12:00:00,2024-06-02T12:00:00Z,2024-06-02,12:00:00,2024-06-02 12:00:00,514.583,2.7,115.2,16.117,645.9,131.317,0.25120000000000003,137.430235817507,13.5262648113641,0.00605195208140413,0.0760813789534515,0.00331565196640908,0.00709216405823315,0.0414345765218118,2.138995325831532,0.642964204961481,0.377003790028423,0.0315181244940096,1.41412357518019,0.0159177853903355,0.746,0.1199153959,0.1320856665,0.9743968429,0.5382108693,0.6260846041,NA,NA,NA,4.47,2356.019,8.034008291834432,2013.167827839841,0.5112474437627812,5.433333333333334
MOBEAST011,T9,Coral,Table 1,2024-06-02,12:00:00,2024-06-02T12:00:00Z,2024-06-02,12:00:00,2024-06-02 12:00:00,524.617,3.117,119.467,14.9,658.983,134.36699999999996,0.3944,144.840295181241,12.5645821880481,0.0064676241396417,0.0753998902920884,0.0039185362902906,0.0077888774689803,0.0367614195979669,1.9877007361855197,0.748852905468443,0.39616000242599,0.0379634173538985,1.90650117569898,0.0114261563605953,0.982,0.131175985,0.077,2.052452924,1.110133478,0.8508240149999999,8.06139510534282,0.02231372075038784,1.7080000000000837,4.03,2344.891,8.048228157710797,1992.0031550310205,0.30864197530864196,9
MOBEAST012,T10,CCA,Table 1,2024-06-02,12:00:00,2024-06-02T12:00:00Z,2024-06-02,12:00:00,2024-06-02 12:00:00,403.65,2.8,31.933,48.833,484.417,80.76599999999996,0.15480000000000002,182.723182939657,22.7861190239909,0.0140560833208588,0.115350395723193,0.0138919790691301,0.0177052162128734,0.124981027434106,1.274492001806772,1.24925873073452,0.424770517458587,0.0234575188521866,1.73154396161244,0.0428925227366005,1.587,0.01,0.077,0.01,2.151750578,1.577,8.188787587480503,0.1497062028880709,-180.10800000000015,4.13,2163.075,8.174508870792394,1743.024300282888,0.4844961240310077,5.733333333333333
MOBEAST013,T11,Control,Table 1,2024-06-02,12:00:00,2024-06-02T12:00:00Z,2024-06-02,12:00:00,2024-06-02 12:00:00,552.533,2.433,121.383,15.7,689.617,137.08299999999997,0.30440000000000006,128.688030950181,13.9617706764144,0.00750110105193647,0.0972355188788325,0.00564404411734511,0.00992694606999149,0.0509745536836426,1.7588356617348706,0.733114045230646,0.359597459053439,0.0590826242399302,1.58404903139874,0.0657701377214272,0.539,0.1063500079,0.077,1.551119152,0.4633052328,0.43264999210000005,8.034143683857662,-0.00493770073476973,21.947000000000116,3.6,2365.13,8.020746081370591,2023.4385859009255,5.747126436781609,0.48333333333333334
MOBEAST014,T12,CCA,Table 1,2024-06-02,12:00:00,2024-06-02T12:00:00Z,2024-06-02,12:00:00,2024-06-02 12:00:00,362,2.417,43.067,16.567,421.633,59.634000000000015,0.8872000000000001,152.500131826899,17.2958893481929,0.00948804592163324,0.0749340224715442,0.00833042097620901,0.0126183931829246,0.078065955984034,1.5147365564071351,0.944285354233396,0.391295854917208,0.0273413895893612,1.94209267508987,0.0170722741122036,0.92,0.01,0.077,0.01,0.8692752871,0.91,8.14851720815794,0.10943582356550864,-127.29599999999982,4,2215.887,8.134698893839802,1813.2078604921771,0.5159958720330238,5.383333333333334
MOBEAST015,T13,Algae,Table 1,2024-06-02,12:00:00,2024-06-02T12:00:00Z,2024-06-02,12:00:00,2024-06-02 12:00:00,604.509,2.097,103.161,15.657,723.328,118.81799999999998,0.5492,148.004140752274,13.9617706764144,0.00738998503967228,0.058685255133585,0.00615924295614916,0.0105637061371612,0.042623952288802,1.715098139880127,0.777906900137856,0.472304485253445,0.0448037314231628,1.63228408745114,0.00892263746737693,0.443,0.01,0.077,0.878276458,0.4365712346,0.433,8.194982848963363,0.1559014643709311,-18.115999999999985,4.33,2325.067,8.180074165,1875.422795376901,2.8735632183908044,0.9666666666666668
MOBEAST016,T14,Algae,Table 1,2024-06-02,12:00:00,2024-06-02T12:00:00Z,2024-06-02,12:00:00,2024-06-02 12:00:00,566.167,2.583,94.783,17.25,678.2,112.03300000000002,0.4296,139.075990575071,11.2688927441867,0.00743894444774409,0.0658055402860172,0.00634989799780759,0.0100601172200111,0.0554171072697345,1.5842958774274052,0.748218237465348,0.39976011414311,0.0490121878650638,1.91119264324408,0,0.533,0.07283164628,0.09468481985,0.8292739088,0.5498964848,0.46016835372000003,8.121747207855945,0.0826658232635129,-5.764000000000124,4.25,2337.419,8.107433449962663,1942.3494427302392,1.6501650165016502,1.6833333333333331
MOBEAST017,T15,Control,Table 1,2024-06-02,12:00:00,2024-06-02T12:00:00Z,2024-06-02,12:00:00,2024-06-02 12:00:00,557.504,3.577,116.639,17.72,691.864,134.35900000000004,0.6188,132.83155852698,11.380268014593,0.00846002474675295,0.0547439518121068,0.0045029137238939004,0.0120612215979432,0.0301732105263161,2.678537128957746,0.453883885722189,0.524029809517779,0.0418370449179045,2.06447974376422,0.00641324554916015,0.504,0.0994356111,0.077,0.7859255,0.5184546127,0.4045643889,8.047537343753547,0.00845595916111463,19.266999999999825,4.07,2362.45,8.035051100622374,2013.2316287238816,4.901960784313725,0.5666666666666667
MOBEAST018,T16,Coral,Table 1,2024-06-02,12:00:00,2024-06-02T12:00:00Z,2024-06-02,12:00:00,2024-06-02 12:00:00,347.121,2.047,75.391,10.915,433.428,86.30600000000004,0.398,140.075099702765,12.6310979745408,0.00566217439080216,0.0691906690659906,0.00457644038195662,0.00924876761651831,0.0375071747776316,2.020952278321623,0.677348396071351,0.413656947161896,0.00998247000315422,1.63289177050007,2.04622481922986e-4,0.388,0.08982130698,0.077,0.01,0.8778503431,0.29817869302,8.061930575755891,0.02284919116345918,-2.994999999999891,3.77,2340.188,8.050832465747686,1987.0802819783344,0.3198976327575176,8.683333333333334
MOBEAST019,F1,Inflow,Table 1,2024-06-02,18:00:00,2024-06-02T18:00:00Z,2024-06-02,18:00:00,2024-06-02 18:00:00,444.95,2.233,119.65,11.967,576.567,131.61700000000002,0.1828,113.01589416104,16.1080054545325,0.00961986652567843,0.0315779044574697,0.00561235303758175,0.0102169424488086,0.0644203685763733,1.820438304645724,0.898175423942521,0.498031823212017,0.0304533832692455,2.24355159580479,0.0419484322293262,1.095,0.09008471257,0.09447913233,0.01,0.2552340205,1.00491528743,8.057287049229256,0,0,NA,2348.571,NA,NA,NA,NA
MOBEAST020,F2,Inflow,Table 2,2024-06-02,18:00:00,2024-06-02T18:00:00Z,2024-06-02,18:00:00,2024-06-02 18:00:00,463.927,1.997,120.899,12.28,597.105,133.17899999999997,0.02879999999999999,103.940652917815,10.8490936480399,0.00820952535832342,0.0310021377847819,0.00564098860058841,0.00956289601103543,0.0341886755913544,1.6952517879646003,0.741155663559568,0.723935431233357,0.0123931740910441,2.0658626169228,0.00812624189546666,0.8,0.1499436334,0.077,0.2073184772,0.4430445612,0.6500563666000001,8.052809146653267,0,0,NA,2326.905,NA,NA,NA,NA
MOBEAST021,T1,Algae,Table 2,2024-06-02,18:00:00,2024-06-02T18:00:00Z,2024-06-02,18:00:00,2024-06-02 18:00:00,562.895,1.98,99.218,18.769,680.882,117.98699999999997,0.0748,118.261217081436,11.1139668872754,0.010027685357668,0.0439651384661811,0.00948268515764913,0.0126113492378811,0.0395453582158987,1.329934404466467,0.849847397289607,0.724200625401542,0.0235533491981077,1.89420382433882,0.00918419440636502,0.306,0.08363127556,0.08018384997,0.08669681774,0.3178655571,0.22236872444,NA,NA,NA,3.82,2370.89,8.012972776183116,2041.9107577699608,0.3607503607503607,7.7
MOBEAST022,T2,CCA,Table 2,2024-06-02,18:00:00,2024-06-02T18:00:00Z,2024-06-02,18:00:00,2024-06-02 18:00:00,402.817,1.817,93.617,9.7,506.133,103.31700000000001,0.02279999999999999,105.855612079229,11.0297214904296,0.00989730526578994,0.0493559048596402,0.00927075708610054,0.0112867140867675,0.04995288497511,1.2174533300726262,0.795391962143761,0.618034421618206,0.0507273536225054,1.92840254200873,0.0182500389213102,0.589,0.08303861298,0.077,0.01,0.4558230761,0.5059613870199999,8.005243259805392,-0.04756588684787566,9.974999999999907,4.11,2336.88,7.994039380686945,2020.2330768745664,1.7730496453900708,1.5666666666666669
MOBEAST023,T3,Control,Table 2,2024-06-02,18:00:00,2024-06-02T18:00:00Z,2024-06-02,18:00:00,2024-06-02 18:00:00,469.784,2.363,129.351,10.216,609.351,139.567,0.03,100.277252782935,11.910014493064,0.01037876327458,0.0289106904323535,0.00669876016416284,0.0125623217874888,0.0383274426956897,1.8753204293975112,0.800204969080671,0.768079230294414,0.00141398922546794,2.18391127736469,0.0363378483026733,1.083,0.1475071317,0.0837833815,0.1093133789,2.430103622,0.9354928683,8.054624546644947,0.00181539999167945,31.0949999999998,4.18,2358,8.046490955625014,2006.8214615727268,0.7278020378457059,3.816666666666667
MOBEAST024,T4,Algae,Table 2,2024-06-02,18:00:00,2024-06-02T18:00:00Z,2024-06-02,18:00:00,2024-06-02 18:00:00,615.917,2.333,119.533,12.9,748.35,132.433,0.0212,128.002531076457,10.7148721683194,0.00886444497836918,0.0437684534559379,0.00825385430998473,0.00991821602174392,0.0436515113822685,1.2016466064521882,0.83652675197506,0.619036528329923,0.00833448977261558,1.80835594853864,0.0157540617628621,0.584,0.01,0.1003755078,0.09800509832,2.802446005,0.574,7.995566812237878,-0.05724233441538917,44.184999999999945,3.21,2371.09,7.989123724251201,2055.1614417538763,0.5868544600938967,4.733333333333333
MOBEAST025,T5,CCA,Table 2,2024-06-02,18:00:00,2024-06-02T18:00:00Z,2024-06-02,18:00:00,2024-06-02 18:00:00,452.617,2.183,99.15,24.5,576.267,123.65000000000003,0.0632,107.687312146669,11.3595636374021,0.00956095904636006,0.0510995109407609,0.00770686259051626,0.0122459360395947,0.0550942792924809,1.588965145773331,0.839587539224589,0.620345383252867,0,2.13520495349685,3.36374256132029e-4,1.129,0.1259078731,0.07308763067,0.01,1.105257466,1.0030921269,8.027707544751832,-0.02510160190143473,15.519999999999982,3.03,2342.425,8.022165875602996,2009.5007860485664,0.6410256410256411,4.333333333333333
MOBEAST026,T6,Coral,Table 2,2024-06-02,18:00:00,2024-06-02T18:00:00Z,2024-06-02,18:00:00,2024-06-02 18:00:00,407.583,1.617,96.667,9,513.25,105.66699999999997,0.5976,128.751862922228,15.843846159338,0.0110295895818486,0.0708228191167677,0.00870641923363562,0.0154280351437499,0.0956305601836404,1.7720298930869969,0.855793861398146,0.421731470332397,0.0253073138341852,2.07264691617572,0.048264258973294,1.112,0.1186642193,0.07874403736,0.01696242086,1.373606278,0.9933357807000001,8.013710477340426,-0.03909866931284078,6.655999999999949,3.13,2333.561,8.007465058343824,2009.8275589661323,0.764525994,3.6333333333333337
MOBEAST027,T7,Coral,Table 2,2024-06-02,18:00:00,2024-06-02T18:00:00Z,2024-06-02,18:00:00,2024-06-02 18:00:00,494.942,2.413,131.581,10.882,637.404,142.46299999999997,0.24,110.018566777956,11.6922615605389,0.0072538361693044,0.0534740519511955,0.00631935728754721,0.00958640971009911,0.0446940034121581,1.5169912498838898,0.820974909080176,0.506355768049089,0.0298766111036638,2.69473638334386,0.0247027438583745,0.477,0.1177422998,0.1184074467,0.06973439688,0.5067689972,0.3592577002,8.011349692927423,-0.04145945372584414,-11.653999999999996,4.12,2315.251,8.004109391197263,1997.2291654370104,0.1402918069584736,19.8
MOBEAST028,T8,Control,Table 2,2024-06-02,18:00:00,2024-06-02T18:00:00Z,2024-06-02,18:00:00,2024-06-02 18:00:00,492.667,2.067,135.7,10.783,639.15,146.483,0.03759999999999999,428.817637606468,12.0692240142218,0.0088080073067399,0.0576029020931357,0.00692525748758567,0.0115745375173169,0.0361069012924762,1.6713512151808947,0.697553007313411,0.641668716780974,0.0363671273432839,2.30063745101818,0.00429340282897968,0.667,0.1671966997,0.1214584782,0.1884713429,1.000086926,0.49980330030000003,NA,NA,NA,4.18,2346.573,8.052464271,1994.6623829913308,0.27277686852154936,10.183333333333334
MOBEAST029,T9,Coral,Table 1,2024-06-02,18:00:00,2024-06-02T18:00:00Z,2024-06-02,18:00:00,2024-06-02 18:00:00,479.233,2.417,124.4,10.633,614.267,135.03300000000007,0.0292,140.574654266612,22.8262188809641,0.00949622436249104,0.143119748440901,0.00916199039488146,0.0122761953923963,0.196287269487803,1.339904852907798,1.48343189160331,0.242153187051873,0.0541522738954487,1.93159668333628,0.0346279065377962,2.128,0.1581750582,0.1005469141,0.0904662446,4.072058712,1.9698249418000002,8.049580364165314,-0.00770668506394223,-1.074999999999818,4.12,2347.496,8.042537088317895,2001.9505219619264,0.24509803921568624,11.333333333333334
MOBEAST030,T10,CCA,Table 1,2024-06-02,18:00:00,2024-06-02T18:00:00Z,2024-06-02,18:00:00,2024-06-02 18:00:00,422.717,1.783,104.867,10.95,538.533,115.81700000000001,0.1952,123.423280907857,17.6501245832352,0.0113326800612577,0.108853547149971,0.0106022867384042,0.013722838044471,0.134467579103283,1.294328137227544,1.34466685159939,0.36198716929975,0.0338857156769444,2.12712857987709,0.0624547434692155,1.612,0.15731899,0.1049349144,0.01,4.426998776,1.45468101,8.033367969181763,-0.02391908004749332,-1.686999999999898,3.7,2346.884,8.028511030133492,2010.4228394291308,0.2829654782116582,9.816666666666666
MOBEAST031,T11,Control,Table 1,2024-06-02,18:00:00,2024-06-02T18:00:00Z,2024-06-02,18:00:00,2024-06-02 18:00:00,485.9,2.833,133.683,11.367,630.95,145.04999999999995,0.07759999999999999,387.854163370994,16.4364197134229,0.00546780633904299,0.0681049289489991,0.00545663285792053,0.00735085147634639,0.0680973536985832,1.3471405659400966,1.1329896227316,0.350400339178703,0.0194873186110343,2.12011761732585,0.0476616478845649,1.046,0.1602164515,0.077,0.3241707098,2.573189361,0.8857835485000001,8.048189493504443,-0.00909755572481252,-1.8409999999998945,3.8,2346.73,8.042339039542458,2000.421195433444,0.7751937984496123,3.5833333333333335
MOBEAST032,T12,CCA,Table 1,2024-06-02,18:00:00,2024-06-02T18:00:00Z,2024-06-02,18:00:00,2024-06-02 18:00:00,421.498,1.714,109.368,9.667,540.532,119.03500000000003,0.1148,123.173503625934,15.486874138805,0.009966225964963,0.123325376031201,0.00902057764122225,0.0134007919691916,0.117219892646601,1.4855802479824174,1.17842597597393,0.305346507487696,0.0220383585952933,1.52427042527438,0.0656641478016466,1.275,0.1415146545,0.077,0.01,1.305846522,1.1334853455,8.039942493085857,-0.01734455614339936,-3.574000000000069,3.58,2344.997,8.032701957,2005.086768606336,0.37878787878787873,7.333333333333333
MOBEAST033,T13,Algae,Table 1,2024-06-02,18:00:00,2024-06-02T18:00:00Z,2024-06-02,18:00:00,2024-06-02 18:00:00,571.167,1.833,115.45,14.05,700.667,129.5,0.128,131.249635741464,15.5939657449649,0.0136498337480532,0.120490442480545,0.0134733101693858,0.016866409163455,0.112516611421365,1.2518385572224884,1.08790820206379,0.417771281563582,0.0343905439339923,1.65310190196627,0.0725953762954026,0.983,0.07316090327,0.077,0.01,1.300213887,0.90983909673,8.009743619735795,-0.04754342949346046,5.8530000000000655,3.34,2354.424,8.001514325000825,2031.4448662127031,2.4509803921568625,1.1333333333333333
MOBEAST034,T14,Algae,Table 1,2024-06-02,18:00:00,2024-06-02T18:00:00Z,2024-06-02,18:00:00,2024-06-02 18:00:00,487.3,1.633,100.7,10,598,110.69999999999999,0.0372,102.858284696146,11.7450934195778,0.00694874253422744,0.0780842005310253,0.00746659721797775,0.00903759122039181,0.0453144036568589,1.2104029394583504,0.831293225511137,0.512977060403122,0,1.59209378613139,0.0123335629907121,0.611,0.144741373,0.07946394367,0.06408025659,1.171672116,0.466258627,8.030702788271917,-0.02658426095733901,-4.626999999999953,3.75,2343.944,8.025549192585027,2007.7614476832553,0.9208103130755064,3.0166666666666666
MOBEAST035,T15,Control,Table 1,2024-06-02,18:00:00,2024-06-02T18:00:00Z,2024-06-02,18:00:00,2024-06-02 18:00:00,533,2.8,137.417,16.117,686.533,153.534,0.0992,129.001640204151,18.1213276503388,0.0117718589686048,0.158665345074677,0.0109411607582869,0.0156074596625037,0.192750136986822,1.4264902972641653,1.21046965270394,0.253372565523791,0.0550053115607561,1.73928034250018,0.0874312138276777,2.242,0.143753602,0.077,0.01,2.738553431,2.098246398,8.056982128280218,-3.049209490377791e-4,5.695000000000164,3.83,2354.266,8.049842802,1999.3138681901607,2.8735632183908044,0.9666666666666668
MOBEAST036,T16,Coral,Table 1,2024-06-02,18:00:00,2024-06-02T18:00:00Z,2024-06-02,18:00:00,2024-06-02 18:00:00,459.85,2.083,117.367,10.017,587.233,127.38400000000001,0.044,134.330222218522,20.1346498461451,0.0150994295716038,0.156160356833622,0.015193018394023,0.0194140378043044,0.227201271988138,1.277826255508383,1.27440099129538,0.292961892711701,0.0275720406589553,1.59831132130223,0.10599838585404,2.482,0.08349957277,0.1183388842,0.04711783573,5.115020918,2.39850042723,7.993301987325555,-0.06398506190370057,11.29300000000012,3.61,2359.864,7.988049103736814,2049.0274884341256,0.3401360544217687,8.166666666666666
MOBEAST037,F1,Inflow,Table 1,2024-06-03,00:00:00,2024-06-03T00:00:00Z,2024-06-03,00:00:00,2024-06-03,490.683,0.733,151.8,19.267,661.75,171.067,0.1008,318.582597184177,11.6972591688263,0.0120230422960719,0.0680075539084787,0.00662354364720263,0.0147200528243831,0.223115769710553,2.222383305438008,1.18931939773617,0.215966010018194,0.0389082800437421,2.14970987146313,0.120490760665248,2.913,0.1681844707,0.1418558235,0.1978949101,0.9996665802,2.7448155293,8.002849161030754,0,0,NA,2349.51,NA,NA,NA,NA
MOBEAST038,F2,Inflow,Table 2,2024-06-03,00:00:00,2024-06-03T00:00:00Z,2024-06-03,00:00:00,2024-06-03,491.117,0.7,154.467,19.817,665.4,174.28400000000005,0.0864,322.079479131108,11.0282936023474,0.0144786319062589,0.07773474454504,0.00959074096869089,0.0175780785545105,0.156530386015775,1.8328175697680071,0.929369402686962,0.327321520074289,0.00985818028494469,2.2150152165697,0.108496661871507,0.743,0.1950518411,0.0759672559,0.13192994,0.7887370158,0.5479481588999999,8.03939401809913,0,0,NA,2363.69,NA,NA,NA,NA
MOBEAST039,T1,Algae,Table 2,2024-06-03,00:00:00,2024-06-03T00:00:00Z,2024-06-03,00:00:00,2024-06-03,566.206,0.699,143.81,18.07,728.087,161.88,0.1904,158.14232309524,20.2346020118943,0.0113059040274191,0.114888233737167,0.0112156114708627,0.0148847429340257,0.12631123194226,1.327145022159079,1.05252017035395,0.326864752974908,0.0298956307611386,1.60498020307518,0.0916639978185636,0.746,0.1403951807,0.08601166293,0.0904662446,1.229175433,0.6056048193,NA,NA,NA,3.62,2366.852,7.989170054650201,2056.794761532506,0.744047619,3.7333333333333334
MOBEAST040,T2,CCA,Table 2,2024-06-03,00:00:00,2024-06-03T00:00:00Z,2024-06-03,00:00:00,2024-06-03,343.75,0.433,79.033,12.05,434.833,91.08299999999997,0.0836,355.050080345026,12.0799331748378,0.0126754908547336,0.0814580515017532,0.0121593034526263,0.0147644441395175,0.131338636586588,1.2142508160143426,0.966675498602493,0.360395964542177,0.00677633767039729,1.77338147456372,0.101937689336571,1.07,0.1037818034,0.1237210409,0.01,0.8137055613,0.9662181966000001,7.915037574888728,-0.12435644321040318,-17.246000000000095,3.49,2346.444,7.925918585,2075.4400518275625,3.875968992248062,0.7166666666666667
MOBEAST041,T3,Control,Table 2,2024-06-03,00:00:00,2024-06-03T00:00:00Z,2024-06-03,00:00:00,2024-06-03,482.65,0.883,141.333,21.217,645.2,162.55000000000007,0.0712,336.816338764602,12.9523727930205,0.0126071041367188,0.0869774101817144,0.0105828289406039,0.017219505441266,0.217208526353525,1.6271174312568435,1.14541676255448,0.254072774331337,0.0605038728867394,1.90381481269911,0.13246700598452,2.291,0.2416087796,0.1219384157,0.3034388621,6.178327865,2.0493912204,8.030448330295556,-0.00894568780357474,-7.086999999999989,3.69,2356.603,8.04297155,2013.708792395615,0.8333333333333333,3.3333333333333335
MOBEAST042,T4,Algae,Table 2,2024-06-03,00:00:00,2024-06-03T00:00:00Z,2024-06-03,00:00:00,2024-06-03,578.15,0.833,142.983,17.65,738.783,160.63300000000004,0.0312,108.686421274364,10.1737025851914,0.0149262566994344,0.087451604921005,0.0136141916735358,0.0187915309736933,0.111917214862574,1.380289878702205,0.856769673677748,0.432784934398711,0.037097364555353,1.79101587634539,0.059382487151877,0.911,0.07460963402,0.1474436677,0.2563210264,0.7314018373,0.83639036598,7.95676234348475,-0.08263167461438048,96.09299999999983,3.69,2459.783,7.970390586500177,2152.859873773612,0.6973500697350069,3.9833333333333334
MOBEAST043,T5,CCA,Table 2,2024-06-03,00:00:00,2024-06-03T00:00:00Z,2024-06-03,00:00:00,2024-06-03,458.667,0.7,121.317,17.15,597.133,138.46700000000004,0.0404,311.422315102367,11.3024481141168,0.0145856502432898,0.144604532576335,0.0115766887264242,0.0172277047062783,0.13005688200531,1.4881375074856644,0.891804744197132,0.351829015797943,0.0119176014554204,1.82588542342665,0.0596422713854745,1.108,0.185766794,0.077,0.04900254916,2.264655482,0.922233206,7.993272771388212,-0.04612124671091866,-11.721000000000004,3.81,2351.969,8.007368408990265,2031.161244185952,1.0416666666666667,2.6666666666666665
MOBEAST044,T6,Coral,Table 2,2024-06-03,00:00:00,2024-06-03T00:00:00Z,2024-06-03,00:00:00,2024-06-03,419.867,0.483,108.117,16.017,544,124.13399999999996,0.0416,94.8654116745902,10.3771766368952,0.0146201705608244,0.131089540921486,0.0115079642372025,0.0186099496839187,0.116530510540846,1.6171365586762234,0.87832656234717,0.374468455839693,0.0136270460412275,1.91481054382771,0.0331652300623647,0.922,0.1841863604,0.09797582011,0.04711783573,1.060700802,0.7378136396,7.978127166200953,-0.0612668518981776,-26.414000000000215,4.08,2337.276,7.992569642113831,2025.4433231711969,0.8591065292096219,3.2333333333333334
MOBEAST045,T7,Coral,Table 2,2024-06-03,00:00:00,2024-06-03T00:00:00Z,2024-06-03,00:00:00,2024-06-03,523.428,0.765,152.745,19.501,695.674,172.24599999999998,0.3532,92.367638855354,10.1272962225221,0.0119655671480688,0.123206010111657,0.0099340529807099,0.0147351438063127,0.0762315558068072,1.483296277453486,0.71835841867914,0.434584745213361,0.0420605136484289,1.9034559435353,0.018858109522665,0.516,0.1396049639,0.1391476046,0.01,0.85876664,0.3763950361,7.965765838902617,-0.07362817919651388,-45.128999999999905,3.43,2318.561,7.982799551301113,2016.791611238705,0.8012820512820513,3.466666666666667
MOBEAST046,T8,Control,Table 2,2024-06-03,00:00:00,2024-06-03T00:00:00Z,2024-06-03,00:00:00,2024-06-03,503.644,0.732,161.148,19.018,683.81,180.16599999999994,0.04879999999999999,85.7901704313654,10.158709760329,0.0157211862584379,0.13244074003676,0.0110377161807759,0.0182101668207666,0.172191074944192,1.649812925293619,0.886696990060378,0.295764914214289,0.0621114961494961,1.84986200871376,0.0425801436190146,1.644,0.2637348493,0.1527229806,0.2506668861,1.783443515,1.3802651506999999,NA,NA,NA,3.47,2355.957,8.047245541646221,2010.3646001809032,0.29239766081871343,9.5
MOBEAST047,T9,Coral,Table 1,2024-06-03,00:00:00,2024-06-03T00:00:00Z,2024-06-03,00:00:00,2024-06-03,521.7,0.8,138.133,26.767,686.6,164.89999999999998,0.0448,88.7874978144488,10.656328756952,0.0138746232884498,0.117627262202307,0.0110899782915387,0.01778566525137,0.121276454196583,1.6037601502736842,0.941449865321305,0.388078082574239,0.0213272010748258,1.82434135526073,0.00939003954946126,1.284,0.2676200818,0.1043178518,0.2845917278,2.552256136,1.0163799182,8.009730752954257,0.00688159192350212,NA,3.39,NA,8.025274946334212,NA,0.2620545073375262,10.6
MOBEAST048,T10,CCA,Table 1,2024-06-03,00:00:00,2024-06-03T00:00:00Z,2024-06-03,00:00:00,2024-06-03,413.233,0.533,112.333,20.45,546.017,132.78299999999996,0.0064,86.8725386530344,10.8341008231775,0.014216399378371,0.121116791694354,0.0108669307257733,0.0166837981893058,0.0642047431869289,1.5352815445612926,0.761319030680367,0.49121309338386,0,2.07568461140424,0.0494161700514599,1.821,0.2442428355,0.1335254791,0.2393586055,1.468436309,1.5767571645,8.014314453662687,0.0114652926319323,7.76299999999992,3.31,2357.273,8.030050080756869,2023.4048084521985,0.3373819163292847,8.233333333333333
MOBEAST049,T11,Control,Table 1,2024-06-03,00:00:00,2024-06-03T00:00:00Z,2024-06-03,00:00:00,2024-06-03,548.652,0.865,165.957,22.928,737.537,188.885,0.0192,81.5439566386639,10.0751783075243,0.0149523618211644,0.11353817623116,0.0104441116867942,0.0182994606256164,0.0650248048188801,1.7521318398724806,0.645794013514446,0.569960650104279,0.0125494666311642,1.98951393913075,0.0115067557910814,1.869,0.3125965867,0.09389635104,0.4278299484,1.200507843,1.5564034133,8.02518529369596,0.02233613266520606,9.473999999999704,3.22,2358.984,8.044513924,2013.8756942040736,0.9689922480620154,2.8666666666666667
MOBEAST050,T12,CCA,Table 1,2024-06-03,00:00:00,2024-06-03T00:00:00Z,2024-06-03,00:00:00,2024-06-03,457.05,0.817,136.633,18,611.683,154.63299999999998,0.0472,83.7086930820019,10.1501424318362,0.016649363900199,0.123107674743348,0.0118331155998278,0.0222535187684048,0.182420734981385,1.8806136541697136,1.00072697211628,0.323345129834052,0,2.19368762891153,0.0543803939075935,1.312,0.2582691833,0.1419586673,0.2186267578,1.906688928,1.0537308167000001,8.007906759444515,0.00505759841376018,8.036999999999807,3.13,2357.547,8.026115073,2025.201351135055,0.4708097928436911,5.9
MOBEAST051,T13,Algae,Table 1,2024-06-03,00:00:00,2024-06-03T00:00:00Z,2024-06-03,00:00:00,2024-06-03,760.067,0.833,147.183,25.833,933.083,173.01599999999996,0.2484,362.210362426836,11.2803158488438,0.0161639248965598,0.101727114525438,0.0163784266058621,0.0209230256585715,0.0847534810783764,1.2774747026727717,0.889671427810509,0.524297076954956,0.022022215357982,1.82366841812021,0.0770718739409176,1.551,0.6708281922,0.08038953749,0.1828172026,1.358221619,0.8801718077999999,7.890482009992863,-0.1123671510378914,33.75199999999995,2.92,2383.262,7.908541023515754,2119.0324810237753,2.057613169,1.35
MOBEAST052,T14,Algae,Table 1,2024-06-03,00:00:00,2024-06-03T00:00:00Z,2024-06-03,00:00:00,2024-06-03,545.467,0.55,106.367,17.767,669.6,124.13400000000001,0.01439999999999999,99.5279209371644,9.84171860609565,0.0161367734881877,0.103195484985646,0.0142023487896293,0.0191916984010338,0.0823869062960122,1.3513045402073054,0.884669477624331,0.544819497078094,0.0236187985214951,1.86968406989791,0.0522756286304756,1.408,0.01,0.1251608535,0.373173259,2.674660857,1.398,7.922807902557299,-0.08004125847345556,28.33999999999969,3.88,2377.85,7.941983167245811,2094.168662110677,1.9157088122605364,1.45
MOBEAST053,T15,Control,Table 1,2024-06-03,00:00:00,2024-06-03T00:00:00Z,2024-06-03,00:00:00,2024-06-03,519.467,0.967,148.95,25.167,693.583,174.11699999999996,0.1436,93.1169707011248,12.1227698173017,0.0161838241547345,0.108457605232451,0.0109774512014353,0.0200729279347153,0.0989254274495726,1.8285599786670668,0.85919708113195,0.490716379512179,0.0140580188719264,2.12597207202737,0.0427546352050586,1.567,0.4095956961,0.1292403225,0.333594277,3.106776425,1.1574043039,8.029470399672205,0.02662123864145016,8.738999999999578,3.43,2358.249,8.050699337614258,2009.1957695051872,1.4124293785310733,1.9666666666666663
MOBEAST054,T16,Coral,Table 1,2024-06-03,00:00:00,2024-06-03T00:00:00Z,2024-06-03,00:00:00,2024-06-03,479.417,0.8,140.883,20.117,640.417,160.99999999999994,0.0764,89.4535705662451,11.0482840354973,0.0123763251322656,0.0970909299527098,0.0105150955439225,0.0169427833216572,0.0895882116970575,1.6112819185413647,0.883819911118026,0.425936047224051,0.0343046705550475,1.84021957752386,0.02222870746994,2.062,0.4472626958,0.1772683575,0.3769426858,2.058938207,1.6147373041999997,8.014004531254514,0.01115537022375967,-46.340000000000146,3.5,2303.17,8.036656826777765,1969.7852970217991,0.4844961240310077,5.733333333333333
MOBEAST055,F1,Inflow,Table 1,2024-06-03,06:00:00,2024-06-03T06:00:00Z,2024-06-03,06:00:00,2024-06-03 06:00:00,453.91,0.2,100.948,19.484,574.343,120.43199999999996,0.0224,75.0663991274447,10.104450013208,0.00930129743700761,0.0699443396791334,0.00680406273813205,0.0114912142393814,0.090466442670281,1.6888754089495852,0.705112519912786,0.374000454499282,0.0292939746813898,1.84958385154209,0.0164911382109073,1.632,0.5711291755,0.2017794532,0.5559904616,20.20552221,1.0608708244999998,8.011280151320806,0,0,NA,2346.113,NA,NA,NA,NA
MOBEAST056,F2,Inflow,Table 2,2024-06-03,06:00:00,2024-06-03T06:00:00Z,2024-06-03,06:00:00,2024-06-03 06:00:00,479.85,0.283,104.9,21.883,606.633,126.78300000000002,0.0044,NA,NA,0.0115444524155415,0.0719223117805287,0.00822326598110264,0.0132467672841856,0.048465676719863,1.6108888262433863,0.668251474680332,0.674047401465349,0.0229122969726121,1.73022622092816,0.0158471727295375,0.593,0.8064820723,0.077,0.6389178525,3.328466844,-0.21348207230000005,8.019275619285924,0,0,NA,2343.007,NA,NA,NA,NA
MOBEAST057,T1,Algae,Table 2,2024-06-03,06:00:00,2024-06-03T06:00:00Z,2024-06-03,06:00:00,2024-06-03 06:00:00,463.245,0.216,84.359,17.121,564.725,101.48000000000002,0.034,84.5412840217473,10.0537599862923,0.00888718186868076,0.0331568530315508,0.0083698453460601,0.0115334530418542,0.0610722224661148,1.3779768400718768,0.990617834688734,0.483617388990106,0.0325326179987377,1.42827117201859,0.0548944628741675,0.732,0.31463798,0.1270463224,0.6276095719,2.610684213,0.41736202,NA,NA,NA,3.95,2358.64,7.975172981616652,2059.60847,1.3888888888888888,2
MOBEAST058,T2,CCA,Table 2,2024-06-03,06:00:00,2024-06-03T06:00:00Z,2024-06-03,06:00:00,2024-06-03 06:00:00,397.717,0.217,62.467,17.783,477.967,80.25,0.0088,79.3792201953258,9.55185732542283,0.0128839298897995,0.0484423676773745,0.0135525230949218,0.0145759895853026,0.0462911815608075,1.0755185202941508,0.845529117917144,0.80921865623123,0.0317730208222706,1.43472002894297,0.0278047743678844,0.418,0.3453247315,0.141924386,0.2600904532,3.806904529,0.0726752685,7.905272505303802,-0.11400311398212182,-1.4529999999999743,3.79,2341.554,7.914517313377639,2078.181535598644,6.410256410256411,0.43333333333333335
MOBEAST059,T3,Control,Table 2,2024-06-03,06:00:00,2024-06-03T06:00:00Z,2024-06-03,06:00:00,2024-06-03 06:00:00,472.047,0.283,105.042,19.634,596.722,124.67600000000004,0.04440000000000001,71.5278876335268,10.3250587218974,0.00737905520730257,0.0290958363307941,0.0057530442736604,0.00937381709426111,0.0977693603645066,1.629366409915872,1.08691879541183,0.30536084537906,0.0200056691301021,1.36389996348896,0.0311406397699054,1.501,0.6622016591,0.1634187314,0.1922407698,20.02477348,0.8387983408999999,8.022645694309167,0.00337007502324304,-29.271000000000186,3.6,2313.736,8.031749315185968,1985.189650745408,1.2820512820512822,2.1666666666666665
MOBEAST060,T4,Algae,Table 2,2024-06-03,06:00:00,2024-06-03T06:00:00Z,2024-06-03,06:00:00,2024-06-03 06:00:00,650.333,0.416,99.101,22.596,772.03,121.697,0.3872,131.665931211337,13.930476129281,0.0123701854374631,0.041615184686339,0.0130974602423822,0.0126589352179098,0.0358521120490588,0.9665183160431843,0.821195346695598,0.837902319092501,0.0181720224158607,1.45385523942798,0.0247216850217105,0.178,0.09746006916,0.077,0.7105369628,2.291137273,0.08053993084,7.947558949235975,-0.0717166700499492,65.92499999999973,3.46,2408.932,7.956412568824899,2116.726573070744,0.8333333333333333,3.3333333333333335
MOBEAST061,T5,CCA,Table 2,2024-06-03,06:00:00,2024-06-03T06:00:00Z,2024-06-03,06:00:00,2024-06-03 06:00:00,439.601,0.166,80.715,19.867,540.183,100.582,0.1348,75.1663100402142,10.8062570055759,0.0100168728890854,0.0436679577740798,0.00953483624907216,0.0111172911268403,0.109103130985493,1.16596560616572,1.11862098172851,0.423687042792389,0.0030556719692801,1.59105361964341,0.0430313723464783,0.71,0.01,0.077,0.05,0.26,0.7,7.984736119239772,-0.03453950004615258,-84.90099999999984,3.76,2258.106,7.993523044568048,1956.3991974229152,1.0548523206751057,2.6333333333333333
MOBEAST062,T6,Coral,Table 2,2024-06-03,06:00:00,2024-06-03T06:00:00Z,2024-06-03,06:00:00,2024-06-03 06:00:00,384.75,0.35,76.117,20.633,481.5,96.75,0.0264,83.3756567061037,12.7381895807007,0.0112372130674034,0.0595498361272823,0.0109749935367396,0.0143438153872902,0.139403645100422,1.3069543357153897,1.15123899732378,0.353206811830107,0.041630409036904,1.61661419191258,0.0402225840593337,1.56,0.01,0.08,0.11,0.6,1.55,7.973661131229899,-0.04561448805602541,0.29700000000002547,3.94,2343.304,7.983056006254004,2040.7759543057427,1.1904761904761905,2.3333333333333335
MOBEAST063,T7,Coral,Table 2,2024-06-03,06:00:00,2024-06-03T06:00:00Z,2024-06-03,06:00:00,2024-06-03 06:00:00,507.45,0.25,100.533,24.667,632.65,125.19999999999999,0.1016,99.1116254672917,12.9238150313778,0.00857029338479822,0.043045335446604,0.00878815647116757,0.00924777310067998,0.041710763239716,1.0522995500842907,0.835090125090698,0.628209043232418,0,1.58857388856518,0.0268864839816596,0.42,0.01,0.11,0.09,0.085,0.41,7.9469472081291395,-0.07232841115678479,-36.96300000000019,3.92,2306.044,7.956756253779989,2090.9000870047307,1.01010101,2.75
MOBEAST064,T8,Control,Table 2,2024-06-03,06:00:00,2024-06-03T06:00:00Z,2024-06-03,06:00:00,2024-06-03 06:00:00,481.583,0.2,105.617,21.95,609.15,127.56700000000006,0.0508,82.197540526364,11.7293866506743,0.0101730827556978,0.0726606368624096,0.00843787164856556,0.0105038468212559,0.0385419205070776,1.2448455319940257,0.88243867293648,0.711857955882298,0,1.88595765854143,0,0.83,0.08,0.1,0.21,0.44,0.75,NA,NA,NA,4.01,2420.65,8.039772501065098,2076.0401573366444,0.392156863,7.083333333333333
MOBEAST065,T9,Coral,Table 1,2024-06-03,06:00:00,2024-06-03T06:00:00Z,2024-06-03,06:00:00,2024-06-03 06:00:00,455.8,0.45,99.25,21.8,576.85,121.05000000000001,0.02039999999999999,150.703123048615,18.0770631197927,0.00993009069939998,0.0783142370174874,0.00943418983455041,0.0128851947456015,0.0313939801714302,1.3657976966302532,0.776302506033111,0.713140330762212,0.0207898573833687,2.01897418741011,0,0.48,0.01,0.09,0.12,0.19,0.47,8.011784603187724,5.044518669183873e-4,12.472000000000207,4.03,2358.585,8.022906416,2030.2059294059093,0.39123630672926446,7.1
MOBEAST066,T10,CCA,Table 1,2024-06-03,06:00:00,2024-06-03T06:00:00Z,2024-06-03,06:00:00,2024-06-03 06:00:00,420.85,0.25,88.9,17.883,527.633,106.78300000000002,0.0516,150.703123048615,21.5325522785524,0.0113718797902874,0.0804167225282518,0.0108313666355633,0.0132601724083159,0.0349832560294405,1.2242381644415905,0.7475097925937,0.821248896600596,0.00530547414582612,1.81086706985391,0.00881815834777619,0.6,0.01,0.1,0.05,0.21,0.59,8.01359755146066,0.00231740013985337,-60.98399999999992,4,2285.129,8.025631974009432,1964.0076529241223,0.31094527363184077,8.933333333333334
MOBEAST067,T11,Control,Table 1,2024-06-03,06:00:00,2024-06-03T06:00:00Z,2024-06-03,06:00:00,2024-06-03 06:00:00,542.978,0.366,113.71,24.742,681.431,138.452,0.1672,87.0099161580924,79.9046170761136,0.0110566359521341,0.0813333629865023,0.00952221281028373,0.0151058470228176,0.0856335653631853,1.5863799017917033,1.12560578659651,0.471788535209694,0.00748676817725543,2.19191867194302,0.079608888536101,0.56,0.07,0.09,0.14,0.15,0.49000000000000005,8.029143259887947,0.01786310856714124,42.8390000000004,3.86,2388.952,8.041257237398186,2044.811242880487,0.7246376811594203,3.8333333333333335
MOBEAST068,T12,CCA,Table 1,2024-06-03,06:00:00,2024-06-03T06:00:00Z,2024-06-03,06:00:00,2024-06-03 06:00:00,453.178,0.266,92.113,20.416,565.707,112.529,0.1024,NA,NA,0.00878176502940145,0.0664543626550072,0.00753021828915737,0.00959606369783833,0.0261412469436363,1.2743407069162305,0.799893410373547,0.738644013346239,0,2.11639597558374,0.0150561759595546,0.54,0.01,0.077,0.01,0.29,0.53,8.014764758061578,0.00348460674077166,15.626999999999953,3.88,2361.74,8.026016994881157,2031.8827540007624,0.4901960784313726,5.666666666666667
MOBEAST069,T13,Algae,Table 1,2024-06-03,06:00:00,2024-06-03T06:00:00Z,2024-06-03,06:00:00,2024-06-03 06:00:00,617.1,0.283,94.283,29.117,740.5,123.39999999999998,0.088,116.983189988927,12.3369530296215,0.0127187050329854,0.0802494649368212,0.0130368781875169,0.015568270953273,0.0526398298424788,1.1941716973454555,0.854106055944214,0.62775049569385,0.0374077179627904,1.66882535180565,0.0398569425706201,0.24,0.01,0.077,0.01,0.085,0.22999999999999998,7.87308109328354,-0.13819905803726584,1.46100000000024,3.59,2347.574,7.885131754673088,2099.887023433149,6.410256410256411,0.43333333333333335
MOBEAST070,T14,Algae,Table 1,2024-06-03,06:00:00,2024-06-03T06:00:00Z,2024-06-03,06:00:00,2024-06-03 06:00:00,530.933,0.1,81.2,18.483,630.617,99.68299999999999,0.0712,127.224058547795,15.521143452776199,0.0112251048888139,0.0760536241808817,0.0116285549262157,0.0135846050913282,0.0382322056596569,1.1682109408713142,0.891511776921832,0.71832065272646894,0.0153780811650303,1.61309943761192,0.0351756073670451,0.26,0.01,0.08,0.01,0.085,0.25,7.912510301715075,-0.09876984960573054,16.08699999999999,3.77,2362.2,7.925190078236221,2091.1839985862794,0.4273504273504274,6.5
MOBEAST071,T15,Control,Table 1,2024-06-03,06:00:00,2024-06-03T06:00:00Z,2024-06-03,06:00:00,2024-06-03 06:00:00,472.23,0.266,106.722,22.612,601.564,129.33400000000006,0.15519999999999998,153.117636773877,16.0423226027544,0.0123162229428976,0.0759200345572552,0.0107256757529717,0.0148420417918959,0.159297341790358,1.3837861719606528,0.996119445922025,0.351827896393713,0.0841387321135123,2.2079101531478,0.045567892761785,1.28,0.01,0.1,0.01,0.38,1.27,8.013630116649967,0.0023499653291612,-6.638999999999669,4.07,2339.474,8.026041808526687,2010.0674085660037,1.718213058419244,1.6166666666666667
MOBEAST072,T16,Coral,Table 1,2024-06-03,06:00:00,2024-06-03T06:00:00Z,2024-06-03,06:00:00,2024-06-03 06:00:00,472.117,0.383,96.833,21.717,590.667,118.55000000000001,0.02279999999999999,91.2561299507939,11.44523692233,0.00789231855482628,0.0603211652168647,0.00740519877131512,0.0104301277415015,0.07817569031485,1.408487207919899,1.13981250357504,0.360843112457502,0.0632589695425496,2.16969590711035,0.0321484716257316,0.74,0.01,0.11,0.01,0.22,0.73,7.997565954219294,-0.01371419710151222,-6.9109999999996035,3.94,2339.202,8.011997058176139,2018.6042000676753,0.9578544061302682,2.9
MOBEAST073,F1,Inflow,Table 1,2024-06-04,12:00:00,2024-06-04T12:00:00Z,2024-06-04,12:00:00,2024-06-04 12:00:00,426.15,1.583,31.517,12.7,470.367,44.216999999999985,0.11782608695652176,89.3411707893795,10.5113981166156,0.00541440577109047,0.0470160889018004,0.00295580543224988,0.0065570407313999,0.0339313201771849,2.2183600651984916,0.524514482673925,0.404327562850269,0.054336407983549,1.57756383303997,0.0195415149110619,0.92,0.12,0.12,0.01,0.3,0.8,NA,NA,NA,NA,NA,NA,NA,NA,NA
MOBEAST074,F2,Inflow,Table 2,2024-06-04,12:00:00,2024-06-04T12:00:00Z,2024-06-04,12:00:00,2024-06-04 12:00:00,457.933,1.983,32.133,13.217,503.283,45.35000000000002,0.0418103448275862,92.1719799845138,10.4192993353181,0.00621866927392762,0.0533196312736086,0.00471924251647794,0.00982112912957621,0.0428522526614011,2.081081676833575,0.703309198456241,0.461430530978138,0.0430432982397893,1.72166746981635,0.0209947057021911,1.1,0.13,0.077,0.01,0.62,0.9700000000000001,NA,NA,NA,NA,NA,NA,NA,NA,NA
MOBEAST075,T1,Algae,Table 2,2024-06-04,12:00:00,2024-06-04T12:00:00Z,2024-06-04,12:00:00,2024-06-04 12:00:00,501.4,1.75,28.683,13.267,543.35,41.950000000000045,0.20913043478260868,97.3340438109352,10.6220594429809,0.00597762563535894,0.0366055405689028,0.00579213284591953,0.00716111374875985,0.0452750429657959,1.236351779086826,0.853074253235982,0.451394658241223,0.0302603291558784,1.50406354041424,0.0297252473094778,0.71,0.07,0.077,0.01,0.43,0.6399999999999999,NA,NA,NA,3.75,NA,8.060818482779197,NA,NA,NA
MOBEAST076,T2,CCA,Table 2,2024-06-04,12:00:00,2024-06-04T12:00:00Z,2024-06-04,12:00:00,2024-06-04 12:00:00,425.225,1.181,21.082,10.749,457.055,31.831000000000017,0.2208695652173913,100.830925757866,10.6806028543483,0.00571036832926178,0.0345348337354343,0.00618028182286804,0.0078800092478487,0.0419255023450051,1.2750242583908382,0.765670905476439,0.474568826658486,0.0264464242003436,1.69480896298667,0.00420008053584172,0.63,0.01,0.09,0.01,0.33,0.62,NA,NA,NA,3.81,NA,8.071351595907974,NA,NA,NA
MOBEAST077,T3,Control,Table 2,2024-06-04,12:00:00,2024-06-04T12:00:00Z,2024-06-04,12:00:00,2024-06-04 12:00:00,496.733,1.783,33.117,14.85,544.7,47.96700000000004,0.0699248120300752,87.0931752520669,9.93096161122891,0.00203229491691614,0.0041995290883621,0.00147741992780461,0.0034693985976537,0.0219185124419735,2.3482819829086066,0.977911418445499,0.345218685833756,0.0187488284054844,1.75819114831094,0,0.89,0.09,0.19,0.01,1.37,0.8,NA,NA,NA,3.34,NA,8.001175378279203,NA,NA,NA
MOBEAST078,T4,Algae,Table 2,2024-06-04,12:00:00,2024-06-04T12:00:00Z,2024-06-04,12:00:00,2024-06-04 12:00:00,579.733,1.367,28.617,14.283,622.633,42.89999999999998,0.03153846153846153,103.744994046975,10.4342921601805,0.00785845214669916,0.0582503323713057,0.00734915290488184,0.0113232082816596,0.162276551083697,1.5407501283770957,1.29736348890326,0.197209571592313,0.0422401594494038,1.74988515883683,0.0614097929185896,6.28,0.01,0.09,0.56,3.94,6.2700000000000005,NA,NA,NA,3.52,NA,8.029165312467347,NA,NA,NA
MOBEAST079,T5,CCA,Table 2,2024-06-04,12:00:00,2024-06-04T12:00:00Z,2024-06-04,12:00:00,2024-06-04 12:00:00,391.797,1.181,23.544,11.98,427.321,35.524,0.07809917355371901,90.8398344809212,10.3921694617576,0.00464945589534278,0.0295565674348254,0.00433456936609684,0.00630325586599375,0.0506549454795088,1.4541827188867107,0.984309869577348,0.32772842075227,0.0292286961755315,1.3869153452543,0.0149474767061338,1.45,0.09,0.07,0.01,2.46,1.3599999999999999,NA,NA,NA,3.86,NA,8.067844352739133,NA,NA,NA
MOBEAST080,T6,Coral,Table 2,2024-06-04,12:00:00,2024-06-04T12:00:00Z,2024-06-04,12:00:00,2024-06-04 12:00:00,349,0.8,22.367,13.817,385.183,36.18399999999997,0.1349593495934959,95.8353801193935,10.8219637744794,0.00522771949485325,0.0414744077874943,0.00445610116750352,0.00703803556627192,0.0780710906567535,1.5794155701843948,1.27049341562225,0.277060339584152,0.0666786243849495,1.99978557341341,0.0581758865959526,1.64,0.08,0.09,0.01,0.65,1.5599999999999998,NA,NA,NA,3.46,NA,8.059641804234774,NA,NA,NA
MOBEAST081,T7,Coral,Table 2,2024-06-04,12:00:00,2024-06-04T12:00:00Z,2024-06-04,12:00:00,2024-06-04 12:00:00,451.414,1.431,30.882,14.01,496.306,44.891999999999996,0.00545454545454545,95.0860482736227,10.3236308338152,0.00582025242585122,0.0461115809679274,0.00504425246047072,0.009036249679064,0.137083133563385,1.791395206698428,1.7580305925703,0.233611497807022,0.0212411342677898,2.07873672440264,0.0387082409466908,3.25,0.08,0.11,0.01,0.77,3.17,NA,NA,NA,3.55,NA,8.041907977734878,NA,NA,NA
MOBEAST082,T8,Control,Table 2,2024-06-04,12:00:00,2024-06-04T12:00:00Z,2024-06-04,12:00:00,2024-06-04 12:00:00,413.394,1.797,32.329,13.211,458.935,45.54000000000002,0.0076595744680851,94.9195300856736,10.3157774493635,0.00571636788001763,0.0458851254020932,0.00325735609958199,0.00735327528150427,0.049222253180029,2.257436723742885,0.7124982775397,0.308147889636735,0,1.81951937254659,0.0164227860992808,1.19,0.13,0.09,0.01,0.89,1.06,NA,NA,NA,3.66,NA,7.9963280254560365,NA,NA,NA
MOBEAST083,T9,Coral,Table 1,2024-06-04,12:00:00,2024-06-04T12:00:00Z,2024-06-04,12:00:00,2024-06-04 12:00:00,413.333,1.35,30.183,13.667,457.183,43.85000000000002,0.09375,96.0851574013171,10.1280101665631,0.00545310962470466,0.0581276530328876,0.00420061595029967,0.00600543065308962,0.0406192227845911,1.4296547754291118,0.724483114221517,0.336355424847306,0.00859296466604365,1.77486009003698,0,0.81,0.11,0.09,0.01,0.37,0.7000000000000001,NA,NA,NA,3.43,NA,8.00928035,NA,NA,NA
MOBEAST084,T10,CCA,Table 1,2024-06-04,12:00:00,2024-06-04T12:00:00Z,2024-06-04,12:00:00,2024-06-04 12:00:00,408.567,1.533,30.55,12.283,451.4,42.83299999999997,0.08888888888888889,93.0045709242592,10.3222029457331,0.00641364554505849,0.0570714295850634,0.00551003871792635,0.0088985206057669,0.0528928206701333,1.614965168360155,1.05423247713441,0.347723701684671,0.0268750135735563,2.218574469324,0,1.01,0.1,0.12,0.01,0.54,0.91,NA,NA,NA,3.93,NA,8.009661025972841,NA,NA,NA
MOBEAST085,T11,Control,Table 1,2024-06-04,12:00:00,2024-06-04T12:00:00Z,2024-06-04,12:00:00,2024-06-04 12:00:00,470.433,1.617,35.75,13.767,519.95,49.51700000000005,0.01935483870967741,88.342061661685,10.4164435591538,0.00664325933394838,0.0552542238187043,0.00388935360935954,0.0100792043747467,0.100059530154961,2.591485729271719,1.52848243978535,0.232046799713737,0.051469909611561,1.88000409129348,0.053281857942126,2.62,0.12,0.1,0.01,0.66,2.5,NA,NA,NA,3.73,NA,7.985254678945427,NA,NA,NA
MOBEAST086,T12,CCA,Table 1,2024-06-04,12:00:00,2024-06-04T12:00:00Z,2024-06-04,12:00:00,2024-06-04 12:00:00,424.55,1.633,30.283,12,466.833,42.283000000000015,0.02123893805309734,92.8380527363101,10.3821742451827,0.0078708911709841,0.0538570301595406,0.0045765076939735,0.00983079155953843,0.0403226548719128,2.1480989909585313,0.74398051483529,0.406597372805543,0,2.25562419736427,0.0383873738387517,0.82,0.1,0.077,0.01,0.43,0.72,NA,NA,NA,3.95,NA,8.007240289,NA,NA,NA
MOBEAST087,T13,Algae,Table 1,2024-06-04,12:00:00,2024-06-04T12:00:00Z,2024-06-04,12:00:00,2024-06-04 12:00:00,997.983,1.4,32.167,15.9,1046.05,48.06700000000001,0.20474137931034483,120.396812841883,10.9240577723518,0.00955704911720459,0.0610912285375199,0.00899779578668556,0.0111336194608437,0.069156527791186,1.237371876934417,1.10123032548372,0.385792654719003,0.018443120170852,1.48493841513999,0.0805166565146859,0.31,0.01,0.077,0.01,0.26,0.3,NA,NA,NA,4,NA,8.248460849918775,NA,NA,NA
MOBEAST088,T14,Algae,Table 1,2024-06-04,12:00:00,2024-06-04T12:00:00Z,2024-06-04,12:00:00,2024-06-04 12:00:00,486.233,1.317,27.95,12.333,526.517,40.28299999999996,0.03529411764705883,104.494325892746,10.202260346834,0.00429588238541354,0.0494947886924084,0.0037658370758875,0.00562255760503925,0.0935349280361655,1.4930432442338664,1.31338651957468,0.214647686807012,0.0358557864633185,1.76405442432952,0.0331045488125822,1.07,0.01,0.08,0.01,0.61,1.06,NA,NA,NA,3.97,NA,8.102983161,NA,NA,NA
MOBEAST089,T15,Control,Table 1,2024-06-04,12:00:00,2024-06-04T12:00:00Z,2024-06-04,12:00:00,2024-06-04 12:00:00,552.8,1.683,37.633,16.4,606.833,54.033000000000015,0.19111111111111112,89.9239844472012,10.649189316541401,0.00626631334207222,0.0482970220961402,0.00378813497415892,0.0082740400130267,0.0860083990868462,2.1841988391302727,1.04980905634363,0.257421121830318,0.0334030252159211,1.98722911062346,0.0097109307257409409,1.57,0.01,0.09,0.01,1.25,1.56,NA,NA,NA,3.54,NA,8.002932345898575,NA,NA,NA
MOBEAST090,T16,Coral,Table 1,2024-06-04,12:00:00,2024-06-04T12:00:00Z,2024-06-04,12:00:00,2024-06-04 12:00:00,442.367,1.417,29.467,13.567,485.4,43.03399999999999,0.03347826086956522,93.0878300182338,10.3728929726488,0.00533843137173283,0.0667687108352107,0.00465094550045935,0.0075093003330056,0.0767072666367021,1.6145750003443267,0.922567356839178,0.254197866309981,0.0083422821163926,1.58759964318302,0.0538190525236994,1.11,0.08,0.09,0.01,0.32,1.03,NA,NA,NA,3.94,NA,8.037771997617792,NA,NA,NA
MOBEAST091,F1,Inflow,Table 1,2024-06-06,12:00:00,2024-06-06T12:00:00Z,2024-06-06,12:00:00,2024-06-06 12:00:00,484.083,4.817,58.233,22.017,564.333,80.25000000000006,0.00958333333333333,155.698668687087,12.2377148079134,0.00818055285548102,0.057611799342931,0.00401188765864439,0.00990659061755994,0.0241636037076997,2.4693090785367007,0.363509349230466,0.539176158144318,0,1.83840644946582,0.0145967306659172,1.84,0.09,0.08,0.01,1.22,1.75,NA,NA,NA,NA,NA,NA,NA,NA,NA
MOBEAST092,F2,Inflow,Table 2,2024-06-06,12:00:00,2024-06-06T12:00:00Z,2024-06-06,12:00:00,2024-06-06 12:00:00,419.035,5.025,56.839,20.649,496.522,77.488,0.1165289256198347,164.524132648389,12.7367616926185,0.0092583905265243,0.0533326437078754,0.00497918597075672,0.0112525898741674,0.0313041249883642,2.2599256063651842,0.503516536455552,0.542321519909875,0.018528861121911,2.16735908465396,0.0150738405087614,1.58,0.1,0.09,0.01,1.23,1.48,NA,NA,NA,NA,NA,NA,NA,NA,NA
MOBEAST093,T1,Algae,Table 2,2024-06-06,12:00:00,2024-06-06T12:00:00Z,2024-06-06,12:00:00,2024-06-06 12:00:00,465.2,4.617,54.983,18.383,538.567,73.36600000000004,0.1875,167.85449640737,13.9290482411989,0.00576134504744291,0.0577031010094494,0.00316634470230952,0.00677201001132513,0.0314746674875521,2.138746929980697,0.474782279362111,0.431275111264582,0.0177720793353703,1.6353455593614,0.00649556509399294,1.95,0.09,0.077,0.01,1.56,1.8599999999999999,NA,NA,NA,3.72,2351.467,8.025766602841026,2009.347252782104,0.078802206,35.25
MOBEAST094,T2,CCA,Table 2,2024-06-06,12:00:00,2024-06-06T12:00:00Z,2024-06-06,12:00:00,2024-06-06 12:00:00,416.117,3.2,37.033,12.167,465.317,49.19999999999999,0.2654166666666667,212.148334401825,48.0627128445672,0.00663243060425439,0.0650591541003302,0.00628559678010666,0.00870250923500307,0.0315605884978826,1.384515987812918,0.748161940149931,0.416391336096751,0,1.61355536202476,0.0288009796638191,1.46,0.01,0.13,0.01,1.16,1.45,NA,NA,NA,3.45,2345.467,8.023901554491895,1997.6391041602908,1.7730496453900708,1.5666666666666669
MOBEAST095,T3,Control,Table 2,2024-06-06,12:00:00,2024-06-06T12:00:00Z,2024-06-06,12:00:00,2024-06-06 12:00:00,462.9,4.767,53.35,17.233,533.483,70.58299999999997,0.30855018587360594,133.385231501911,11.4495205865764,0.00561150170906391,0.0410938264134436,0.00278392091499535,0.0070816510745296,0.0221890180745061,2.5437687674189653,0.483112980955916,0.487424686240891,0.00668974592866376,1.9857412790111,0.00760532605173754,1.37,0.01,0.09,0.01,1.31,1.36,NA,NA,NA,3.32,2335.768,7.967552303949935,2026.3464937033368,1.3020833333333333,2.1333333333333333
MOBEAST096,T4,Algae,Table 2,2024-06-06,12:00:00,2024-06-06T12:00:00Z,2024-06-06,12:00:00,2024-06-06 12:00:00,528.686,4.393,53.644,18.602,600.932,72.24599999999998,0.11648745519713262,155.865186875036,12.9152477028851,0.00421341316759738,0.0737313066343621,0.00344596254268437,0.00514512875396259,0.0424012143014575,1.4930889962473552,0.606253030177745,0.274332875281734,0.0511282543326679,1.6372954202026,0,1.66,0.01,0.07,0.01,3.13,1.65,NA,NA,NA,3.48,2292.041,8.006535320292587,1969.2555400533884,0.29239766081871343,9.5
MOBEAST097,T5,CCA,Table 2,2024-06-06,12:00:00,2024-06-06T12:00:00Z,2024-06-06,12:00:00,2024-06-06 12:00:00,408.983,3.567,47.383,15.167,471.533,62.55000000000001,0.19586466165413532,203.322870440524,48.0341550829246,0.008097935330863,0.0597011869339683,0.00524331853984123,0.0100420811997772,0.0386800410642341,1.9152147868706977,0.52741732225874,0.474916573669826,0.0177393439167607,2.00966513830103,0.0235053876326922,1.8,0.08,0.077,0.01,1.37,1.72,NA,NA,NA,3.53,2327.685,8.019407347679293,1992.302807924184,1.141552511415525,2.433333333333333
MOBEAST098,T6,Coral,Table 2,2024-06-06,12:00:00,2024-06-06T12:00:00Z,2024-06-06,12:00:00,2024-06-06 12:00:00,394.767,3.283,41.517,14.167,450.45,55.684000000000026,0.04474708171206226,154.866077747342,11.7750790693026,0.00528839019338674,0.064309255788342,0.00340851540433803,0.00658298006925141,0.0350139198722242,1.9313335245230892,0.625683475032872,0.359208084445629,0.0149266704188096,2.11407687383481,0.0403548460041782,1.52,0.01,0.11,0.01,1.11,1.51,NA,NA,NA,3.6,2287.289,8.027898386609813,1947.812872455199,2.380952380952381,1.1666666666666667
MOBEAST099,T7,Coral,Table 2,2024-06-06,12:00:00,2024-06-06T12:00:00Z,2024-06-06,12:00:00,2024-06-06 12:00:00,463.661,4.459,55.707,19.085,538.453,74.79199999999997,0.01176470588235294,160.277918855687,11.7872161180007,0.00406180017743251,0.0540506535597987,0.00225322432291852,0.00511345968372608,0.0249185775357751,2.269396629405634,0.430912284105184,0.361729522640671,0.00678824579036218,2.04536686346157,0.0459228251280841,1.55,0.08,0.1,0.01,1.13,1.47,NA,NA,NA,3.71,2336.044,7.995749343363135,2016.5743324549976,0.14269406392694062,19.466666666666665
MOBEAST100,T8,Control,Table 2,2024-06-06,12:00:00,2024-06-06T12:00:00Z,2024-06-06,12:00:00,2024-06-06 12:00:00,438.819,4.825,56.889,17.804,513.511,74.69300000000004,0.15918367346938775,160.361177949662,16.2779241363062,0.00534927625486722,0.0582730380914261,0.00258278541101786,0.00756801204601999,0.0293620100986255,2.9301745370466072,0.369139032194561,0.373306490998181,0.0239320718528889,1.90676091303997,0,1.6,0.1,0.07,0.01,1.24,1.5,NA,NA,NA,3.72,2361.584,7.996799160782626,2039.928704303128,0.2976190476190476,9.333333333333334
MOBEAST101,T9,Coral,Table 1,2024-06-06,12:00:00,2024-06-06T12:00:00Z,2024-06-06,12:00:00,2024-06-06 12:00:00,403.71,4.775,57.637,16.839,478.186,74.476,0.13580246913580246,169.436419192886,13.7434227905217,0.00759347480081504,0.0660083554046858,0.0044131375715249,0.00982946233908806,0.0647131948660513,2.227318360186905,0.845180035052323,0.369180747253552,0.0490550142702532,2.18975236407075,0.0467155210438879,1.97,0.09,0.12,0.04,1.35,1.88,NA,NA,NA,3.74,2332.194,8.008417789664293,2004.2559048573369,0.2556237218813906,10.866666666666667
MOBEAST102,T10,CCA,Table 1,2024-06-06,12:00:00,2024-06-06T12:00:00Z,2024-06-06,12:00:00,2024-06-06 12:00:00,363.3,3.967,44.75,16.167,424.217,60.91699999999997,0.03098039215686274,147.872313853481,11.2303397659691,0.00704502932177113,0.071889508606652,0.00500023060513109,0.0090399657827307,0.044335403648757,1.8079097738920586,0.60304370691355,0.407996310276898,0.006805103256959,1.84370201128615,0.0217349139257174,1.55,0.08,0.1,0.05,1.31,1.47,NA,NA,NA,3.77,2335.629,8.010198067710943,2006.2280498286912,0.33875338753387535,8.2
MOBEAST103,T11,Control,Table 1,2024-06-06,12:00:00,2024-06-06T12:00:00Z,2024-06-06,12:00:00,2024-06-06 12:00:00,408.433,4.067,58.45,18.417,485.3,76.86700000000002,0.2620300751879699,166.522350903777,17.0489837006575,0.00704243170323087,0.0819934822451584,0.00415636965912416,0.0083644720712501,0.0386051264034918,2.012446619825601,0.538238295647808,0.412346721885714,0.0222113344783363,2.14826179698144,0.0207694350138061,1.66,0.09,0.09,0.21,1.33,1.5699999999999998,NA,NA,NA,3.72,2347.773,7.989985221743411,2028.9031006802184,0.5747126436781609,4.833333333333333
MOBEAST104,T12,CCA,Table 1,2024-06-06,12:00:00,2024-06-06T12:00:00Z,2024-06-06,12:00:00,2024-06-06 12:00:00,390.499,3.461,43.544,14.143,448.186,57.68700000000001,0.2580882352941176,146.873204725786,11.6365739253357,0.00508308155359254,0.0798918176857994,0.00270972613667676,0.00851824417036638,0.0516627981267941,3.143581211056721,0.855286572132081,0.288207235518109,0.0246779925878209,2.80608309778562,0,1.21,0.01,0.11,0.01,1.4,1.2,NA,NA,NA,3.67,2322.468,8.016558422402973,1986.575531721404,1.461988304093567,1.9
MOBEAST105,T13,Algae,Table 1,2024-06-06,12:00:00,2024-06-06T12:00:00Z,2024-06-06,12:00:00,2024-06-06 12:00:00,437.317,4.65,57.467,18.183,512.967,75.64999999999998,0.13418181818181818,154.699559559393,12.6796461693332,0.00642618458306327,0.0779420204732931,0.00312354574496327,0.00794712339222274,0.0520907760299137,2.5442634880688106,0.866552928025156,0.328343428867047,0,2.11431450358468,0.0509081098945745,1.49,0.09,0.1,0.12,1.36,1.4,NA,NA,NA,3.75,2344.6,8.025919473,2006.200059479291,0.13041210224308816,21.3
MOBEAST106,T14,Algae,Table 1,2024-06-06,12:00:00,2024-06-06T12:00:00Z,2024-06-06,12:00:00,2024-06-06 12:00:00,432.283,5.25,58.3,19.75,510.333,78.05000000000001,0.17640449438202246,174.26544664341,30.5068288747528,0.0120908544037702,0.119928681097413,0.0105787692254422,0.0155259416171648,0.0785676953623401,1.467651036362957,0.811815369863044,0.452586538322437,0.0278281338164231,2.50615357627036,0.0507926426235933,1.05,0.01,0.1,0.01,2.81,1.04,NA,NA,NA,3.83,2344.201,8.003499290721184,2020.040456943408,0.10429703796412182,26.633333333333333
MOBEAST107,T15,Control,Table 1,2024-06-06,12:00:00,2024-06-06T12:00:00Z,2024-06-06,12:00:00,2024-06-06 12:00:00,422.1,4.367,57.017,18.283,497.4,75.30000000000001,0.11054545454545454,155.115855029266,11.7379539791671,0.0150963552893155,0.11577128340432,0.0100858119236875,0.0187135371183256,0.0805361655768748,1.8554318938245378,0.602808824042421,0.499035856753849,0.0243112137436309,2.2497588419956,0.0160536508265728,1.36,0.07,0.13,0.01,1.75,1.29,NA,NA,NA,3.74,2329.286,8.01092648,2000.0582036099336,0.2604166666666667,10.666666666666666
MOBEAST108,T16,Coral,Table 1,2024-06-06,12:00:00,2024-06-06T12:00:00Z,2024-06-06,12:00:00,2024-06-06 12:00:00,418.05,4.133,53.183,18.1,489.333,71.28300000000002,0.01358490566037735,155.615409593113,12.7795983350825,0.0051715163122702,0.0805434737823059,0.00463267018440762,0.00738755850272449,0.031699796986587,1.5946653244578297,0.58244907467444,0.38887689649857,0.0131711725662823,2.24637058697884,0,1.12,0.08,0.08,0.07,1.09,1.04,NA,NA,NA,3.73,2824.418,8.007488807324682,2448.302885367777,0.4901960784313726,5.666666666666667
MOBEAST109,Bay,Endmember,Environmental data,2024-05-27,15:00:00,2024-05-27T15:00:00Z,2024-05-27,15:00:00,2024-05-27 15:00:00,NA,NA,NA,NA,NA,NA,0.6456000000000001,73.0889956455494,10.7384323216746,0.0062679884859571,0.0696087953182666,0.00535462017861946,0.00818224430539706,0.333122298624551,1.5280718393562367,2.34270257474733,0.110752013451839,0.0809648005640831,2.10541186030101,0.14537557105437,3.18,0.01,0.09,0.67,0.53,3.1700000000000004,NA,NA,NA,NA,NA,NA,NA,NA,NA
MOBEAST110,Ocean,Endmember,Environmental data,2024-05-27,15:00:00,2024-05-27T15:00:00Z,2024-05-27,15:00:00,2024-05-27 15:00:00,NA,NA,NA,NA,NA,NA,0.25880000000000003,70.4580082759539,10.612778170447,0.003449206024765,0.0565682204128472,0.00330751421063015,0.00475788048604184,0.0634357982188337,1.4385064380828059,2.70704719524035,0.200967545754148,0.0896683726001702,2.99479411009708,0.0656661848784898,1.44,0.01,0.11,0.01,0.11,1.43,NA,NA,NA,NA,NA,NA,NA,NA,NA
MOBEAST111,Lagoon,Endmember,Endmember,2024-05-27,16:45:00,2024-05-27T16:45:00Z,2024-05-27,16:45:00,2024-05-27 16:45:00,250.117,0.367,1.833,54.517,306.467,56.349999999999994,0.072,68.5347232051421,9.97165642156968,0.00373159296103553,0.0391317507974805,0.0038421360506171,0.00394504247389552,0.0178595420292969,1.0267836489709656,1.22489095721702,0.383085577359055,0.0548624385370275,3.72431700179346,0.00325534927434348,0.31,0.01,0.07,0.03,0.75,0.3,NA,NA,NA,NA,NA,NA,NA,NA,NA
MOBEAST112,Bay,Endmember,Environmental data,2024-05-25,15:10:00,2024-05-25T15:10:00Z,2024-05-25,15:10:00,2024-05-25 15:10:00,NA,NA,NA,NA,NA,NA,NA,NA,NA,0.00429796804879719,0.0441708355498313,0.00349822586032049,0.00883377202928754,0.0906642609292306,2.525214889492079,2.87574003946452,0.196520458612287,0.0969062577657172,2.28384308281893,0.154861942444978,0.96,0.01,0.12,0.28,0.49,0.95,NA,NA,NA,NA,NA,NA,NA,NA,NA
MOBEAST113,Ocean,Endmember,Environmental data,2024-05-25,15:00:00,2024-05-25T15:00:00Z,2024-05-25,15:00:00,2024-05-25 15:00:00,NA,NA,NA,NA,NA,NA,NA,NA,NA,0.00702940635415481,0.0603315207713075,0.00321949276325451,0.0185746029085331,0.228124895153969,5.769419058968925,3.34007116037434,0.163132456262005,0.0895319714375991,2.8269490539883,0.404841727320907,3.88,0.01,0.12,0.01,1.3,3.87,NA,NA,NA,NA,NA,NA,NA,NA,NA
MOBEAST114,Lagoon Tiahura,Endmember,Endmember,2024-05-25,08:45:00,2024-05-25T08:45:00Z,2024-05-25,08:45:00,2024-05-25 08:45:00,238.733,0.383,6.083,50.567,295.383,56.64999999999998,NA,NA,NA,0.00393588898137603,0.0667866905790061,0.0043088341350189,0.00556530495649802,0.0165297237193084,1.2916034319509977,1.51469458323222,0.280478595501802,0.0950422630116984,1.65190187963366,0.0141107752291423,0.31,0.01,0.14,0.01,0.74,0.3,NA,NA,NA,NA,NA,NA,NA,NA,NA
MOBEAST115,Bay,Rain,Environmental data,2024-06-06,14:25:00,2024-06-06T14:25:00Z,2024-06-06,14:25:00,2024-06-06 14:25:00,NA,NA,NA,NA,NA,NA,0.3344,83.9293296810344,13.4792634953272,0.0217843445702126,0.0502544659877799,0.0195557254072774,0.0225012740540911,0.0267022482267309,1.1506233384580844,0.713034529259306,1.56623613949614,0.0715410154405821,1.5822901700268,0.0100837371368122,1.22,0.01,0.59,16.11,1.17,1.21,NA,NA,NA,NA,NA,NA,NA,NA,NA
NA,F1,Inflow,Table 1,2024-06-03,03:00:00,2024-06-03T03:00:00Z,2024-06-03,03:00:00,2024-06-03 03:00:00,444.9833333,0.5333333333,123.9666667,44.65,613.6,168.6166667,NA,NA,NA,NA,NA,NA,NA,NA,NA,NA,NA,NA,NA,NA,NA,NA,NA,NA,NA,NA,NA,NA,NA,NA,NA,NA,NA,NA,NA
NA,F2,Inflow,Table 2,2024-06-03,03:00:00,2024-06-03T03:00:00Z,2024-06-03,03:00:00,2024-06-03 03:00:00,494.583,0.35,123.7,36.133,654.417,159.83300000000003,NA,NA,NA,NA,NA,NA,NA,NA,NA,NA,NA,NA,NA,NA,NA,NA,NA,NA,NA,NA,NA,NA,NA,NA,NA,NA,NA,NA,NA
NA,T1,Algae,Table 2,2024-06-03,03:00:00,2024-06-03T03:00:00Z,2024-06-03,03:00:00,2024-06-03 03:00:00,463.478,0.216,111.614,29.584,604.676,141.19800000000004,NA,NA,NA,NA,NA,NA,NA,NA,NA,NA,NA,NA,NA,NA,NA,NA,NA,NA,NA,NA,NA,NA,NA,NA,NA,NA,NA,NA,NA
NA,T2,CCA,Table 2,2024-06-03,03:00:00,2024-06-03T03:00:00Z,2024-06-03,03:00:00,2024-06-03 03:00:00,322.717,0.067,63.933,18.067,404.717,82,NA,NA,NA,NA,NA,NA,NA,NA,NA,NA,NA,NA,NA,NA,NA,NA,NA,NA,NA,NA,NA,NA,NA,NA,NA,NA,NA,NA,NA
NA,T3,Control,Table 2,2024-06-03,03:00:00,2024-06-03T03:00:00Z,2024-06-03,03:00:00,2024-06-03 03:00:00,376.057,0.416,104.409,23.727,504.193,128.13599999999997,NA,NA,NA,NA,NA,NA,NA,NA,NA,NA,NA,NA,NA,NA,NA,NA,NA,NA,NA,NA,NA,NA,NA,NA,NA,NA,NA,NA,NA
NA,T4,Algae,Table 2,2024-06-03,03:00:00,2024-06-03T03:00:00Z,2024-06-03,03:00:00,2024-06-03 03:00:00,516.14,0.3,111.398,26.506,654.043,137.904,NA,NA,NA,NA,NA,NA,NA,NA,NA,NA,NA,NA,NA,NA,NA,NA,NA,NA,NA,NA,NA,NA,NA,NA,NA,NA,NA,NA,NA
NA,T5,CCA,Table 2,2024-06-03,03:00:00,2024-06-03T03:00:00Z,2024-06-03,03:00:00,2024-06-03 03:00:00,407.25,0.15,94.417,21.9,523.567,116.31700000000001,NA,NA,NA,NA,NA,NA,NA,NA,NA,NA,NA,NA,NA,NA,NA,NA,NA,NA,NA,NA,NA,NA,NA,NA,NA,NA,NA,NA,NA
NA,T6,Coral,Table 2,2024-06-03,03:00:00,2024-06-03T03:00:00Z,2024-06-03,03:00:00,2024-06-03 03:00:00,379.033,0.3,84.717,19.233,482.983,103.94999999999999,NA,NA,NA,NA,NA,NA,NA,NA,NA,NA,NA,NA,NA,NA,NA,NA,NA,NA,NA,NA,NA,NA,NA,NA,NA,NA,NA,NA,NA
NA,T7,Coral,Table 2,2024-06-03,03:00:00,2024-06-03T03:00:00Z,2024-06-03,03:00:00,2024-06-03 03:00:00,496.273,0.3,121.248,26.805,644.326,148.053,NA,NA,NA,NA,NA,NA,NA,NA,NA,NA,NA,NA,NA,NA,NA,NA,NA,NA,NA,NA,NA,NA,NA,NA,NA,NA,NA,NA,NA
NA,T8,Control,Table 2,2024-06-03,03:00:00,2024-06-03T03:00:00Z,2024-06-03,03:00:00,2024-06-03 03:00:00,447.617,0.317,119.383,25.467,592.467,144.84999999999997,NA,NA,NA,NA,NA,NA,NA,NA,NA,NA,NA,NA,NA,NA,NA,NA,NA,NA,NA,NA,NA,NA,NA,NA,NA,NA,NA,NA,NA
NA,T9,Coral,Table 1,2024-06-03,03:00:00,2024-06-03T03:00:00Z,2024-06-03,03:00:00,2024-06-03 03:00:00,463.211,0.383,118.469,26.639,608.319,145.10799999999995,NA,NA,NA,NA,NA,NA,NA,NA,NA,NA,NA,NA,NA,NA,NA,NA,NA,NA,NA,NA,NA,NA,NA,NA,NA,NA,NA,NA,NA
NA,T10,CCA,Table 1,2024-06-03,03:00:00,2024-06-03T03:00:00Z,2024-06-03,03:00:00,2024-06-03 03:00:00,403,0.233,102.317,22.133,527.45,124.45000000000005,NA,NA,NA,NA,NA,NA,NA,NA,NA,NA,NA,NA,NA,NA,NA,NA,NA,NA,NA,NA,NA,NA,NA,NA,NA,NA,NA,NA,NA
NA,T11,Control,Table 1,2024-06-03,03:00:00,2024-06-03T03:00:00Z,2024-06-03,03:00:00,2024-06-03 03:00:00,483.783,0.333,125.7,26.25,635.733,151.94999999999993,NA,NA,NA,NA,NA,NA,NA,NA,NA,NA,NA,NA,NA,NA,NA,NA,NA,NA,NA,NA,NA,NA,NA,NA,NA,NA,NA,NA,NA
NA,T12,CCA,Table 1,2024-06-03,03:00:00,2024-06-03T03:00:00Z,2024-06-03,03:00:00,2024-06-03 03:00:00,410.017,0.283,103.417,21.2,534.633,124.61700000000002,NA,NA,NA,NA,NA,NA,NA,NA,NA,NA,NA,NA,NA,NA,NA,NA,NA,NA,NA,NA,NA,NA,NA,NA,NA,NA,NA,NA,NA
NA,T13,Algae,Table 1,2024-06-03,03:00:00,2024-06-03T03:00:00Z,2024-06-03,03:00:00,2024-06-03 03:00:00,629.333,0.15,111.033,26.867,767.233,137.89999999999998,NA,NA,NA,NA,NA,NA,NA,NA,NA,NA,NA,NA,NA,NA,NA,NA,NA,NA,NA,NA,NA,NA,NA,NA,NA,NA,NA,NA,NA
NA,T14,Algae,Table 1,2024-06-03,03:00:00,2024-06-03T03:00:00Z,2024-06-03,03:00:00,2024-06-03 03:00:00,502.4,0.217,88.617,20.55,611.567,109.16700000000003,NA,NA,NA,NA,NA,NA,NA,NA,NA,NA,NA,NA,NA,NA,NA,NA,NA,NA,NA,NA,NA,NA,NA,NA,NA,NA,NA,NA,NA
NA,T15,Control,Table 1,2024-06-03,03:00:00,2024-06-03T03:00:00Z,2024-06-03,03:00:00,2024-06-03 03:00:00,483.627,0.2,127.304,25.874,636.805,153.17800000000005,NA,NA,NA,NA,NA,NA,NA,NA,NA,NA,NA,NA,NA,NA,NA,NA,NA,NA,NA,NA,NA,NA,NA,NA,NA,NA,NA,NA,NA
NA,T16,Coral,Table 1,2024-06-03,03:00:00,2024-06-03T03:00:00Z,2024-06-03,03:00:00,2024-06-03 03:00:00,433.867,0.217,105.633,22.7,562.2,128.33300000000003,NA,NA,NA,NA,NA,NA,NA,NA,NA,NA,NA,NA,NA,NA,NA,NA,NA,NA,NA,NA,NA,NA,NA,NA,NA,NA,NA,NA,NA
NA,F1,Inflow,Table 1,2024-06-03,09:00:00,2024-06-03T09:00:00Z,2024-06-03,09:00:00,2024-06-03 09:00:00,452.267,1.633,102.317,84.8,639.383,187.11700000000002,NA,NA,NA,NA,NA,NA,NA,NA,NA,NA,NA,NA,NA,NA,NA,NA,NA,NA,NA,NA,8.012296932729644,0,NA,NA,NA,NA,NA,NA,NA
NA,F2,Inflow,Table 2,2024-06-03,09:00:00,2024-06-03T09:00:00Z,2024-06-03,09:00:00,2024-06-03 09:00:00,520.133,0.933,90.05,36.117,646.3,126.16700000000003,NA,NA,NA,NA,NA,NA,NA,NA,NA,NA,NA,NA,NA,NA,NA,NA,NA,NA,NA,NA,8.023252092501515,0,NA,NA,NA,NA,NA,NA,NA
NA,T2,CCA,Table 2,2024-06-03,09:00:00,2024-06-03T09:00:00Z,2024-06-03,09:00:00,2024-06-03 09:00:00,353.683,0.517,50.333,17.15,421.167,67.483,NA,NA,NA,NA,NA,NA,NA,NA,NA,NA,NA,NA,NA,NA,NA,NA,NA,NA,NA,NA,7.935634289438877,-0.08761780306263844,NA,NA,NA,NA,NA,NA,NA
NA,T3,Control,Table 2,2024-06-03,09:00:00,2024-06-03T09:00:00Z,2024-06-03,09:00:00,2024-06-03 09:00:00,448.067,0.733,83.567,15.8,547.433,99.36699999999996,NA,NA,NA,NA,NA,NA,NA,NA,NA,NA,NA,NA,NA,NA,NA,NA,NA,NA,NA,NA,7.969016030799513,-0.05423606170200212,NA,NA,NA,NA,NA,NA,NA
NA,T4,Algae,Table 2,2024-06-03,09:00:00,2024-06-03T09:00:00Z,2024-06-03,09:00:00,2024-06-03 09:00:00,573.817,0.75,83.583,18.833,676.233,102.41599999999994,NA,NA,NA,NA,NA,NA,NA,NA,NA,NA,NA,NA,NA,NA,NA,NA,NA,NA,NA,NA,7.963308496415352,-0.05994359608616317,NA,NA,NA,NA,NA,NA,NA
NA,T5,CCA,Table 2,2024-06-03,09:00:00,2024-06-03T09:00:00Z,2024-06-03,09:00:00,2024-06-03 09:00:00,441.617,0.817,70.783,15.35,527.75,86.13299999999998,NA,NA,NA,NA,NA,NA,NA,NA,NA,NA,NA,NA,NA,NA,NA,NA,NA,NA,NA,NA,7.983986529257289,-0.03926556324422581,NA,NA,NA,NA,NA,NA,NA
NA,T6,Coral,Table 2,2024-06-03,09:00:00,2024-06-03T09:00:00Z,2024-06-03,09:00:00,2024-06-03 09:00:00,418.317,0.65,65.833,13.017,497.167,78.85000000000002,NA,NA,NA,NA,NA,NA,NA,NA,NA,NA,NA,NA,NA,NA,NA,NA,NA,NA,NA,NA,7.966742434220747,-0.0565096582807687,NA,NA,NA,NA,NA,NA,NA
NA,T7,Coral,Table 2,2024-06-03,09:00:00,2024-06-03T09:00:00Z,2024-06-03,09:00:00,2024-06-03 09:00:00,518.983,0.7,87.583,17.183,623.75,104.76599999999996,NA,NA,NA,NA,NA,NA,NA,NA,NA,NA,NA,NA,NA,NA,NA,NA,NA,NA,NA,NA,7.974435416916993,-0.04881667558452207,NA,NA,NA,NA,NA,NA,NA
NA,T8,Control,Table 2,2024-06-03,09:00:00,2024-06-03T09:00:00Z,2024-06-03,09:00:00,2024-06-03 09:00:00,543.2,0.95,95.333,16.1,654.633,111.43299999999999,NA,NA,NA,NA,NA,NA,NA,NA,NA,NA,NA,NA,NA,NA,NA,NA,NA,NA,NA,NA,NA,NA,NA,NA,NA,NA,NA,NA,NA
NA,T9,Coral,Table 1,2024-06-03,09:00:00,2024-06-03T09:00:00Z,2024-06-03,09:00:00,2024-06-03 09:00:00,498.483,0.7,88.633,14.183,601.3,102.81599999999997,NA,NA,NA,NA,NA,NA,NA,NA,NA,NA,NA,NA,NA,NA,NA,NA,NA,NA,NA,NA,7.97471054716264,-0.03758638556700333,NA,NA,NA,NA,NA,NA,NA
NA,T10,CCA,Table 1,2024-06-03,09:00:00,2024-06-03T09:00:00Z,2024-06-03,09:00:00,2024-06-03 09:00:00,466.007,0.899,78.27,13.827,558.103,92.09700000000004,NA,NA,NA,NA,NA,NA,NA,NA,NA,NA,NA,NA,NA,NA,NA,NA,NA,NA,NA,NA,7.974952829711822,-0.03734410301782187,NA,NA,NA,NA,NA,NA,NA
NA,T11,Control,Table 1,2024-06-03,09:00:00,2024-06-03T09:00:00Z,2024-06-03,09:00:00,2024-06-03 09:00:00,529.483,0.917,93.233,15.017,637.733,108.25,NA,NA,NA,NA,NA,NA,NA,NA,NA,NA,NA,NA,NA,NA,NA,NA,NA,NA,NA,NA,7.9623603174269695,-0.04993661530267435,NA,NA,NA,NA,NA,NA,NA
NA,T12,CCA,Table 1,2024-06-03,09:00:00,2024-06-03T09:00:00Z,2024-06-03,09:00:00,2024-06-03 09:00:00,479.333,1.117,82.6,13.783,575.717,96.38299999999998,NA,NA,NA,NA,NA,NA,NA,NA,NA,NA,NA,NA,NA,NA,NA,NA,NA,NA,NA,NA,7.993817118709601,-0.01847981402004261,NA,NA,NA,NA,NA,NA,NA
NA,T14,Algae,Table 1,2024-06-03,09:00:00,2024-06-03T09:00:00Z,2024-06-03,09:00:00,2024-06-03 09:00:00,585.183,0.85,74.217,15.45,674.85,89.66700000000003,NA,NA,NA,NA,NA,NA,NA,NA,NA,NA,NA,NA,NA,NA,NA,NA,NA,NA,NA,NA,8.025491497549464,0.01319456481981973,NA,NA,NA,NA,NA,NA,NA
NA,T15,Control,Table 1,2024-06-03,09:00:00,2024-06-03T09:00:00Z,2024-06-03,09:00:00,2024-06-03 09:00:00,543.2,1.05,95.483,18.567,657.25,114.04999999999995,NA,NA,NA,NA,NA,NA,NA,NA,NA,NA,NA,NA,NA,NA,NA,NA,NA,NA,NA,NA,8.014004801634503,0.00170786890485885,NA,NA,NA,NA,NA,NA,NA
NA,T16,Coral,Table 1,2024-06-03,09:00:00,2024-06-03T09:00:00Z,2024-06-03,09:00:00,2024-06-03 09:00:00,523.517,0.9,84.1,17.467,625.083,101.56700000000001,NA,NA,NA,NA,NA,NA,NA,NA,NA,NA,NA,NA,NA,NA,NA,NA,NA,NA,NA,NA,8.033532958215304,0.02123602548565983,NA,NA,NA,NA,NA,NA,NA
NA,Ocean,Endmember,Endmember,2024-05-25,18:00:00,2024-05-25T18:00:00Z,2024-05-25,18:00:00,2024-05-25 18:00:00,444.925,3.777,119.95,34.143,599.018,154.09300000000002,NA,NA,NA,NA,NA,NA,NA,NA,NA,NA,NA,NA,NA,NA,NA,NA,NA,NA,NA,NA,NA,NA,NA,NA,NA,NA,NA,NA,NA
NA,Ocean,Endmember,Endmember,2024-05-27,18:00:00,2024-05-27T18:00:00Z,2024-05-27,18:00:00,2024-05-27 18:00:00,453.733,2.8,108.167,58.167,620.067,166.334,NA,NA,NA,NA,NA,NA,NA,NA,NA,NA,NA,NA,NA,NA,NA,NA,NA,NA,NA,NA,NA,NA,NA,NA,NA,NA,NA,NA,NA
NA,Bay ,Endmember,Endmember,2024-05-27,18:00:00,2024-05-27T18:00:00Z,2024-05-27,18:00:00,2024-05-27 18:00:00,776.267,2.917,265.5,23.9,1065.667,289.39999999999986,NA,NA,NA,NA,NA,NA,NA,NA,NA,NA,NA,NA,NA,NA,NA,NA,NA,NA,NA,NA,NA,NA,NA,NA,NA,NA,NA,NA,NA
NA,Bay ,Endmember,Endmember,2024-05-25,15:10:00,2024-05-25T15:10:00Z,2024-05-25,15:10:00,2024-05-25 15:10:00,701.5,3.133,258.667,39.233,999.4,297.9,NA,NA,NA,NA,NA,NA,NA,NA,NA,NA,NA,NA,NA,NA,NA,NA,NA,NA,NA,NA,NA,NA,NA,NA,NA,NA,NA,NA,NA
NA,Bay ,Rain,Endmember,2024-06-06,14:25:00,2024-06-06T14:25:00Z,2024-06-06,14:25:00,2024-06-06 14:25:00,742.05,11,228.683,19.217,989.95,247.89999999999998,NA,NA,NA,NA,NA,NA,NA,NA,NA,NA,NA,NA,NA,NA,NA,NA,NA,NA,NA,NA,NA,NA,NA,NA,NA,NA,NA,NA,NA
NA,T1,Algae,Table 2,2024-06-03,09:00:00,2024-06-03T09:00:00Z,2024-06-03,09:00:00,2024-06-03 09:00:00,483.467,0.633,84.883,30.183,598.533,115.06600000000003,NA,NA,NA,NA,NA,NA,NA,NA,NA,NA,NA,NA,NA,NA,NA,NA,NA,NA,NA,NA,NA,NA,NA,NA,NA,NA,NA,NA,NA
NA,T13,Algae,Table 1,2024-06-03,09:00:00,2024-06-03T09:00:00Z,2024-06-03,09:00:00,2024-06-03 09:00:00,744.45,0.967,83.4,21.783,849.633,105.18299999999999,NA,NA,NA,NA,NA,NA,NA,NA,NA,NA,NA,NA,NA,NA,NA,NA,NA,NA,NA,NA,8.144884626433253,0.13258769370360923,NA,NA,NA,NA,NA,NA,NA
NA,T1,Algae,Table 1,2024-06-02,12:00:00,2024-06-02T12:00:00Z,2024-06-02,12:00:00,2024-06-02 12:00:00,NA,NA,NA,NA,NA,NA,NA,NA,NA,NA,NA,NA,NA,NA,NA,NA,NA,NA,NA,NA,NA,NA,NA,NA,NA,NA,8.272669267393425,0.2335878828009932,-34.215000000000146,NA,2308.968,NA,NA,NA,NA
NA,T8,Control,Table 1,2024-06-02,12:00:00,2024-06-02T12:00:00Z,2024-06-02,12:00:00,2024-06-02 12:00:00,NA,NA,NA,NA,NA,NA,NA,NA,NA,NA,NA,NA,NA,NA,NA,NA,NA,NA,NA,NA,NA,NA,NA,NA,NA,NA,8.045235850951313,0.00615446635888083,12.835999999999784,NA,2356.019,NA,NA,NA,NA
NA,T1,Algae,Table 1,2024-06-02,15:00:00,2024-06-02T15:00:00Z,2024-06-02,15:00:00,2024-06-02 15:00:00,NA,NA,NA,NA,NA,NA,NA,NA,NA,NA,NA,NA,NA,NA,NA,NA,NA,NA,NA,NA,NA,NA,NA,NA,NA,NA,8.156500947659813,0.10415367554367803,NA,NA,NA,NA,NA,NA,NA
NA,T2,CCA,Table 2,2024-06-02,15:00:00,2024-06-02T15:00:00Z,2024-06-02,15:00:00,2024-06-02 15:00:00,NA,NA,NA,NA,NA,NA,NA,NA,NA,NA,NA,NA,NA,NA,NA,NA,NA,NA,NA,NA,NA,NA,NA,NA,NA,NA,8.08302700000504,0.03196887224770961,NA,NA,NA,NA,NA,NA,NA
NA,T3,Control,Table 2,2024-06-02,15:00:00,2024-06-02T15:00:00Z,2024-06-02,15:00:00,2024-06-02 15:00:00,NA,NA,NA,NA,NA,NA,NA,NA,NA,NA,NA,NA,NA,NA,NA,NA,NA,NA,NA,NA,NA,NA,NA,NA,NA,NA,8.054209090061915,0.00315096230458422,NA,NA,NA,NA,NA,NA,NA
NA,T4,Algae,Table 2,2024-06-02,15:00:00,2024-06-02T15:00:00Z,2024-06-02,15:00:00,2024-06-02 15:00:00,NA,NA,NA,NA,NA,NA,NA,NA,NA,NA,NA,NA,NA,NA,NA,NA,NA,NA,NA,NA,NA,NA,NA,NA,NA,NA,8.086999475236818,0.03594134747948629,NA,NA,NA,NA,NA,NA,NA
NA,T5,CCA,Table 2,2024-06-02,15:00:00,2024-06-02T15:00:00Z,2024-06-02,15:00:00,2024-06-02 15:00:00,NA,NA,NA,NA,NA,NA,NA,NA,NA,NA,NA,NA,NA,NA,NA,NA,NA,NA,NA,NA,NA,NA,NA,NA,NA,NA,8.091033980973926,0.03997585321659436,NA,NA,NA,NA,NA,NA,NA
NA,T6,Coral,Table 2,2024-06-02,15:00:00,2024-06-02T15:00:00Z,2024-06-02,15:00:00,2024-06-02 15:00:00,NA,NA,NA,NA,NA,NA,NA,NA,NA,NA,NA,NA,NA,NA,NA,NA,NA,NA,NA,NA,NA,NA,NA,NA,NA,NA,8.066050844156697,0.01499271639936594,NA,NA,NA,NA,NA,NA,NA
NA,T7,Coral,Table 2,2024-06-02,15:00:00,2024-06-02T15:00:00Z,2024-06-02,15:00:00,2024-06-02 15:00:00,NA,NA,NA,NA,NA,NA,NA,NA,NA,NA,NA,NA,NA,NA,NA,NA,NA,NA,NA,NA,NA,NA,NA,NA,NA,NA,8.052628784769988,0.00157065701265679,NA,NA,NA,NA,NA,NA,NA
NA,T8,Control,Table 1,2024-06-02,15:00:00,2024-06-02T15:00:00Z,2024-06-02,15:00:00,2024-06-02 15:00:00,NA,NA,NA,NA,NA,NA,NA,NA,NA,NA,NA,NA,NA,NA,NA,NA,NA,NA,NA,NA,NA,NA,NA,NA,NA,NA,8.057015871921177,0.00466859980504175,NA,NA,NA,NA,NA,NA,NA
NA,T9,Coral,Table 1,2024-06-02,15:00:00,2024-06-02T15:00:00Z,2024-06-02,15:00:00,2024-06-02 15:00:00,NA,NA,NA,NA,NA,NA,NA,NA,NA,NA,NA,NA,NA,NA,NA,NA,NA,NA,NA,NA,NA,NA,NA,NA,NA,NA,8.06614860993465,0.01380133781851533,NA,NA,NA,NA,NA,NA,NA
NA,T10,CCA,Table 1,2024-06-02,15:00:00,2024-06-02T15:00:00Z,2024-06-02,15:00:00,2024-06-02 15:00:00,NA,NA,NA,NA,NA,NA,NA,NA,NA,NA,NA,NA,NA,NA,NA,NA,NA,NA,NA,NA,NA,NA,NA,NA,NA,NA,8.063853453567754,0.01150618145161885,NA,NA,NA,NA,NA,NA,NA
NA,T11,Control,Table 1,2024-06-02,15:00:00,2024-06-02T15:00:00Z,2024-06-02,15:00:00,2024-06-02 15:00:00,NA,NA,NA,NA,NA,NA,NA,NA,NA,NA,NA,NA,NA,NA,NA,NA,NA,NA,NA,NA,NA,NA,NA,NA,NA,NA,8.05110934857292,-0.00123792354321494,NA,NA,NA,NA,NA,NA,NA
NA,T12,CCA,Table 1,2024-06-02,15:00:00,2024-06-02T15:00:00Z,2024-06-02,15:00:00,2024-06-02 15:00:00,NA,NA,NA,NA,NA,NA,NA,NA,NA,NA,NA,NA,NA,NA,NA,NA,NA,NA,NA,NA,NA,NA,NA,NA,NA,NA,8.058217200494955,0.00586992837881972,NA,NA,NA,NA,NA,NA,NA
NA,T13,Algae,Table 1,2024-06-02,15:00:00,2024-06-02T15:00:00Z,2024-06-02,15:00:00,2024-06-02 15:00:00,NA,NA,NA,NA,NA,NA,NA,NA,NA,NA,NA,NA,NA,NA,NA,NA,NA,NA,NA,NA,NA,NA,NA,NA,NA,NA,8.164130173177238,0.11178290106110288,NA,NA,NA,NA,NA,NA,NA
NA,T14,Algae,Table 1,2024-06-02,15:00:00,2024-06-02T15:00:00Z,2024-06-02,15:00:00,2024-06-02 15:00:00,NA,NA,NA,NA,NA,NA,NA,NA,NA,NA,NA,NA,NA,NA,NA,NA,NA,NA,NA,NA,NA,NA,NA,NA,NA,NA,8.099336310439366,0.04698903832323076,NA,NA,NA,NA,NA,NA,NA
NA,T15,Control,Table 1,2024-06-02,15:00:00,2024-06-02T15:00:00Z,2024-06-02,15:00:00,2024-06-02 15:00:00,NA,NA,NA,NA,NA,NA,NA,NA,NA,NA,NA,NA,NA,NA,NA,NA,NA,NA,NA,NA,NA,NA,NA,NA,NA,NA,8.05794584112418,0.00559856900804511,NA,NA,NA,NA,NA,NA,NA
NA,T16,Coral,Table 1,2024-06-02,15:00:00,2024-06-02T15:00:00Z,2024-06-02,15:00:00,2024-06-02 15:00:00,NA,NA,NA,NA,NA,NA,NA,NA,NA,NA,NA,NA,NA,NA,NA,NA,NA,NA,NA,NA,NA,NA,NA,NA,NA,NA,8.060003262225582,0.00765599010944662,NA,NA,NA,NA,NA,NA,NA
NA,T1,Algae,Table 1,2024-06-02,18:00:00,2024-06-02T18:00:00Z,2024-06-02,18:00:00,2024-06-02 18:00:00,NA,NA,NA,NA,NA,NA,NA,NA,NA,NA,NA,NA,NA,NA,NA,NA,NA,NA,NA,NA,NA,NA,NA,NA,NA,NA,8.02190109957137,-0.03538594965788633,22.31899999999996,NA,2370.89,NA,NA,NA,NA
NA,T8,Control,Table 1,2024-06-02,18:00:00,2024-06-02T18:00:00Z,2024-06-02,18:00:00,2024-06-02 18:00:00,NA,NA,NA,NA,NA,NA,NA,NA,NA,NA,NA,NA,NA,NA,NA,NA,NA,NA,NA,NA,NA,NA,NA,NA,NA,NA,8.05911062318035,0.00182357395109455,-1.9980000000000473,NA,2346.573,NA,NA,NA,NA
NA,T1,Algae,Table 1,2024-06-02,21:00:00,2024-06-02T21:00:00Z,2024-06-02,21:00:00,2024-06-02 21:00:00,NA,NA,NA,NA,NA,NA,NA,NA,NA,NA,NA,NA,NA,NA,NA,NA,NA,NA,NA,NA,NA,NA,NA,NA,NA,NA,8.000217622142763,-0.04102286488620166,NA,NA,NA,NA,NA,NA,NA
NA,T2,CCA,Table 2,2024-06-02,21:00:00,2024-06-02T21:00:00Z,2024-06-02,21:00:00,2024-06-02 21:00:00,NA,NA,NA,NA,NA,NA,NA,NA,NA,NA,NA,NA,NA,NA,NA,NA,NA,NA,NA,NA,NA,NA,NA,NA,NA,NA,7.941421421231769,-0.110131053478983,NA,NA,NA,NA,NA,NA,NA
NA,T3,Control,Table 2,2024-06-02,21:00:00,2024-06-02T21:00:00Z,2024-06-02,21:00:00,2024-06-02 21:00:00,NA,NA,NA,NA,NA,NA,NA,NA,NA,NA,NA,NA,NA,NA,NA,NA,NA,NA,NA,NA,NA,NA,NA,NA,NA,NA,8.047562302296642,-0.00399017241410959,NA,NA,NA,NA,NA,NA,NA
NA,T4,Algae,Table 2,2024-06-02,21:00:00,2024-06-02T21:00:00Z,2024-06-02,21:00:00,2024-06-02 21:00:00,NA,NA,NA,NA,NA,NA,NA,NA,NA,NA,NA,NA,NA,NA,NA,NA,NA,NA,NA,NA,NA,NA,NA,NA,NA,NA,7.971563215333092,-0.07998925937765922,NA,NA,NA,NA,NA,NA,NA
NA,T5,CCA,Table 2,2024-06-02,21:00:00,2024-06-02T21:00:00Z,2024-06-02,21:00:00,2024-06-02 21:00:00,NA,NA,NA,NA,NA,NA,NA,NA,NA,NA,NA,NA,NA,NA,NA,NA,NA,NA,NA,NA,NA,NA,NA,NA,NA,NA,8.00587595735747,-0.04567651735328226,NA,NA,NA,NA,NA,NA,NA
NA,T6,Coral,Table 2,2024-06-02,21:00:00,2024-06-02T21:00:00Z,2024-06-02,21:00:00,2024-06-02 21:00:00,NA,NA,NA,NA,NA,NA,NA,NA,NA,NA,NA,NA,NA,NA,NA,NA,NA,NA,NA,NA,NA,NA,NA,NA,NA,NA,7.8697291213683,-0.1818233533424518,NA,NA,NA,NA,NA,NA,NA
NA,T7,Coral,Table 2,2024-06-02,21:00:00,2024-06-02T21:00:00Z,2024-06-02,21:00:00,2024-06-02 21:00:00,NA,NA,NA,NA,NA,NA,NA,NA,NA,NA,NA,NA,NA,NA,NA,NA,NA,NA,NA,NA,NA,NA,NA,NA,NA,NA,7.98274492656594,-0.06880754814481183,NA,NA,NA,NA,NA,NA,NA
NA,T8,Control,Table 1,2024-06-02,21:00:00,2024-06-02T21:00:00Z,2024-06-02,21:00:00,2024-06-02 21:00:00,NA,NA,NA,NA,NA,NA,NA,NA,NA,NA,NA,NA,NA,NA,NA,NA,NA,NA,NA,NA,NA,NA,NA,NA,NA,NA,8.049389944662439,0.00814945763347374,NA,NA,NA,NA,NA,NA,NA
NA,T9,Coral,Table 1,2024-06-02,21:00:00,2024-06-02T21:00:00Z,2024-06-02,21:00:00,2024-06-02 21:00:00,NA,NA,NA,NA,NA,NA,NA,NA,NA,NA,NA,NA,NA,NA,NA,NA,NA,NA,NA,NA,NA,NA,NA,NA,NA,NA,8.026611522323185,-0.01462896470578023,NA,NA,NA,NA,NA,NA,NA
NA,T10,CCA,Table 1,2024-06-02,21:00:00,2024-06-02T21:00:00Z,2024-06-02,21:00:00,2024-06-02 21:00:00,NA,NA,NA,NA,NA,NA,NA,NA,NA,NA,NA,NA,NA,NA,NA,NA,NA,NA,NA,NA,NA,NA,NA,NA,NA,NA,8.026538418036397,-0.01470206899256787,NA,NA,NA,NA,NA,NA,NA
NA,T11,Control,Table 1,2024-06-02,21:00:00,2024-06-02T21:00:00Z,2024-06-02,21:00:00,2024-06-02 21:00:00,NA,NA,NA,NA,NA,NA,NA,NA,NA,NA,NA,NA,NA,NA,NA,NA,NA,NA,NA,NA,NA,NA,NA,NA,NA,NA,8.041297394600633,5.690757166831872e-5,NA,NA,NA,NA,NA,NA,NA
NA,T12,CCA,Table 1,2024-06-02,21:00:00,2024-06-02T21:00:00Z,2024-06-02,21:00:00,2024-06-02 21:00:00,NA,NA,NA,NA,NA,NA,NA,NA,NA,NA,NA,NA,NA,NA,NA,NA,NA,NA,NA,NA,NA,NA,NA,NA,NA,NA,8.04548053113767,0.00424004410870537,NA,NA,NA,NA,NA,NA,NA
NA,T13,Algae,Table 1,2024-06-02,21:00:00,2024-06-02T21:00:00Z,2024-06-02,21:00:00,2024-06-02 21:00:00,NA,NA,NA,NA,NA,NA,NA,NA,NA,NA,NA,NA,NA,NA,NA,NA,NA,NA,NA,NA,NA,NA,NA,NA,NA,NA,7.946233704736301,-0.09500678229266411,NA,NA,NA,NA,NA,NA,NA
NA,T14,Algae,Table 1,2024-06-02,21:00:00,2024-06-02T21:00:00Z,2024-06-02,21:00:00,2024-06-02 21:00:00,NA,NA,NA,NA,NA,NA,NA,NA,NA,NA,NA,NA,NA,NA,NA,NA,NA,NA,NA,NA,NA,NA,NA,NA,NA,NA,7.9524726191653565,-0.08876786786360835,NA,NA,NA,NA,NA,NA,NA
NA,T15,Control,Table 1,2024-06-02,21:00:00,2024-06-02T21:00:00Z,2024-06-02,21:00:00,2024-06-02 21:00:00,NA,NA,NA,NA,NA,NA,NA,NA,NA,NA,NA,NA,NA,NA,NA,NA,NA,NA,NA,NA,NA,NA,NA,NA,NA,NA,8.040111294845701,-0.00112919218326368,NA,NA,NA,NA,NA,NA,NA
NA,T16,Coral,Table 1,2024-06-02,21:00:00,2024-06-02T21:00:00Z,2024-06-02,21:00:00,2024-06-02 21:00:00,NA,NA,NA,NA,NA,NA,NA,NA,NA,NA,NA,NA,NA,NA,NA,NA,NA,NA,NA,NA,NA,NA,NA,NA,NA,NA,8.029878933982925,-0.01136155304604003,NA,NA,NA,NA,NA,NA,NA
NA,T1,Algae,Table 1,2024-06-03,00:00:00,2024-06-03T00:00:00Z,2024-06-03,00:00:00,2024-06-03,NA,NA,NA,NA,NA,NA,NA,NA,NA,NA,NA,NA,NA,NA,NA,NA,NA,NA,NA,NA,NA,NA,NA,NA,NA,NA,7.976547298989125,-0.02630186204162932,17.341999999999643,NA,2366.852,NA,NA,NA,NA
NA,T8,Control,Table 1,2024-06-03,00:00:00,2024-06-03T00:00:00Z,2024-06-03,00:00:00,2024-06-03,NA,NA,NA,NA,NA,NA,NA,NA,NA,NA,NA,NA,NA,NA,NA,NA,NA,NA,NA,NA,NA,NA,NA,NA,NA,NA,8.032066716825833,0.02921755579507845,6.446999999999662,NA,2355.957,NA,NA,NA,NA
NA,T1,Algae,Table 1,2024-06-03,06:00:00,2024-06-03T06:00:00Z,2024-06-03,06:00:00,2024-06-03 06:00:00,NA,NA,NA,NA,NA,NA,NA,NA,NA,NA,NA,NA,NA,NA,NA,NA,NA,NA,NA,NA,NA,NA,NA,NA,NA,NA,7.967295688938815,-0.0439844623819905,12.527000000000044,NA,2358.64,NA,NA,NA,NA
NA,T8,Control,Table 1,2024-06-03,06:00:00,2024-06-03T06:00:00Z,2024-06-03,06:00:00,2024-06-03 06:00:00,NA,NA,NA,NA,NA,NA,NA,NA,NA,NA,NA,NA,NA,NA,NA,NA,NA,NA,NA,NA,NA,NA,NA,NA,NA,NA,8.029579013499779,0.01829886217897325,74.53700000000026,NA,2420.65,NA,NA,NA,NA
NA,T1,Algae,Table 1,2024-06-03,09:00:00,2024-06-03T09:00:00Z,2024-06-03,09:00:00,2024-06-03 09:00:00,NA,NA,NA,NA,NA,NA,NA,NA,NA,NA,NA,NA,NA,NA,NA,NA,NA,NA,NA,NA,NA,NA,NA,NA,NA,NA,7.995396454462852,-0.01690047826679208,NA,NA,NA,NA,NA,NA,NA
NA,T8,Control,Table 1,2024-06-03,09:00:00,2024-06-03T09:00:00Z,2024-06-03,09:00:00,2024-06-03 09:00:00,NA,NA,NA,NA,NA,NA,NA,NA,NA,NA,NA,NA,NA,NA,NA,NA,NA,NA,NA,NA,NA,NA,NA,NA,NA,NA,7.967568898051272,-0.04472803467837139,NA,NA,NA,NA,NA,NA,NA
NA,F1,Inflow,Table 1,2024-06-02,15:00:00,2024-06-02T15:00:00Z,2024-06-02,15:00:00,2024-06-02 15:00:00,NA,NA,NA,NA,NA,NA,NA,NA,NA,NA,NA,NA,NA,NA,NA,NA,NA,NA,NA,NA,NA,NA,NA,NA,NA,NA,8.052347272116135,0,NA,NA,NA,NA,NA,NA,NA
NA,F2,Inflow,Table 2,2024-06-02,15:00:00,2024-06-02T15:00:00Z,2024-06-02,15:00:00,2024-06-02 15:00:00,NA,NA,NA,NA,NA,NA,NA,NA,NA,NA,NA,NA,NA,NA,NA,NA,NA,NA,NA,NA,NA,NA,NA,NA,NA,NA,8.051058127757331,0,NA,NA,NA,NA,NA,NA,NA
NA,F1,Inflow,Table 1,2024-06-02,21:00:00,2024-06-02T21:00:00Z,2024-06-02,21:00:00,2024-06-02 21:00:00,NA,NA,NA,NA,NA,NA,NA,NA,NA,NA,NA,NA,NA,NA,NA,NA,NA,NA,NA,NA,NA,NA,NA,NA,NA,NA,8.041240487028965,0,NA,NA,NA,NA,NA,NA,NA
NA,F2,Inflow,Table 2,2024-06-02,21:00:00,2024-06-02T21:00:00Z,2024-06-02,21:00:00,2024-06-02 21:00:00,NA,NA,NA,NA,NA,NA,NA,NA,NA,NA,NA,NA,NA,NA,NA,NA,NA,NA,NA,NA,NA,NA,NA,NA,NA,NA,8.051552474710752,0,NA,NA,NA,NA,NA,NA,NA
