ID Number ,Long Name ,Tank #,Treatment,Date,Time
MOBEAST001,MOBEAST_F1_Inflow_2024-06-02_1200,F1,Inflow,6/2/2024,1200
MOBEAST002,MOBEAST_F2_Inflow_2024-06-02_1200,F2,Inflow,6/2/2024,1200
MOBEAST003,MOBEAST_T1_A_2024-06-02_1200,T1,A,6/2/2024,1200
MOBEAST004,MOBEAST_T2_R_2024-06-02_1200,T2,R,6/2/2024,1200
MOBEAST005,MOBEAST_T3_C_2024-06-02_1200,T3,C,6/2/2024,1200
MOBEAST006,MOBEAST_T4_A_2024-06-02_1200,T4,A,6/2/2024,1200
MOBEAST007,MOBEAST_T5_R_2024-06-02_1200,T5,R,6/2/2024,1200
MOBEAST008,MOBEAST_T6_K_2024-06-02_1200,T6,K,6/2/2024,1200
MOBEAST009,MOBEAST_T7_K_2024-06-02_1200,T7,K,6/2/2024,1200
MOBEAST010,MOBEAST_T8_C_2024-06-02_1200,T8,C,6/2/2024,1200
MOBEAST011,MOBEAST_T9_K_2024-06-02_1200,T9,K,6/2/2024,1200
MOBEAST012,MOBEAST_T10_R_2024-06-02_1200,T10,R,6/2/2024,1200
MOBEAST013,MOBEAST_T11_C_2024-06-02_1200,T11,C,6/2/2024,1200
MOBEAST014,MOBEAST_T12_R_2024-06-02_1200,T12,R,6/2/2024,1200
MOBEAST015,MOBEAST_T13_A_2024-06-02_1200,T13,A,6/2/2024,1200
MOBEAST016,MOBEAST_T14_A_2024-06-02_1200,T14,A,6/2/2024,1200
MOBEAST017,MOBEAST_T15_C_2024-06-02_1200,T15,C,6/2/2024,1200
MOBEAST018,MOBEAST_T16_K_2024-06-02_1200,T16,K,6/2/2024,1200
MOBEAST019,MOBEAST_F1_Inflow_2024-06-02_1800,F1,Inflow,6/2/2024,1800
MOBEAST020,MOBEAST_F2_Inflow_2024-06-02_1800,F2,Inflow,6/2/2024,1800
MOBEAST021,MOBEAST_T1_A_2024-06-02_1800,T1,A,6/2/2024,1800
MOBEAST022,MOBEAST_T2_R_2024-06-02_1800,T2,R,6/2/2024,1800
MOBEAST023,MOBEAST_T3_C_2024-06-02_1800,T3,C,6/2/2024,1800
MOBEAST024,MOBEAST_T4_A_2024-06-02_1800,T4,A,6/2/2024,1800
MOBEAST025,MOBEAST_T5_R_2024-06-02_1800,T5,R,6/2/2024,1800
MOBEAST026,MOBEAST_T6_K_2024-06-02_1800,T6,K,6/2/2024,1800
MOBEAST027,MOBEAST_T7_K_2024-06-02_1800,T7,K,6/2/2024,1800
MOBEAST028,MOBEAST_T8_C_2024-06-02_1800,T8,C,6/2/2024,1800
MOBEAST029,MOBEAST_T9_K_2024-06-02_1800,T9,K,6/2/2024,1800
MOBEAST030,MOBEAST_T10_R_2024-06-02_1800,T10,R,6/2/2024,1800
MOBEAST031,MOBEAST_T11_C_2024-06-02_1800,T11,C,6/2/2024,1800
MOBEAST032,MOBEAST_T12_R_2024-06-02_1800,T12,R,6/2/2024,1800
MOBEAST033,MOBEAST_T13_A_2024-06-02_1800,T13,A,6/2/2024,1800
MOBEAST034,MOBEAST_T14_A_2024-06-02_1800,T14,A,6/2/2024,1800
MOBEAST035,MOBEAST_T15_C_2024-06-02_1800,T15,C,6/2/2024,1800
MOBEAST036,MOBEAST_T16_K_2024-06-02_1800,T16,K,6/2/2024,1800
MOBEAST037,MOBEAST_F1_Inflow_2024-06-03_0000,F1,Inflow,6/3/2024,0000
MOBEAST038,MOBEAST_F2_Inflow_2024-06-03_0000,F2,Inflow,6/3/2024,0000
MOBEAST039,MOBEAST_T1_A_2024-06-03_0000,T1,A,6/3/2024,0000
MOBEAST040,MOBEAST_T2_R_2024-06-03_0000,T2,R,6/3/2024,0000
MOBEAST041,MOBEAST_T3_C_2024-06-03_0000,T3,C,6/3/2024,0000
MOBEAST042,MOBEAST_T4_A_2024-06-03_0000,T4,A,6/3/2024,0000
MOBEAST043,MOBEAST_T5_R_2024-06-03_0000,T5,R,6/3/2024,0000
MOBEAST044,MOBEAST_T6_K_2024-06-03_0000,T6,K,6/3/2024,0000
MOBEAST045,MOBEAST_T7_K_2024-06-03_0000,T7,K,6/3/2024,0000
MOBEAST046,MOBEAST_T8_C_2024-06-03_0000,T8,C,6/3/2024,0000
MOBEAST047,MOBEAST_T9_K_2024-06-03_0000,T9,K,6/3/2024,0000
MOBEAST048,MOBEAST_T10_R_2024-06-03_0000,T10,R,6/3/2024,0000
MOBEAST049,MOBEAST_T11_C_2024-06-03_0000,T11,C,6/3/2024,0000
MOBEAST050,MOBEAST_T12_R_2024-06-03_0000,T12,R,6/3/2024,0000
MOBEAST051,MOBEAST_T13_A_2024-06-03_0000,T13,A,6/3/2024,0000
MOBEAST052,MOBEAST_T14_A_2024-06-03_0000,T14,A,6/3/2024,0000
MOBEAST053,MOBEAST_T15_C_2024-06-03_0000,T15,C,6/3/2024,0000
MOBEAST054,MOBEAST_T16_K_2024-06-03_0000,T16,K,6/3/2024,0000
MOBEAST055,MOBEAST_F1_Inflow_2024-06-03_0600,F1,Inflow,6/3/2024,0600
MOBEAST056,MOBEAST_F2_Inflow_2024-06-03_0600,F2,Inflow,6/3/2024,0600
MOBEAST057,MOBEAST_T1_A_2024-06-03_0600,T1,A,6/3/2024,0600
MOBEAST058,MOBEAST_T2_R_2024-06-03_0600,T2,R,6/3/2024,0600
MOBEAST059,MOBEAST_T3_C_2024-06-03_0600,T3,C,6/3/2024,0600
MOBEAST060,MOBEAST_T4_A_2024-06-03_0600,T4,A,6/3/2024,0600
MOBEAST061,MOBEAST_T5_R_2024-06-03_0600,T5,R,6/3/2024,0600
MOBEAST062,MOBEAST_T6_K_2024-06-03_0600,T6,K,6/3/2024,0600
MOBEAST063,MOBEAST_T7_K_2024-06-03_0600,T7,K,6/3/2024,0600
MOBEAST064,MOBEAST_T8_C_2024-06-03_0600,T8,C,6/3/2024,0600
MOBEAST065,MOBEAST_T9_K_2024-06-03_0600,T9,K,6/3/2024,0600
MOBEAST066,MOBEAST_T10_R_2024-06-03_0600,T10,R,6/3/2024,0600
MOBEAST067,MOBEAST_T11_C_2024-06-03_0600,T11,C,6/3/2024,0600
MOBEAST068,MOBEAST_T12_R_2024-06-03_0600,T12,R,6/3/2024,0600
MOBEAST069,MOBEAST_T13_A_2024-06-03_0600,T13,A,6/3/2024,0600
MOBEAST070,MOBEAST_T14_A_2024-06-03_0600,T14,A,6/3/2024,0600
MOBEAST071,MOBEAST_T15_C_2024-06-03_0600,T15,C,6/3/2024,0600
MOBEAST072,MOBEAST_T16_K_2024-06-03_0600,T16,K,6/3/2024,0600
MOBEAST073,MOBEAST_F1_Inflow_2024-06-04_1200,F1,Inflow,6/4/2024,1200
MOBEAST074,MOBEAST_F2_Inflow_2024-06-04_1200,F2,Inflow,6/4/2024,1200
MOBEAST075,MOBEAST_T1_A_2024-06-04_1200,T1,A,6/4/2024,1200
MOBEAST076,MOBEAST_T2_R_2024-06-04_1200,T2,R,6/4/2024,1200
MOBEAST077,MOBEAST_T3_C_2024-06-04_1200,T3,C,6/4/2024,1200
MOBEAST078,MOBEAST_T4_A_2024-06-04_1200,T4,A,6/4/2024,1200
MOBEAST079,MOBEAST_T5_R_2024-06-04_1200,T5,R,6/4/2024,1200
MOBEAST080,MOBEAST_T6_K_2024-06-04_1200,T6,K,6/4/2024,1200
MOBEAST081,MOBEAST_T7_K_2024-06-04_1200,T7,K,6/4/2024,1200
MOBEAST082,MOBEAST_T8_C_2024-06-04_1200,T8,C,6/4/2024,1200
MOBEAST083,MOBEAST_T9_K_2024-06-04_1200,T9,K,6/4/2024,1200
MOBEAST084,MOBEAST_T10_R_2024-06-04_1200,T10,R,6/4/2024,1200
MOBEAST085,MOBEAST_T11_C_2024-06-04_1200,T11,C,6/4/2024,1200
MOBEAST086,MOBEAST_T12_R_2024-06-04_1200,T12,R,6/4/2024,1200
MOBEAST087,MOBEAST_T13_A_2024-06-04_1200,T13,A,6/4/2024,1200
MOBEAST088,MOBEAST_T14_A_2024-06-04_1200,T14,A,6/4/2024,1200
MOBEAST089,MOBEAST_T15_C_2024-06-04_1200,T15,C,6/4/2024,1200
MOBEAST090,MOBEAST_T16_K_2024-06-04_1200,T16,K,6/4/2024,1200
MOBEAST091,MOBEAST_F1_Inflow_2024-06-06_1200,F1,Inflow,6/6/2024,1200
MOBEAST092,MOBEAST_F2_Inflow_2024-06-06_1200,F2,Inflow,6/6/2024,1200
MOBEAST093,MOBEAST_T1_A_2024-06-06_1200,T1,A,6/6/2024,1200
MOBEAST094,MOBEAST_T2_R_2024-06-06_1200,T2,R,6/6/2024,1200
MOBEAST095,MOBEAST_T3_C_2024-06-06_1200,T3,C,6/6/2024,1200
MOBEAST096,MOBEAST_T4_A_2024-06-06_1200,T4,A,6/6/2024,1200
MOBEAST097,MOBEAST_T5_R_2024-06-06_1200,T5,R,6/6/2024,1200
MOBEAST098,MOBEAST_T6_K_2024-06-06_1200,T6,K,6/6/2024,1200
MOBEAST099,MOBEAST_T7_K_2024-06-06_1200,T7,K,6/6/2024,1200
MOBEAST100,MOBEAST_T8_C_2024-06-06_1200,T8,C,6/6/2024,1200
MOBEAST101,MOBEAST_T9_K_2024-06-06_1200,T9,K,6/6/2024,1200
MOBEAST102,MOBEAST_T10_R_2024-06-06_1200,T10,R,6/6/2024,1200
MOBEAST103,MOBEAST_T11_C_2024-06-06_1200,T11,C,6/6/2024,1200
MOBEAST104,MOBEAST_T12_R_2024-06-06_1200,T12,R,6/6/2024,1200
MOBEAST105,MOBEAST_T13_A_2024-06-06_1200,T13,A,6/6/2024,1200
MOBEAST106,MOBEAST_T14_A_2024-06-06_1200,T14,A,6/6/2024,1200
MOBEAST107,MOBEAST_T15_C_2024-06-06_1200,T15,C,6/6/2024,1200
MOBEAST108,MOBEAST_T16_K_2024-06-06_1200,T16,K,6/6/2024,1200
MOBEAST109,MOBEAST_Bay _Endmember_2024-05-27_1500,Bay ,Endmember,5/27/2024,1500
MOBEAST110,MOBEAST_Ocean_Endmember_2024-05-27_1500,Ocean,Endmember,5/27/2024,1500
MOBEAST111,MOBEAST_Lagoon_Endmember_2024-05-27_1645,Lagoon,Endmember,5/27/2024,1645
MOBEAST112,MOBEAST_Bay _Endmember_2024-05-25_1510,Bay ,Endmember,5/25/2024,1510
MOBEAST113,MOBEAST_Ocean_Endmember_2024-05-25_1500,Ocean,Endmember,5/25/2024,1500
MOBEAST114,MOBEAST_Lagoon Tiahura_Endmember_2024-05-25_0845,Lagoon Tiahura,Endmember,5/25/2024,0845
MOBEAST115,MOBEAST_Bay _Rain_2024-06-06_1425,Bay ,Rain,6/6/2024,1425
,,,,,
,,,,,
,,,,,
,,,,,
,,,,,
,,,,,
,,,,,
,,,,,
,,,,,
,,,,,
,,,,,
,,,,,
,,,,,
,,,,,
,,,,,
,,,,,
,,,,,
,,,,,
,,,,,
,,,,,
,,,,,
,,,,,
,,,,,
,,,,,
,,,,,
,,,,,
,,,,,
,,,,,
,,,,,
,,,,,
,,,,,
,,,,,
,,,,,
,,,,,
,,,,,
,,,,,
,,,,,
,,,,,
,,,,,
,,,,,
,,,,,
,,,,,
,,,,,
,,,,,
,,,,,
,,,,,
,,,,,
,,,,,
,,,,,
,,,,,
,,,,,
,,,,,
,,,,,
,,,,,
,,,,,
,,,,,
,,,,,
,,,,,
,,,,,
,,,,,
,,,,,
,,,,,
,,,,,
,,,,,
,,,,,
,,,,,
,,,,,
,,,,,
,,,,,
,,,,,
,,,,,
,,,,,
,,,,,
,,,,,
,,,,,
,,,,,
,,,,,
,,,,,
,,,,,
,,,,,
,,,,,
,,,,,
,,,,,
,,,,,
,,,,,
,,,,,
,,,,,
,,,,,
,,,,,
,,,,,
,,,,,
,,,,,
,,,,,
,,,,,
,,,,,
,,,,,
,,,,,
,,,,,
,,,,,
,,,,,
,,,,,
,,,,,
,,,,,
,,,,,
,,,,,
,,,,,
,,,,,
,,,,,
,,,,,
,,,,,
,,,,,
,,,,,
,,,,,
,,,,,
,,,,,
,,,,,
,,,,,
,,,,,
,,,,,
,,,,,
,,,,,
,,,,,
,,,,,
,,,,,
,,,,,
,,,,,
,,,,,
,,,,,
,,,,,
,,,,,
,,,,,
,,,,,
,,,,,
,,,,,
,,,,,
,,,,,
,,,,,
,,,,,
,,,,,
,,,,,
,,,,,
,,,,,
,,,,,
,,,,,
,,,,,
,,,,,
,,,,,
,,,,,
,,,,,
,,,,,
,,,,,
,,,,,
,,,,,
,,,,,
,,,,,
,,,,,
,,,,,
,,,,,
,,,,,
,,,,,
,,,,,
,,,,,
,,,,,
,,,,,
,,,,,
,,,,,
,,,,,
,,,,,
,,,,,
,,,,,
,,,,,
,,,,,
,,,,,
,,,,,
,,,,,
,,,,,
,,,,,
,,,,,
,,,,,
,,,,,
,,,,,
,,,,,
,,,,,
,,,,,
,,,,,
,,,,,
,,,,,
,,,,,
,,,,,
,,,,,
,,,,,
,,,,,
,,,,,
,,,,,
,,,,,
,,,,,
,,,,,
,,,,,
,,,,,
,,,,,
,,,,,
,,,,,
,,,,,
,,,,,
,,,,,
,,,,,
,,,,,
,,,,,
,,,,,
,,,,,
,,,,,
,,,,,
,,,,,
,,,,,
,,,,,
,,,,,
,,,,,
,,,,,
,,,,,
,,,,,
,,,,,
,,,,,
,,,,,
,,,,,
,,,,,
,,,,,
,,,,,
,,,,,
,,,,,
,,,,,
,,,,,
,,,,,
,,,,,
,,,,,
,,,,,
,,,,,
,,,,,
,,,,,
,,,,,
,,,,,
,,,,,
,,,,,
,,,,,
ID Number ,Long Name ,Tank #,Treatment,Date,Time
,MOBEAST_F1_Inflow_2024-06-02_12:00,F1,Inflow,6/2/2024,12:00
,MOBEAST_F2_Inflow_2024-06-02_12:00,F2,Inflow,6/2/2024,12:00
,MOBEAST_T1_A_2024-06-02_12:00,T1,A,6/2/2024,12:00
,MOBEAST_T2_R_2024-06-02_12:00,T2,R,6/2/2024,12:00
,MOBEAST_T3_C_2024-06-02_12:00,T3,C,6/2/2024,12:00
,MOBEAST_T4_A_2024-06-02_12:00,T4,A,6/2/2024,12:00
,MOBEAST_T5_R_2024-06-02_12:00,T5,R,6/2/2024,12:00
,MOBEAST_T6_K_2024-06-02_12:00,T6,K,6/2/2024,12:00
,MOBEAST_T7_K_2024-06-02_12:00,T7,K,6/2/2024,12:00
,MOBEAST_T8_C_2024-06-02_12:00,T8,C,6/2/2024,12:00
,MOBEAST_T9_K_2024-06-02_12:00,T9,K,6/2/2024,12:00
,MOBEAST_T10_R_2024-06-02_12:00,T10,R,6/2/2024,12:00
,MOBEAST_T11_C_2024-06-02_12:00,T11,C,6/2/2024,12:00
,MOBEAST_T12_R_2024-06-02_12:00,T12,R,6/2/2024,12:00
,MOBEAST_T13_A_2024-06-02_12:00,T13,A,6/2/2024,12:00
,MOBEAST_T14_A_2024-06-02_12:00,T14,A,6/2/2024,12:00
,MOBEAST_T15_C_2024-06-02_12:00,T15,C,6/2/2024,12:00
,MOBEAST_T16_K_2024-06-02_12:00,T16,K,6/2/2024,12:00
,MOBEAST_F1_Inflow_2024-06-02_18:00,F1,Inflow,6/2/2024,18:00
,MOBEAST_F2_Inflow_2024-06-02_18:00,F2,Inflow,6/2/2024,18:00
,MOBEAST_T1_A_2024-06-02_18:00,T1,A,6/2/2024,18:00
,MOBEAST_T2_R_2024-06-02_18:00,T2,R,6/2/2024,18:00
,MOBEAST_T3_C_2024-06-02_18:00,T3,C,6/2/2024,18:00
,MOBEAST_T4_A_2024-06-02_18:00,T4,A,6/2/2024,18:00
,MOBEAST_T5_R_2024-06-02_18:00,T5,R,6/2/2024,18:00
,MOBEAST_T6_K_2024-06-02_18:00,T6,K,6/2/2024,18:00
,MOBEAST_T7_K_2024-06-02_18:00,T7,K,6/2/2024,18:00
,MOBEAST_T8_C_2024-06-02_18:00,T8,C,6/2/2024,18:00
,MOBEAST_T9_K_2024-06-02_18:00,T9,K,6/2/2024,18:00
,MOBEAST_T10_R_2024-06-02_18:00,T10,R,6/2/2024,18:00
,MOBEAST_T11_C_2024-06-02_18:00,T11,C,6/2/2024,18:00
,MOBEAST_T12_R_2024-06-02_18:00,T12,R,6/2/2024,18:00
,MOBEAST_T13_A_2024-06-02_18:00,T13,A,6/2/2024,18:00
,MOBEAST_T14_A_2024-06-02_18:00,T14,A,6/2/2024,18:00
,MOBEAST_T15_C_2024-06-02_18:00,T15,C,6/2/2024,18:00
,MOBEAST_T16_K_2024-06-02_18:00,T16,K,6/2/2024,18:00
,MOBEAST_F1_Inflow_2024-06-03_00:00,F1,Inflow,6/3/2024,0:00
,MOBEAST_F2_Inflow_2024-06-03_00:00,F2,Inflow,6/3/2024,0:00
,MOBEAST_T1_A_2024-06-03_00:00,T1,A,6/3/2024,0:00
,MOBEAST_T2_R_2024-06-03_00:00,T2,R,6/3/2024,0:00
,MOBEAST_T3_C_2024-06-03_00:00,T3,C,6/3/2024,0:00
,MOBEAST_T4_A_2024-06-03_00:00,T4,A,6/3/2024,0:00
,MOBEAST_T5_R_2024-06-03_00:00,T5,R,6/3/2024,0:00
,MOBEAST_T6_K_2024-06-03_00:00,T6,K,6/3/2024,0:00
,MOBEAST_T7_K_2024-06-03_00:00,T7,K,6/3/2024,0:00
,MOBEAST_T8_C_2024-06-03_00:00,T8,C,6/3/2024,0:00
,MOBEAST_T9_K_2024-06-03_00:00,T9,K,6/3/2024,0:00
,MOBEAST_T10_R_2024-06-03_00:00,T10,R,6/3/2024,0:00
,MOBEAST_T11_C_2024-06-03_00:00,T11,C,6/3/2024,0:00
,MOBEAST_T12_R_2024-06-03_00:00,T12,R,6/3/2024,0:00
,MOBEAST_T13_A_2024-06-03_00:00,T13,A,6/3/2024,0:00
,MOBEAST_T14_A_2024-06-03_00:00,T14,A,6/3/2024,0:00
,MOBEAST_T15_C_2024-06-03_00:00,T15,C,6/3/2024,0:00
,MOBEAST_T16_K_2024-06-03_00:00,T16,K,6/3/2024,0:00
,MOBEAST_F1_Inflow_2024-06-03_06:00,F1,Inflow,6/3/2024,6:00
,MOBEAST_F2_Inflow_2024-06-03_06:00,F2,Inflow,6/3/2024,6:00
,MOBEAST_T1_A_2024-06-03_06:00,T1,A,6/3/2024,6:00
,MOBEAST_T2_R_2024-06-03_06:00,T2,R,6/3/2024,6:00
,MOBEAST_T3_C_2024-06-03_06:00,T3,C,6/3/2024,6:00
,MOBEAST_T4_A_2024-06-03_06:00,T4,A,6/3/2024,6:00
,MOBEAST_T5_R_2024-06-03_06:00,T5,R,6/3/2024,6:00
,MOBEAST_T6_K_2024-06-03_06:00,T6,K,6/3/2024,6:00
,MOBEAST_T7_K_2024-06-03_06:00,T7,K,6/3/2024,6:00
,MOBEAST_T8_C_2024-06-03_06:00,T8,C,6/3/2024,6:00
,MOBEAST_T9_K_2024-06-03_06:00,T9,K,6/3/2024,6:00
,MOBEAST_T10_R_2024-06-03_06:00,T10,R,6/3/2024,6:00
,MOBEAST_T11_C_2024-06-03_06:00,T11,C,6/3/2024,6:00
,MOBEAST_T12_R_2024-06-03_06:00,T12,R,6/3/2024,6:00
,MOBEAST_T13_A_2024-06-03_06:00,T13,A,6/3/2024,6:00
,MOBEAST_T14_A_2024-06-03_06:00,T14,A,6/3/2024,6:00
,MOBEAST_T15_C_2024-06-03_06:00,T15,C,6/3/2024,6:00
,MOBEAST_T16_K_2024-06-03_06:00,T16,K,6/3/2024,6:00
,MOBEAST_F1_Inflow_2024-06-04_12:00,F1,Inflow,6/4/2024,12:00
,MOBEAST_F2_Inflow_2024-06-04_12:00,F2,Inflow,6/4/2024,12:00
,MOBEAST_T1_A_2024-06-04_12:00,T1,A,6/4/2024,12:00
,MOBEAST_T2_R_2024-06-04_12:00,T2,R,6/4/2024,12:00
,MOBEAST_T3_C_2024-06-04_12:00,T3,C,6/4/2024,12:00
,MOBEAST_T4_A_2024-06-04_12:00,T4,A,6/4/2024,12:00
,MOBEAST_T5_R_2024-06-04_12:00,T5,R,6/4/2024,12:00
,MOBEAST_T6_K_2024-06-04_12:00,T6,K,6/4/2024,12:00
,MOBEAST_T7_K_2024-06-04_12:00,T7,K,6/4/2024,12:00
,MOBEAST_T8_C_2024-06-04_12:00,T8,C,6/4/2024,12:00
,MOBEAST_T9_K_2024-06-04_12:00,T9,K,6/4/2024,12:00
,MOBEAST_T10_R_2024-06-04_12:00,T10,R,6/4/2024,12:00
,MOBEAST_T11_C_2024-06-04_12:00,T11,C,6/4/2024,12:00
,MOBEAST_T12_R_2024-06-04_12:00,T12,R,6/4/2024,12:00
,MOBEAST_T13_A_2024-06-04_12:00,T13,A,6/4/2024,12:00
,MOBEAST_T14_A_2024-06-04_12:00,T14,A,6/4/2024,12:00
,MOBEAST_T15_C_2024-06-04_12:00,T15,C,6/4/2024,12:00
,MOBEAST_T16_K_2024-06-04_12:00,T16,K,6/4/2024,12:00
,MOBEAST_F1_Inflow_2024-06-06_12:00,F1,Inflow,6/6/2024,12:00
,MOBEAST_F2_Inflow_2024-06-06_12:00,F2,Inflow,6/6/2024,12:00
,MOBEAST_T1_A_2024-06-06_12:00,T1,A,6/6/2024,12:00
,MOBEAST_T2_R_2024-06-06_12:00,T2,R,6/6/2024,12:00
,MOBEAST_T3_C_2024-06-06_12:00,T3,C,6/6/2024,12:00
,MOBEAST_T4_A_2024-06-06_12:00,T4,A,6/6/2024,12:00
,MOBEAST_T5_R_2024-06-06_12:00,T5,R,6/6/2024,12:00
,MOBEAST_T6_K_2024-06-06_12:00,T6,K,6/6/2024,12:00
,MOBEAST_T7_K_2024-06-06_12:00,T7,K,6/6/2024,12:00
,MOBEAST_T8_C_2024-06-06_12:00,T8,C,6/6/2024,12:00
,MOBEAST_T9_K_2024-06-06_12:00,T9,K,6/6/2024,12:00
,MOBEAST_T10_R_2024-06-06_12:00,T10,R,6/6/2024,12:00
,MOBEAST_T11_C_2024-06-06_12:00,T11,C,6/6/2024,12:00
,MOBEAST_T12_R_2024-06-06_12:00,T12,R,6/6/2024,12:00
,MOBEAST_T13_A_2024-06-06_12:00,T13,A,6/6/2024,12:00
,MOBEAST_T14_A_2024-06-06_12:00,T14,A,6/6/2024,12:00
,MOBEAST_T15_C_2024-06-06_12:00,T15,C,6/6/2024,12:00
,MOBEAST_T16_K_2024-06-06_12:00,T16,K,6/6/2024,12:00
,MOBEAST_Bay _Endmember_2024-05-27_15:00,Bay ,Endmember,5/27/2024,15:00
,MOBEAST_Ocean_Endmember_2024-05-27_15:00,Ocean,Endmember,5/27/2024,15:00
,MOBEAST_Lagoon_Endmember_2024-05-27_16:45,Lagoon,Endmember,5/27/2024,16:45
,MOBEAST_Bay _Endmember_2024-05-25_15:10,Bay ,Endmember,5/25/2024,15:10
,MOBEAST_Ocean_Endmember_2024-05-25_15:00,Ocean,Endmember,5/25/2024,15:00
,MOBEAST_Lagoon Tiahura_Endmember_2024-05-25_08:45,Lagoon Tiahura,Endmember,5/25/2024,8:45
,MOBEAST_Bay _Rain_2024-06-06_14:25,Bay ,Rain,6/6/2024,14:25