Sample_ID	long_name	extraction_vol	dilution_factor	fluorometer	Vol_1	Vol_2	Vol_3_half
MOBEAST091	MOBEAST_F1_Inflow_2024-06-06_12:00	5	1	0.23	47.5	47.5	25
MOBEAST092	MOBEAST_F2_Inflow_2024-06-06_12:00	5	1	2.82	48	48	25
MOBEAST093	MOBEAST_T1_A_2024-06-06_12:00	5	1	4.5	47.5	47.5	25
MOBEAST094	MOBEAST_T2_R_2024-06-06_12:00	5	1	6.37	47.5	47.5	25
MOBEAST095	MOBEAST_T3_C_2024-06-06_12:00	5	1	8.3	55	51.5	28
MOBEAST096	MOBEAST_T4_A_2024-06-06_12:00	5	1	3.25	56	55	28.5
MOBEAST097	MOBEAST_T5_R_2024-06-06_12:00	5	1	5.21	52.5	53	27.5
MOBEAST098	MOBEAST_T6_K_2024-06-06_12:00	5	1	1.15	51	51	26.5
MOBEAST099	MOBEAST_T7_K_2024-06-06_12:00	5	1	0.3	50.5	50.5	26.5
MOBEAST100	MOBEAST_T8__2024-06-06_12:00	5	1	3.9	46.5	50	26
MOBEAST101	MOBEAST_T9__2024-06-06_12:00	5	1	3.3	48	NA	25.5
MOBEAST102	MOBEAST_T10_R_2024-06-06_12:00	5	1	0.79	50	NA	27.5
MOBEAST103	MOBEAST_T11_C_2024-06-06_12:00	5	1	6.97	52.5	NA	28
MOBEAST104	MOBEAST_T12_R_2024-06-06_12:00	5	1	7.02	55	NA	26
MOBEAST105	MOBEAST_T13_A_2024-06-06_12:00	5	1	3.69	NA	NA	27.5
MOBEAST106	MOBEAST_T14_A_2024-06-06_12:00	5	1	4.71	53	NA	27.5
MOBEAST107	MOBEAST_T15_C_2024-06-06_12:00	5	1	3.04	55	NA	27.5
MOBEAST108	MOBEAST_T16_K_2024-06-06_12:00	5	1	0.36	52.5	NA	27.5
MOBEAST109	MOBEAST_Bay _Endmember_2024-05-27_15:00	5	1	16.14	125	NA	NA
MOBEAST111	MOBEAST_Lagoon_Endmember_2024-05-27_16:45	5	1	1.8	125	NA	NA
MOBEAST115	MOBEAST_Bay _Rain_2024-06-06_14:25	5	1	8.36	125	NA	NA
MOBEAST073	MOBEAST_F1_Inflow_2024-06-04_12:00	5	1	2.71	NA	35	45
MOBEAST074	MOBEAST_F2_Inflow_2024-06-04_12:00	5	1	0.97	NA	35	46
MOBEAST075	MOBEAST_T1_A_2024-06-04_12:00	5	1	4.81	NA	35	45
MOBEAST076	MOBEAST_T2_R_2024-06-04_12:00	5	1	5.08	NA	35	45
MOBEAST077	MOBEAST_T3_C_2024-06-04_12:00	5	1	1.86	NA	40	53
MOBEAST078	MOBEAST_T4_A_2024-06-04_12:00	5	1	0.82	NA	40	50
MOBEAST079	MOBEAST_T5_R_2024-06-04_12:00	5	1	1.89	NA	37	47
MOBEAST080	MOBEAST_T6_K_2024-06-04_12:00	5	1	3.32	NA	39	45
MOBEAST081	MOBEAST_T7_K_2024-06-04_12:00	5	1	0.12	NA	37	36
MOBEAST082	MOBEAST_T8_C_2024-06-04_12:00	5	1	0.36	NA	NA	47
MOBEAST083	MOBEAST_T9_K_2024-06-04_12:00	5	1	1.8	NA	27	42
MOBEAST084	MOBEAST_T10_R_2024-06-04_12:00	5	1	1.6	NA	36	NA
MOBEAST085	MOBEAST_T11_C_2024-06-04_12:00	5	1	0.48	NA	37	50
MOBEAST086	MOBEAST_T12_R_2024-06-04_12:00	5	1	0.48	NA	33	47
MOBEAST087	MOBEAST_T13_A_2024-06-04_12:00	5	1	4.75	NA	35	46
MOBEAST088	MOBEAST_T14_A_2024-06-04_12:00	5	1	1.08	NA	50	53
MOBEAST089	MOBEAST_T15_C_2024-06-04_12:00	5	1	3.44	NA	25	40
MOBEAST090	MOBEAST_T16_K_2024-06-04_12:00	5	1	0.77	NA	35	45
MOBEAST001	MOBEAST_F1_Inflow_2024-06-02_12:00	5	1	0.4	125	NA	NA
MOBEAST002	MOBEAST_F2_Inflow_2024-06-02_12:00	5	1	1.88	125	NA	NA
MOBEAST003	MOBEAST_T1_A_2024-06-02_12:00	5	1	1.58	125	NA	NA
MOBEAST004	MOBEAST_T2_R_2024-06-02_12:00	5	1	2.23	125	NA	NA
MOBEAST005	MOBEAST_T3_C_2024-06-02_12:00	5	1	1.91	125	NA	NA
MOBEAST006	MOBEAST_T4_A_2024-06-02_12:00	5	1	7.63	125	NA	NA
MOBEAST007	MOBEAST_T5_R_2024-06-02_12:00	5	1	13.62	125	NA	NA
MOBEAST008	MOBEAST_T6_K_2024-06-02_12:00	5	1	43.86	125	NA	NA
MOBEAST009	MOBEAST_T7_K_2024-06-02_12:00	5	1	21.11	125	NA	NA
MOBEAST010	MOBEAST_T8_C_2024-06-02_12:00	5	1	6.28	125	NA	NA
MOBEAST011	MOBEAST_T9_K_2024-06-02_12:00	5	1	9.86	125	NA	NA
MOBEAST012	MOBEAST_T10_R_2024-06-02_12:00	5	1	3.87	125	NA	NA
MOBEAST013	MOBEAST_T11_C_2024-06-02_12:00	5	1	7.61	125	NA	NA
MOBEAST014	MOBEAST_T12_R_2024-06-02_12:00	5	1	22.18	125	NA	NA
MOBEAST015	MOBEAST_T13_A_2024-06-02_12:00	5	1	13.73	125	NA	NA
MOBEAST016	MOBEAST_T14_A_2024-06-02_12:00	5	1	10.74	125	NA	NA
MOBEAST017	MOBEAST_T15_C_2024-06-02_12:00	5	1	15.47	125	NA	NA
MOBEAST018	MOBEAST_T16_K_2024-06-02_12:00	5	1	9.95	125	NA	NA
MOBEAST019	MOBEAST_F1_Inflow_2024-06-02_18:00	5	1	4.57	125	NA	NA
MOBEAST020	MOBEAST_F2_Inflow_2024-06-02_18:00	5	1	0.72	125	NA	NA
MOBEAST021	MOBEAST_T1_A_2024-06-02_18:00	5	1	1.87	125	NA	NA
MOBEAST022	MOBEAST_T2_R_2024-06-02_18:00	5	1	0.57	125	NA	NA
MOBEAST023	MOBEAST_T3_C_2024-06-02_18:00	5	1	0.75	125	NA	NA
MOBEAST024	MOBEAST_T4_A_2024-06-02_18:00	5	1	0.53	125	NA	NA
MOBEAST025	MOBEAST_T5_R_2024-06-02_18:00	5	1	1.58	125	NA	NA
MOBEAST026	MOBEAST_T6_K_2024-06-02_18:00	5	1	14.94	125	NA	NA
MOBEAST027	MOBEAST_T7_K_2024-06-02_18:00	5	1	6	125	NA	NA
MOBEAST028	MOBEAST_T8_C_2024-06-02_18:00	5	1	0.94	125	NA	NA
MOBEAST029	MOBEAST_T9_K_2024-06-02_18:00	5	1	0.73	125	NA	NA
MOBEAST030	MOBEAST_T10_R_2024-06-02_18:00	5	1	4.88	125	NA	NA
MOBEAST031	MOBEAST_T11_C_2024-06-02_18:00	5	1	1.94	125	NA	NA
MOBEAST032	MOBEAST_T12_R_2024-06-02_18:00	5	1	2.87	125	NA	NA
MOBEAST033	MOBEAST_T13_A_2024-06-02_18:00	5	1	3.2	125	NA	NA
MOBEAST034	MOBEAST_T14_A_2024-06-02_18:00	5	1	0.93	125	NA	NA
MOBEAST035	MOBEAST_T15_C_2024-06-02_18:00	5	1	2.48	125	NA	NA
MOBEAST036	MOBEAST_T16_K_2024-06-02_18:00	5	1	1.1	125	NA	NA
MOBEAST037	MOBEAST_F1_Inflow_2024-06-03_00:00	5	1	2.52	125	NA	NA
MOBEAST038	MOBEAST_F2_Inflow_2024-06-03_00:00	5	1	2.16	125	NA	NA
MOBEAST039	MOBEAST_T1_A_2024-06-03_00:00	5	1	4.76	125	NA	NA
MOBEAST040	MOBEAST_T2_R_2024-06-03_00:00	5	1	2.09	125	NA	NA
MOBEAST041	MOBEAST_T3_C_2024-06-03_00:00	5	1	1.78	125	NA	NA
MOBEAST042	MOBEAST_T4_A_2024-06-03_00:00	5	1	0.78	125	NA	NA
MOBEAST043	MOBEAST_T5_R_2024-06-03_00:00	5	1	1.01	125	NA	NA
MOBEAST044	MOBEAST_T6_K_2024-06-03_00:00	5	1	1.04	125	NA	NA
MOBEAST045	MOBEAST_T7_K_2024-06-03_00:00	5	1	8.83	125	NA	NA
MOBEAST046	MOBEAST_T8_C_2024-06-03_00:00	5	1	1.22	125	NA	NA
MOBEAST047	MOBEAST_T9_K_2024-06-03_00:00	5	1	1.12	125	NA	NA
MOBEAST048	MOBEAST_T10_R_2024-06-03_00:00	5	1	0.16	125	NA	NA
MOBEAST049	MOBEAST_T11_C_2024-06-03_00:00	5	1	0.48	125	NA	NA
MOBEAST050	MOBEAST_T12_R_2024-06-03_00:00	5	1	1.18	125	NA	NA
MOBEAST051	MOBEAST_T13_A_2024-06-03_00:00	5	1	6.21	125	NA	NA
MOBEAST052	MOBEAST_T14_A_2024-06-03_00:00	5	1	0.36	125	NA	NA
MOBEAST053	MOBEAST_T15_C_2024-06-03_00:00	5	1	3.59	125	NA	NA
MOBEAST054	MOBEAST_T16_K_2024-06-03_00:00	5	1	1.91	125	NA	NA
MOBEAST055	MOBEAST_F1_Inflow_2024-06-03_06:00	5	1	0.56	125	NA	NA
MOBEAST056	MOBEAST_F2_Inflow_2024-06-03_06:00	5	1	0.11	125	NA	NA
MOBEAST057	MOBEAST_T1_A_2024-06-03_06:00	5	1	0.85	125	NA	NA
MOBEAST058	MOBEAST_T2_R_2024-06-03_06:00	5	1	0.22	125	NA	NA
MOBEAST059	MOBEAST_T3_C_2024-06-03_06:00	5	1	1.11	125	NA	NA
MOBEAST060	MOBEAST_T4_A_2024-06-03_06:00	5	1	9.68	125	NA	NA
MOBEAST061	MOBEAST_T5_R_2024-06-03_06:00	5	1	3.37	125	NA	NA
MOBEAST062	MOBEAST_T6_K_2024-06-03_06:00	5	1	0.66	125	NA	NA
MOBEAST063	MOBEAST_T7_K_2024-06-03_06:00	5	1	2.54	125	NA	NA
MOBEAST064	MOBEAST_T8_C_2024-06-03_06:00	5	1	1.27	125	NA	NA
MOBEAST065	MOBEAST_T9_K_2024-06-03_06:00	5	1	0.51	125	NA	NA
MOBEAST066	MOBEAST_T10_R_2024-06-03_06:00	5	1	1.29	125	NA	NA
MOBEAST067	MOBEAST_T11_C_2024-06-03_06:00	5	1	4.18	125	NA	NA
MOBEAST068	MOBEAST_T12_R_2024-06-03_06:00	5	1	2.56	125	NA	NA
MOBEAST069	MOBEAST_T13_A_2024-06-03_06:00	5	1	2.2	125	NA	NA
MOBEAST070	MOBEAST_T14_A_2024-06-03_06:00	5	1	1.78	125	NA	NA
MOBEAST071	MOBEAST_T15_C_2024-06-03_06:00	5	1	3.88	125	NA	NA
MOBEAST072	MOBEAST_T16_K_2024-06-03_06:00	5	1	0.57	125	NA	NA
MOBEAST110	MOBEAST_Ocean_Endmember_2024-05-27_15:00	5	1	6.47	125	NA	NA