id_number,tank_number,treatment,inflow_table,date_time,date,time,nutrient,conc,outlier,time_string,date_string,date_time_string,conc_norm
MOBEAST001,F1,Inflow,Table 1,2024-06-02T12:00:00Z,2024-06-02,12:00:00,DOC,138.7623813211,not outlier,12:00:00,2024-06-02,2024-06-02 12:00:00,-2.5859295069737698
MOBEAST002,F2,Inflow,Table 2,2024-06-02T12:00:00Z,2024-06-02,12:00:00,DOC,146.089181590859,not outlier,12:00:00,2024-06-02,2024-06-02 12:00:00,4.740870762785221
MOBEAST003,T1,Algae,Table 1,2024-06-02T12:00:00Z,2024-06-02,12:00:00,DOC,215.527265965625,not outlier,12:00:00,2024-06-02,2024-06-02 12:00:00,74.17895513755121
MOBEAST004,T2,CCA,Table 2,2024-06-02T12:00:00Z,2024-06-02,12:00:00,DOC,159.410636626786,not outlier,12:00:00,2024-06-02,2024-06-02 12:00:00,18.06232579871221
MOBEAST005,T3,Control,Table 2,2024-06-02T12:00:00Z,2024-06-02,12:00:00,DOC,207.700911132018,not outlier,12:00:00,2024-06-02,2024-06-02 12:00:00,66.35260030394423
MOBEAST007,T5,CCA,Table 2,2024-06-02T12:00:00Z,2024-06-02,12:00:00,DOC,142.176004174056,not outlier,12:00:00,2024-06-02,2024-06-02 12:00:00,0.827693345982226
MOBEAST008,T6,Coral,Table 2,2024-06-02T12:00:00Z,2024-06-02,12:00:00,DOC,183.972069349275,not outlier,12:00:00,2024-06-02,2024-06-02 12:00:00,42.62375852120121
MOBEAST009,T7,Coral,Table 2,2024-06-02T12:00:00Z,2024-06-02,12:00:00,DOC,147.088290718554,not outlier,12:00:00,2024-06-02,2024-06-02 12:00:00,5.739979890480214
MOBEAST010,T8,Control,Table 1,2024-06-02T12:00:00Z,2024-06-02,12:00:00,DOC,137.430235817507,not outlier,12:00:00,2024-06-02,2024-06-02 12:00:00,-3.918075010566781
MOBEAST011,T9,Coral,Table 1,2024-06-02T12:00:00Z,2024-06-02,12:00:00,DOC,144.840295181241,not outlier,12:00:00,2024-06-02,2024-06-02 12:00:00,3.4919843531672257
MOBEAST012,T10,CCA,Table 1,2024-06-02T12:00:00Z,2024-06-02,12:00:00,DOC,182.723182939657,not outlier,12:00:00,2024-06-02,2024-06-02 12:00:00,41.374872111583215
MOBEAST013,T11,Control,Table 1,2024-06-02T12:00:00Z,2024-06-02,12:00:00,DOC,128.688030950181,not outlier,12:00:00,2024-06-02,2024-06-02 12:00:00,-12.660279877892776
MOBEAST014,T12,CCA,Table 1,2024-06-02T12:00:00Z,2024-06-02,12:00:00,DOC,152.500131826899,not outlier,12:00:00,2024-06-02,2024-06-02 12:00:00,11.15182099882523
MOBEAST015,T13,Algae,Table 1,2024-06-02T12:00:00Z,2024-06-02,12:00:00,DOC,148.004140752274,not outlier,12:00:00,2024-06-02,2024-06-02 12:00:00,6.655829924200219
MOBEAST016,T14,Algae,Table 1,2024-06-02T12:00:00Z,2024-06-02,12:00:00,DOC,139.075990575071,not outlier,12:00:00,2024-06-02,2024-06-02 12:00:00,-2.272320253002789
MOBEAST017,T15,Control,Table 1,2024-06-02T12:00:00Z,2024-06-02,12:00:00,DOC,132.83155852698,not outlier,12:00:00,2024-06-02,2024-06-02 12:00:00,-8.516752301093788
MOBEAST018,T16,Coral,Table 1,2024-06-02T12:00:00Z,2024-06-02,12:00:00,DOC,140.075099702765,not outlier,12:00:00,2024-06-02,2024-06-02 12:00:00,-1.2732111253087908
MOBEAST019,F1,Inflow,Table 1,2024-06-02T18:00:00Z,2024-06-02,18:00:00,DOC,113.01589416104,not outlier,18:00:00,2024-06-02,2024-06-02 18:00:00,3.9704180439109393
MOBEAST020,F2,Inflow,Table 2,2024-06-02T18:00:00Z,2024-06-02,18:00:00,DOC,103.940652917815,not outlier,18:00:00,2024-06-02,2024-06-02 18:00:00,-5.104823199314055
MOBEAST021,T1,Algae,Table 1,2024-06-02T18:00:00Z,2024-06-02,18:00:00,DOC,118.261217081436,not outlier,18:00:00,2024-06-02,2024-06-02 18:00:00,9.215740964306946
MOBEAST022,T2,CCA,Table 2,2024-06-02T18:00:00Z,2024-06-02,18:00:00,DOC,105.855612079229,not outlier,18:00:00,2024-06-02,2024-06-02 18:00:00,-3.189864037900051
MOBEAST023,T3,Control,Table 2,2024-06-02T18:00:00Z,2024-06-02,18:00:00,DOC,100.277252782935,not outlier,18:00:00,2024-06-02,2024-06-02 18:00:00,-8.768223334194062
MOBEAST024,T4,Algae,Table 2,2024-06-02T18:00:00Z,2024-06-02,18:00:00,DOC,128.002531076457,not outlier,18:00:00,2024-06-02,2024-06-02 18:00:00,18.957054959327934
MOBEAST025,T5,CCA,Table 2,2024-06-02T18:00:00Z,2024-06-02,18:00:00,DOC,107.687312146669,not outlier,18:00:00,2024-06-02,2024-06-02 18:00:00,-1.3581639704600548
MOBEAST026,T6,Coral,Table 2,2024-06-02T18:00:00Z,2024-06-02,18:00:00,DOC,128.751862922228,not outlier,18:00:00,2024-06-02,2024-06-02 18:00:00,19.70638680509896
MOBEAST027,T7,Coral,Table 2,2024-06-02T18:00:00Z,2024-06-02,18:00:00,DOC,110.018566777956,not outlier,18:00:00,2024-06-02,2024-06-02 18:00:00,0.9730906608269407
MOBEAST029,T9,Coral,Table 1,2024-06-02T18:00:00Z,2024-06-02,18:00:00,DOC,140.574654266612,not outlier,18:00:00,2024-06-02,2024-06-02 18:00:00,31.52917814948293
MOBEAST030,T10,CCA,Table 1,2024-06-02T18:00:00Z,2024-06-02,18:00:00,DOC,123.423280907857,not outlier,18:00:00,2024-06-02,2024-06-02 18:00:00,14.37780479072795
MOBEAST032,T12,CCA,Table 1,2024-06-02T18:00:00Z,2024-06-02,18:00:00,DOC,123.173503625934,not outlier,18:00:00,2024-06-02,2024-06-02 18:00:00,14.128027508804948
MOBEAST033,T13,Algae,Table 1,2024-06-02T18:00:00Z,2024-06-02,18:00:00,DOC,131.249635741464,not outlier,18:00:00,2024-06-02,2024-06-02 18:00:00,22.20415962433495
MOBEAST034,T14,Algae,Table 1,2024-06-02T18:00:00Z,2024-06-02,18:00:00,DOC,102.858284696146,not outlier,18:00:00,2024-06-02,2024-06-02 18:00:00,-6.187191420983055
MOBEAST035,T15,Control,Table 1,2024-06-02T18:00:00Z,2024-06-02,18:00:00,DOC,129.001640204151,not outlier,18:00:00,2024-06-02,2024-06-02 18:00:00,19.956164087021932
MOBEAST036,T16,Coral,Table 1,2024-06-02T18:00:00Z,2024-06-02,18:00:00,DOC,134.330222218522,not outlier,18:00:00,2024-06-02,2024-06-02 18:00:00,25.284746101392955
MOBEAST039,T1,Algae,Table 1,2024-06-03T00:00:00Z,2024-06-03,00:00:00,DOC,158.14232309524,not outlier,00:00:00,2024-06-03,2024-06-03 00:00:00,-161.31449457566976
MOBEAST042,T4,Algae,Table 2,2024-06-03T00:00:00Z,2024-06-03,00:00:00,DOC,108.686421274364,not outlier,00:00:00,2024-06-03,2024-06-03 00:00:00,-210.77039639654575
MOBEAST044,T6,Coral,Table 2,2024-06-03T00:00:00Z,2024-06-03,00:00:00,DOC,94.8654116745902,not outlier,00:00:00,2024-06-03,2024-06-03 00:00:00,-224.59140599631954
MOBEAST045,T7,Coral,Table 2,2024-06-03T00:00:00Z,2024-06-03,00:00:00,DOC,92.367638855354,not outlier,00:00:00,2024-06-03,2024-06-03 00:00:00,-227.08917881555573
MOBEAST046,T8,Control,Table 1,2024-06-03T00:00:00Z,2024-06-03,00:00:00,DOC,85.7901704313654,not outlier,00:00:00,2024-06-03,2024-06-03 00:00:00,-233.66664723954435
MOBEAST047,T9,Coral,Table 1,2024-06-03T00:00:00Z,2024-06-03,00:00:00,DOC,88.7874978144488,not outlier,00:00:00,2024-06-03,2024-06-03 00:00:00,-230.66931985646096
MOBEAST048,T10,CCA,Table 1,2024-06-03T00:00:00Z,2024-06-03,00:00:00,DOC,86.8725386530344,not outlier,00:00:00,2024-06-03,2024-06-03 00:00:00,-232.58427901787536
MOBEAST049,T11,Control,Table 1,2024-06-03T00:00:00Z,2024-06-03,00:00:00,DOC,81.5439566386639,not outlier,00:00:00,2024-06-03,2024-06-03 00:00:00,-237.91286103224584
MOBEAST050,T12,CCA,Table 1,2024-06-03T00:00:00Z,2024-06-03,00:00:00,DOC,83.7086930820019,not outlier,00:00:00,2024-06-03,2024-06-03 00:00:00,-235.74812458890784
MOBEAST052,T14,Algae,Table 1,2024-06-03T00:00:00Z,2024-06-03,00:00:00,DOC,99.5279209371644,not outlier,00:00:00,2024-06-03,2024-06-03 00:00:00,-219.92889673374535
MOBEAST053,T15,Control,Table 1,2024-06-03T00:00:00Z,2024-06-03,00:00:00,DOC,93.1169707011248,not outlier,00:00:00,2024-06-03,2024-06-03 00:00:00,-226.33984696978496
MOBEAST054,T16,Coral,Table 1,2024-06-03T00:00:00Z,2024-06-03,00:00:00,DOC,89.4535705662451,not outlier,00:00:00,2024-06-03,2024-06-03 00:00:00,-230.00324710466464
MOBEAST055,F1,Inflow,Table 1,2024-06-03T06:00:00Z,2024-06-03,06:00:00,DOC,75.0663991274447,not outlier,06:00:00,2024-06-03,2024-06-03 06:00:00,0
MOBEAST057,T1,Algae,Table 1,2024-06-03T06:00:00Z,2024-06-03,06:00:00,DOC,84.5412840217473,not outlier,06:00:00,2024-06-03,2024-06-03 06:00:00,9.474884894302605
MOBEAST058,T2,CCA,Table 2,2024-06-03T06:00:00Z,2024-06-03,06:00:00,DOC,79.3792201953258,not outlier,06:00:00,2024-06-03,2024-06-03 06:00:00,4.312821067881103
MOBEAST059,T3,Control,Table 2,2024-06-03T06:00:00Z,2024-06-03,06:00:00,DOC,71.5278876335268,not outlier,06:00:00,2024-06-03,2024-06-03 06:00:00,-3.5385114939178948
MOBEAST060,T4,Algae,Table 2,2024-06-03T06:00:00Z,2024-06-03,06:00:00,DOC,131.665931211337,not outlier,06:00:00,2024-06-03,2024-06-03 06:00:00,56.59953208389231
MOBEAST061,T5,CCA,Table 2,2024-06-03T06:00:00Z,2024-06-03,06:00:00,DOC,75.1663100402142,not outlier,06:00:00,2024-06-03,2024-06-03 06:00:00,0.09991091276950215
MOBEAST062,T6,Coral,Table 2,2024-06-03T06:00:00Z,2024-06-03,06:00:00,DOC,83.3756567061037,not outlier,06:00:00,2024-06-03,2024-06-03 06:00:00,8.309257578659
MOBEAST063,T7,Coral,Table 2,2024-06-03T06:00:00Z,2024-06-03,06:00:00,DOC,99.1116254672917,not outlier,06:00:00,2024-06-03,2024-06-03 06:00:00,24.045226339847005
MOBEAST064,T8,Control,Table 1,2024-06-03T06:00:00Z,2024-06-03,06:00:00,DOC,82.197540526364,not outlier,06:00:00,2024-06-03,2024-06-03 06:00:00,7.131141398919297
MOBEAST065,T9,Coral,Table 1,2024-06-03T06:00:00Z,2024-06-03,06:00:00,DOC,150.703123048615,not outlier,06:00:00,2024-06-03,2024-06-03 06:00:00,75.6367239211703
MOBEAST066,T10,CCA,Table 1,2024-06-03T06:00:00Z,2024-06-03,06:00:00,DOC,150.703123048615,not outlier,06:00:00,2024-06-03,2024-06-03 06:00:00,75.6367239211703
MOBEAST067,T11,Control,Table 1,2024-06-03T06:00:00Z,2024-06-03,06:00:00,DOC,87.0099161580924,not outlier,06:00:00,2024-06-03,2024-06-03 06:00:00,11.943517030647698
MOBEAST069,T13,Algae,Table 1,2024-06-03T06:00:00Z,2024-06-03,06:00:00,DOC,116.983189988927,not outlier,06:00:00,2024-06-03,2024-06-03 06:00:00,41.9167908614823
MOBEAST070,T14,Algae,Table 1,2024-06-03T06:00:00Z,2024-06-03,06:00:00,DOC,127.224058547795,not outlier,06:00:00,2024-06-03,2024-06-03 06:00:00,52.1576594203503
MOBEAST071,T15,Control,Table 1,2024-06-03T06:00:00Z,2024-06-03,06:00:00,DOC,153.117636773877,not outlier,06:00:00,2024-06-03,2024-06-03 06:00:00,78.0512376464323
MOBEAST072,T16,Coral,Table 1,2024-06-03T06:00:00Z,2024-06-03,06:00:00,DOC,91.2561299507939,not outlier,06:00:00,2024-06-03,2024-06-03 06:00:00,16.18973082334921
MOBEAST073,F1,Inflow,Table 1,2024-06-04T12:00:00Z,2024-06-04,12:00:00,DOC,89.3411707893795,not outlier,12:00:00,2024-06-04,2024-06-04 12:00:00,-1.1008702425522188
MOBEAST074,F2,Inflow,Table 2,2024-06-04T12:00:00Z,2024-06-04,12:00:00,DOC,92.1719799845138,not outlier,12:00:00,2024-06-04,2024-06-04 12:00:00,1.7299389525820743
MOBEAST075,T1,Algae,Table 1,2024-06-04T12:00:00Z,2024-06-04,12:00:00,DOC,97.3340438109352,not outlier,12:00:00,2024-06-04,2024-06-04 12:00:00,6.892002779003477
MOBEAST076,T2,CCA,Table 2,2024-06-04T12:00:00Z,2024-06-04,12:00:00,DOC,100.830925757866,not outlier,12:00:00,2024-06-04,2024-06-04 12:00:00,10.388884725934275
MOBEAST077,T3,Control,Table 2,2024-06-04T12:00:00Z,2024-06-04,12:00:00,DOC,87.0931752520669,not outlier,12:00:00,2024-06-04,2024-06-04 12:00:00,-3.3488657798648234
MOBEAST078,T4,Algae,Table 2,2024-06-04T12:00:00Z,2024-06-04,12:00:00,DOC,103.744994046975,not outlier,12:00:00,2024-06-04,2024-06-04 12:00:00,13.302953015043272
MOBEAST079,T5,CCA,Table 2,2024-06-04T12:00:00Z,2024-06-04,12:00:00,DOC,90.8398344809212,not outlier,12:00:00,2024-06-04,2024-06-04 12:00:00,0.397793448989475
MOBEAST080,T6,Coral,Table 2,2024-06-04T12:00:00Z,2024-06-04,12:00:00,DOC,95.8353801193935,not outlier,12:00:00,2024-06-04,2024-06-04 12:00:00,5.393339087461783
MOBEAST081,T7,Coral,Table 2,2024-06-04T12:00:00Z,2024-06-04,12:00:00,DOC,95.0860482736227,not outlier,12:00:00,2024-06-04,2024-06-04 12:00:00,4.6440072416909715
MOBEAST082,T8,Control,Table 1,2024-06-04T12:00:00Z,2024-06-04,12:00:00,DOC,94.9195300856736,not outlier,12:00:00,2024-06-04,2024-06-04 12:00:00,4.477489053741877
MOBEAST083,T9,Coral,Table 1,2024-06-04T12:00:00Z,2024-06-04,12:00:00,DOC,96.0851574013171,not outlier,12:00:00,2024-06-04,2024-06-04 12:00:00,5.643116369385382
MOBEAST084,T10,CCA,Table 1,2024-06-04T12:00:00Z,2024-06-04,12:00:00,DOC,93.0045709242592,not outlier,12:00:00,2024-06-04,2024-06-04 12:00:00,2.5625298923274755
MOBEAST085,T11,Control,Table 1,2024-06-04T12:00:00Z,2024-06-04,12:00:00,DOC,88.342061661685,not outlier,12:00:00,2024-06-04,2024-06-04 12:00:00,-2.0999793702467286
MOBEAST086,T12,CCA,Table 1,2024-06-04T12:00:00Z,2024-06-04,12:00:00,DOC,92.8380527363101,not outlier,12:00:00,2024-06-04,2024-06-04 12:00:00,2.396011704378381
MOBEAST087,T13,Algae,Table 1,2024-06-04T12:00:00Z,2024-06-04,12:00:00,DOC,120.396812841883,not outlier,12:00:00,2024-06-04,2024-06-04 12:00:00,29.954771809951282
MOBEAST088,T14,Algae,Table 1,2024-06-04T12:00:00Z,2024-06-04,12:00:00,DOC,104.494325892746,not outlier,12:00:00,2024-06-04,2024-06-04 12:00:00,14.052284860814282
MOBEAST089,T15,Control,Table 1,2024-06-04T12:00:00Z,2024-06-04,12:00:00,DOC,89.9239844472012,not outlier,12:00:00,2024-06-04,2024-06-04 12:00:00,-0.5180565847305161
MOBEAST090,T16,Coral,Table 1,2024-06-04T12:00:00Z,2024-06-04,12:00:00,DOC,93.0878300182338,not outlier,12:00:00,2024-06-04,2024-06-04 12:00:00,2.6457889863020796
MOBEAST091,F1,Inflow,Table 1,2024-06-06T12:00:00Z,2024-06-06,12:00:00,DOC,155.698668687087,not outlier,12:00:00,2024-06-06,2024-06-06 12:00:00,-3.4321248738396832
MOBEAST092,F2,Inflow,Table 2,2024-06-06T12:00:00Z,2024-06-06,12:00:00,DOC,164.524132648389,not outlier,12:00:00,2024-06-06,2024-06-06 12:00:00,5.393339087462323
MOBEAST093,T1,Algae,Table 1,2024-06-06T12:00:00Z,2024-06-06,12:00:00,DOC,167.85449640737,not outlier,12:00:00,2024-06-06,2024-06-06 12:00:00,8.723702846443302
MOBEAST094,T2,CCA,Table 2,2024-06-06T12:00:00Z,2024-06-06,12:00:00,DOC,212.148334401825,not outlier,12:00:00,2024-06-06,2024-06-06 12:00:00,53.017540840898306
MOBEAST095,T3,Control,Table 2,2024-06-06T12:00:00Z,2024-06-06,12:00:00,DOC,133.385231501911,not outlier,12:00:00,2024-06-06,2024-06-06 12:00:00,-25.745562059015697
MOBEAST096,T4,Algae,Table 2,2024-06-06T12:00:00Z,2024-06-06,12:00:00,DOC,155.865186875036,not outlier,12:00:00,2024-06-06,2024-06-06 12:00:00,-3.2656066858907025
MOBEAST097,T5,CCA,Table 2,2024-06-06T12:00:00Z,2024-06-06,12:00:00,DOC,203.322870440524,not outlier,12:00:00,2024-06-06,2024-06-06 12:00:00,44.19207687959732
MOBEAST098,T6,Coral,Table 2,2024-06-06T12:00:00Z,2024-06-06,12:00:00,DOC,154.866077747342,not outlier,12:00:00,2024-06-06,2024-06-06 12:00:00,-4.264715813584701
MOBEAST099,T7,Coral,Table 2,2024-06-06T12:00:00Z,2024-06-06,12:00:00,DOC,160.277918855687,not outlier,12:00:00,2024-06-06,2024-06-06 12:00:00,1.1471252947603148
MOBEAST100,T8,Control,Table 1,2024-06-06T12:00:00Z,2024-06-06,12:00:00,DOC,160.361177949662,not outlier,12:00:00,2024-06-06,2024-06-06 12:00:00,1.2303843887353025
MOBEAST101,T9,Coral,Table 1,2024-06-06T12:00:00Z,2024-06-06,12:00:00,DOC,169.436419192886,not outlier,12:00:00,2024-06-06,2024-06-06 12:00:00,10.305625631959316
MOBEAST102,T10,CCA,Table 1,2024-06-06T12:00:00Z,2024-06-06,12:00:00,DOC,147.872313853481,not outlier,12:00:00,2024-06-06,2024-06-06 12:00:00,-11.258479707445701
MOBEAST103,T11,Control,Table 1,2024-06-06T12:00:00Z,2024-06-06,12:00:00,DOC,166.522350903777,not outlier,12:00:00,2024-06-06,2024-06-06 12:00:00,7.391557342850319
MOBEAST104,T12,CCA,Table 1,2024-06-06T12:00:00Z,2024-06-06,12:00:00,DOC,146.873204725786,not outlier,12:00:00,2024-06-06,2024-06-06 12:00:00,-12.257588835140695
MOBEAST105,T13,Algae,Table 1,2024-06-06T12:00:00Z,2024-06-06,12:00:00,DOC,154.699559559393,not outlier,12:00:00,2024-06-06,2024-06-06 12:00:00,-4.4312340015336815
MOBEAST106,T14,Algae,Table 1,2024-06-06T12:00:00Z,2024-06-06,12:00:00,DOC,174.26544664341,not outlier,12:00:00,2024-06-06,2024-06-06 12:00:00,15.134653082483311
MOBEAST107,T15,Control,Table 1,2024-06-06T12:00:00Z,2024-06-06,12:00:00,DOC,155.115855029266,not outlier,12:00:00,2024-06-06,2024-06-06 12:00:00,-4.014938531660704
MOBEAST108,T16,Coral,Table 1,2024-06-06T12:00:00Z,2024-06-06,12:00:00,DOC,155.615409593113,not outlier,12:00:00,2024-06-06,2024-06-06 12:00:00,-3.5153839678137047
