tank_number,treatment,inflow_table,date_time,date,time,org,conc_ul,outlier,time_string,date_string,date_time_string,conc_norm
F1,Inflow,Table 1,2024-06-03T03:00:00Z,2024-06-03,03:00:00,het_bact,444.9833333,not outlier,03:00:00,2024-06-03,2024-06-03 03:00:00,-17.505764717647082
F1,Inflow,Table 1,2024-06-03T03:00:00Z,2024-06-03,03:00:00,pico_euk,0.5333333333,not outlier,03:00:00,2024-06-03,2024-06-03 03:00:00,0.07129629628333334
F1,Inflow,Table 1,2024-06-03T03:00:00Z,2024-06-03,03:00:00,syn,123.9666667,not outlier,03:00:00,2024-06-03,2024-06-03 03:00:00,0.10370371666667211
F2,Inflow,Table 2,2024-06-03T03:00:00Z,2024-06-03,03:00:00,het_bact,494.583,not outlier,03:00:00,2024-06-03,2024-06-03 03:00:00,32.09390198235292
F2,Inflow,Table 2,2024-06-03T03:00:00Z,2024-06-03,03:00:00,pico_euk,0.35,not outlier,03:00:00,2024-06-03,2024-06-03 03:00:00,-0.11203703701666667
F2,Inflow,Table 2,2024-06-03T03:00:00Z,2024-06-03,03:00:00,syn,123.7,not outlier,03:00:00,2024-06-03,2024-06-03 03:00:00,-0.1629629833333297
T1,Algae,Table 1,2024-06-03T03:00:00Z,2024-06-03,03:00:00,het_bact,463.478,not outlier,03:00:00,2024-06-03,2024-06-03 03:00:00,0.9889019823528997
T1,Algae,Table 1,2024-06-03T03:00:00Z,2024-06-03,03:00:00,pico_euk,0.216,not outlier,03:00:00,2024-06-03,2024-06-03 03:00:00,-0.24603703701666665
T1,Algae,Table 1,2024-06-03T03:00:00Z,2024-06-03,03:00:00,syn,111.614,not outlier,03:00:00,2024-06-03,2024-06-03 03:00:00,-12.248962983333328
T2,CCA,Table 2,2024-06-03T03:00:00Z,2024-06-03,03:00:00,pico_euk,0.067,not outlier,03:00:00,2024-06-03,2024-06-03 03:00:00,-0.39503703701666665
T2,CCA,Table 2,2024-06-03T03:00:00Z,2024-06-03,03:00:00,syn,63.933,not outlier,03:00:00,2024-06-03,2024-06-03 03:00:00,-59.92996298333333
T3,Control,Table 2,2024-06-03T03:00:00Z,2024-06-03,03:00:00,het_bact,376.057,not outlier,03:00:00,2024-06-03,2024-06-03 03:00:00,-86.43209801764709
T3,Control,Table 2,2024-06-03T03:00:00Z,2024-06-03,03:00:00,pico_euk,0.416,not outlier,03:00:00,2024-06-03,2024-06-03 03:00:00,-0.04603703701666667
T3,Control,Table 2,2024-06-03T03:00:00Z,2024-06-03,03:00:00,syn,104.409,not outlier,03:00:00,2024-06-03,2024-06-03 03:00:00,-19.453962983333327
T4,Algae,Table 2,2024-06-03T03:00:00Z,2024-06-03,03:00:00,het_bact,516.14,not outlier,03:00:00,2024-06-03,2024-06-03 03:00:00,53.65090198235288
T4,Algae,Table 2,2024-06-03T03:00:00Z,2024-06-03,03:00:00,pico_euk,0.3,not outlier,03:00:00,2024-06-03,2024-06-03 03:00:00,-0.16203703701666666
T4,Algae,Table 2,2024-06-03T03:00:00Z,2024-06-03,03:00:00,syn,111.398,not outlier,03:00:00,2024-06-03,2024-06-03 03:00:00,-12.464962983333336
T5,CCA,Table 2,2024-06-03T03:00:00Z,2024-06-03,03:00:00,het_bact,407.25,not outlier,03:00:00,2024-06-03,2024-06-03 03:00:00,-55.23909801764711
T5,CCA,Table 2,2024-06-03T03:00:00Z,2024-06-03,03:00:00,pico_euk,0.15,not outlier,03:00:00,2024-06-03,2024-06-03 03:00:00,-0.31203703701666663
T5,CCA,Table 2,2024-06-03T03:00:00Z,2024-06-03,03:00:00,syn,94.417,not outlier,03:00:00,2024-06-03,2024-06-03 03:00:00,-29.44596298333333
T6,Coral,Table 2,2024-06-03T03:00:00Z,2024-06-03,03:00:00,het_bact,379.033,not outlier,03:00:00,2024-06-03,2024-06-03 03:00:00,-83.4560980176471
T6,Coral,Table 2,2024-06-03T03:00:00Z,2024-06-03,03:00:00,pico_euk,0.3,not outlier,03:00:00,2024-06-03,2024-06-03 03:00:00,-0.16203703701666666
T6,Coral,Table 2,2024-06-03T03:00:00Z,2024-06-03,03:00:00,syn,84.717,not outlier,03:00:00,2024-06-03,2024-06-03 03:00:00,-39.145962983333334
T7,Coral,Table 2,2024-06-03T03:00:00Z,2024-06-03,03:00:00,het_bact,496.273,not outlier,03:00:00,2024-06-03,2024-06-03 03:00:00,33.783901982352916
T7,Coral,Table 2,2024-06-03T03:00:00Z,2024-06-03,03:00:00,pico_euk,0.3,not outlier,03:00:00,2024-06-03,2024-06-03 03:00:00,-0.16203703701666666
T7,Coral,Table 2,2024-06-03T03:00:00Z,2024-06-03,03:00:00,syn,121.248,not outlier,03:00:00,2024-06-03,2024-06-03 03:00:00,-2.614962983333328
T8,Control,Table 1,2024-06-03T03:00:00Z,2024-06-03,03:00:00,het_bact,447.617,not outlier,03:00:00,2024-06-03,2024-06-03 03:00:00,-14.87209801764709
T8,Control,Table 1,2024-06-03T03:00:00Z,2024-06-03,03:00:00,pico_euk,0.317,not outlier,03:00:00,2024-06-03,2024-06-03 03:00:00,-0.14503703701666665
T8,Control,Table 1,2024-06-03T03:00:00Z,2024-06-03,03:00:00,syn,119.383,not outlier,03:00:00,2024-06-03,2024-06-03 03:00:00,-4.479962983333337
T9,Coral,Table 1,2024-06-03T03:00:00Z,2024-06-03,03:00:00,het_bact,463.211,not outlier,03:00:00,2024-06-03,2024-06-03 03:00:00,0.7219019823529038
T9,Coral,Table 1,2024-06-03T03:00:00Z,2024-06-03,03:00:00,pico_euk,0.383,not outlier,03:00:00,2024-06-03,2024-06-03 03:00:00,-0.07903703701666664
T9,Coral,Table 1,2024-06-03T03:00:00Z,2024-06-03,03:00:00,syn,118.469,not outlier,03:00:00,2024-06-03,2024-06-03 03:00:00,-5.3939629833333385
T10,CCA,Table 1,2024-06-03T03:00:00Z,2024-06-03,03:00:00,het_bact,403,not outlier,03:00:00,2024-06-03,2024-06-03 03:00:00,-59.48909801764711
T10,CCA,Table 1,2024-06-03T03:00:00Z,2024-06-03,03:00:00,pico_euk,0.233,not outlier,03:00:00,2024-06-03,2024-06-03 03:00:00,-0.22903703701666664
T10,CCA,Table 1,2024-06-03T03:00:00Z,2024-06-03,03:00:00,syn,102.317,not outlier,03:00:00,2024-06-03,2024-06-03 03:00:00,-21.54596298333334
T11,Control,Table 1,2024-06-03T03:00:00Z,2024-06-03,03:00:00,het_bact,483.783,not outlier,03:00:00,2024-06-03,2024-06-03 03:00:00,21.293901982352907
T11,Control,Table 1,2024-06-03T03:00:00Z,2024-06-03,03:00:00,pico_euk,0.333,not outlier,03:00:00,2024-06-03,2024-06-03 03:00:00,-0.12903703701666663
T11,Control,Table 1,2024-06-03T03:00:00Z,2024-06-03,03:00:00,syn,125.7,not outlier,03:00:00,2024-06-03,2024-06-03 03:00:00,1.8370370166666703
T12,CCA,Table 1,2024-06-03T03:00:00Z,2024-06-03,03:00:00,het_bact,410.017,not outlier,03:00:00,2024-06-03,2024-06-03 03:00:00,-52.47209801764711
T12,CCA,Table 1,2024-06-03T03:00:00Z,2024-06-03,03:00:00,pico_euk,0.283,not outlier,03:00:00,2024-06-03,2024-06-03 03:00:00,-0.17903703701666668
T12,CCA,Table 1,2024-06-03T03:00:00Z,2024-06-03,03:00:00,syn,103.417,not outlier,03:00:00,2024-06-03,2024-06-03 03:00:00,-20.44596298333333
T13,Algae,Table 1,2024-06-03T03:00:00Z,2024-06-03,03:00:00,het_bact,629.333,not outlier,03:00:00,2024-06-03,2024-06-03 03:00:00,166.84390198235286
T13,Algae,Table 1,2024-06-03T03:00:00Z,2024-06-03,03:00:00,pico_euk,0.15,not outlier,03:00:00,2024-06-03,2024-06-03 03:00:00,-0.31203703701666663
T13,Algae,Table 1,2024-06-03T03:00:00Z,2024-06-03,03:00:00,syn,111.033,not outlier,03:00:00,2024-06-03,2024-06-03 03:00:00,-12.829962983333331
T14,Algae,Table 1,2024-06-03T03:00:00Z,2024-06-03,03:00:00,het_bact,502.4,not outlier,03:00:00,2024-06-03,2024-06-03 03:00:00,39.91090198235287
T14,Algae,Table 1,2024-06-03T03:00:00Z,2024-06-03,03:00:00,pico_euk,0.217,not outlier,03:00:00,2024-06-03,2024-06-03 03:00:00,-0.24503703701666665
T14,Algae,Table 1,2024-06-03T03:00:00Z,2024-06-03,03:00:00,syn,88.617,not outlier,03:00:00,2024-06-03,2024-06-03 03:00:00,-35.24596298333333
T15,Control,Table 1,2024-06-03T03:00:00Z,2024-06-03,03:00:00,het_bact,483.627,not outlier,03:00:00,2024-06-03,2024-06-03 03:00:00,21.1379019823529
T15,Control,Table 1,2024-06-03T03:00:00Z,2024-06-03,03:00:00,pico_euk,0.2,not outlier,03:00:00,2024-06-03,2024-06-03 03:00:00,-0.26203703701666664
T15,Control,Table 1,2024-06-03T03:00:00Z,2024-06-03,03:00:00,syn,127.304,not outlier,03:00:00,2024-06-03,2024-06-03 03:00:00,3.4410370166666695
T16,Coral,Table 1,2024-06-03T03:00:00Z,2024-06-03,03:00:00,het_bact,433.867,not outlier,03:00:00,2024-06-03,2024-06-03 03:00:00,-28.62209801764709
T16,Coral,Table 1,2024-06-03T03:00:00Z,2024-06-03,03:00:00,pico_euk,0.217,not outlier,03:00:00,2024-06-03,2024-06-03 03:00:00,-0.24503703701666665
T16,Coral,Table 1,2024-06-03T03:00:00Z,2024-06-03,03:00:00,syn,105.633,not outlier,03:00:00,2024-06-03,2024-06-03 03:00:00,-18.229962983333337
F1,Inflow,Table 1,2024-06-03T06:00:00Z,2024-06-03,06:00:00,het_bact,453.91,not outlier,06:00:00,2024-06-03,2024-06-03 06:00:00,-10.087777777777774
F1,Inflow,Table 1,2024-06-03T06:00:00Z,2024-06-03,06:00:00,pico_euk,0.2,not outlier,06:00:00,2024-06-03,2024-06-03 06:00:00,-0.032277777777777766
F1,Inflow,Table 1,2024-06-03T06:00:00Z,2024-06-03,06:00:00,syn,100.948,not outlier,06:00:00,2024-06-03,2024-06-03 06:00:00,-1.536888888888896
F2,Inflow,Table 2,2024-06-03T06:00:00Z,2024-06-03,06:00:00,het_bact,479.85,not outlier,06:00:00,2024-06-03,2024-06-03 06:00:00,15.852222222222224
F2,Inflow,Table 2,2024-06-03T06:00:00Z,2024-06-03,06:00:00,pico_euk,0.283,not outlier,06:00:00,2024-06-03,2024-06-03 06:00:00,0.050722222222222196
F2,Inflow,Table 2,2024-06-03T06:00:00Z,2024-06-03,06:00:00,syn,104.9,not outlier,06:00:00,2024-06-03,2024-06-03 06:00:00,2.4151111111111163
T1,Algae,Table 1,2024-06-03T06:00:00Z,2024-06-03,06:00:00,het_bact,463.245,not outlier,06:00:00,2024-06-03,2024-06-03 06:00:00,-0.7527777777777942
T1,Algae,Table 1,2024-06-03T06:00:00Z,2024-06-03,06:00:00,pico_euk,0.216,not outlier,06:00:00,2024-06-03,2024-06-03 06:00:00,-0.01627777777777778
T1,Algae,Table 1,2024-06-03T06:00:00Z,2024-06-03,06:00:00,syn,84.359,not outlier,06:00:00,2024-06-03,2024-06-03 06:00:00,-18.125888888888895
T2,CCA,Table 2,2024-06-03T06:00:00Z,2024-06-03,06:00:00,het_bact,397.717,not outlier,06:00:00,2024-06-03,2024-06-03 06:00:00,-66.28077777777781
T2,CCA,Table 2,2024-06-03T06:00:00Z,2024-06-03,06:00:00,pico_euk,0.217,not outlier,06:00:00,2024-06-03,2024-06-03 06:00:00,-0.015277777777777779
T2,CCA,Table 2,2024-06-03T06:00:00Z,2024-06-03,06:00:00,syn,62.467,not outlier,06:00:00,2024-06-03,2024-06-03 06:00:00,-40.01788888888889
T3,Control,Table 2,2024-06-03T06:00:00Z,2024-06-03,06:00:00,het_bact,472.047,not outlier,06:00:00,2024-06-03,2024-06-03 06:00:00,8.049222222222227
T3,Control,Table 2,2024-06-03T06:00:00Z,2024-06-03,06:00:00,pico_euk,0.283,not outlier,06:00:00,2024-06-03,2024-06-03 06:00:00,0.050722222222222196
T3,Control,Table 2,2024-06-03T06:00:00Z,2024-06-03,06:00:00,syn,105.042,not outlier,06:00:00,2024-06-03,2024-06-03 06:00:00,2.5571111111111122
T4,Algae,Table 2,2024-06-03T06:00:00Z,2024-06-03,06:00:00,het_bact,650.333,not outlier,06:00:00,2024-06-03,2024-06-03 06:00:00,186.33522222222217
T4,Algae,Table 2,2024-06-03T06:00:00Z,2024-06-03,06:00:00,pico_euk,0.416,not outlier,06:00:00,2024-06-03,2024-06-03 06:00:00,0.1837222222222222
T4,Algae,Table 2,2024-06-03T06:00:00Z,2024-06-03,06:00:00,syn,99.101,not outlier,06:00:00,2024-06-03,2024-06-03 06:00:00,-3.3838888888888903
T6,Coral,Table 2,2024-06-03T06:00:00Z,2024-06-03,06:00:00,het_bact,384.75,not outlier,06:00:00,2024-06-03,2024-06-03 06:00:00,-79.2477777777778
T6,Coral,Table 2,2024-06-03T06:00:00Z,2024-06-03,06:00:00,pico_euk,0.35,not outlier,06:00:00,2024-06-03,2024-06-03 06:00:00,0.1177222222222222
T6,Coral,Table 2,2024-06-03T06:00:00Z,2024-06-03,06:00:00,syn,76.117,not outlier,06:00:00,2024-06-03,2024-06-03 06:00:00,-26.367888888888885
T7,Coral,Table 2,2024-06-03T06:00:00Z,2024-06-03,06:00:00,het_bact,507.45,not outlier,06:00:00,2024-06-03,2024-06-03 06:00:00,43.45222222222219
T7,Coral,Table 2,2024-06-03T06:00:00Z,2024-06-03,06:00:00,pico_euk,0.25,not outlier,06:00:00,2024-06-03,2024-06-03 06:00:00,0.017722222222222223
T7,Coral,Table 2,2024-06-03T06:00:00Z,2024-06-03,06:00:00,syn,100.533,not outlier,06:00:00,2024-06-03,2024-06-03 06:00:00,-1.9518888888888881
T8,Control,Table 1,2024-06-03T06:00:00Z,2024-06-03,06:00:00,het_bact,481.583,not outlier,06:00:00,2024-06-03,2024-06-03 06:00:00,17.585222222222228
T8,Control,Table 1,2024-06-03T06:00:00Z,2024-06-03,06:00:00,pico_euk,0.2,not outlier,06:00:00,2024-06-03,2024-06-03 06:00:00,-0.032277777777777766
T8,Control,Table 1,2024-06-03T06:00:00Z,2024-06-03,06:00:00,syn,105.617,not outlier,06:00:00,2024-06-03,2024-06-03 06:00:00,3.132111111111115
T9,Coral,Table 1,2024-06-03T06:00:00Z,2024-06-03,06:00:00,het_bact,455.8,not outlier,06:00:00,2024-06-03,2024-06-03 06:00:00,-8.197777777777787
T9,Coral,Table 1,2024-06-03T06:00:00Z,2024-06-03,06:00:00,pico_euk,0.45,not outlier,06:00:00,2024-06-03,2024-06-03 06:00:00,0.21772222222222223
T9,Coral,Table 1,2024-06-03T06:00:00Z,2024-06-03,06:00:00,syn,99.25,not outlier,06:00:00,2024-06-03,2024-06-03 06:00:00,-3.2348888888888894
T10,CCA,Table 1,2024-06-03T06:00:00Z,2024-06-03,06:00:00,het_bact,420.85,not outlier,06:00:00,2024-06-03,2024-06-03 06:00:00,-43.147777777777776
T10,CCA,Table 1,2024-06-03T06:00:00Z,2024-06-03,06:00:00,pico_euk,0.25,not outlier,06:00:00,2024-06-03,2024-06-03 06:00:00,0.017722222222222223
T10,CCA,Table 1,2024-06-03T06:00:00Z,2024-06-03,06:00:00,syn,88.9,not outlier,06:00:00,2024-06-03,2024-06-03 06:00:00,-13.584888888888884
T11,Control,Table 1,2024-06-03T06:00:00Z,2024-06-03,06:00:00,het_bact,542.978,not outlier,06:00:00,2024-06-03,2024-06-03 06:00:00,78.98022222222215
T11,Control,Table 1,2024-06-03T06:00:00Z,2024-06-03,06:00:00,pico_euk,0.366,not outlier,06:00:00,2024-06-03,2024-06-03 06:00:00,0.13372222222222221
T11,Control,Table 1,2024-06-03T06:00:00Z,2024-06-03,06:00:00,syn,113.71,not outlier,06:00:00,2024-06-03,2024-06-03 06:00:00,11.225111111111104
T12,CCA,Table 1,2024-06-03T06:00:00Z,2024-06-03,06:00:00,het_bact,453.178,not outlier,06:00:00,2024-06-03,2024-06-03 06:00:00,-10.819777777777801
T12,CCA,Table 1,2024-06-03T06:00:00Z,2024-06-03,06:00:00,pico_euk,0.266,not outlier,06:00:00,2024-06-03,2024-06-03 06:00:00,0.03372222222222224
T12,CCA,Table 1,2024-06-03T06:00:00Z,2024-06-03,06:00:00,syn,92.113,not outlier,06:00:00,2024-06-03,2024-06-03 06:00:00,-10.37188888888889
T13,Algae,Table 1,2024-06-03T06:00:00Z,2024-06-03,06:00:00,het_bact,617.1,not outlier,06:00:00,2024-06-03,2024-06-03 06:00:00,153.10222222222222
T13,Algae,Table 1,2024-06-03T06:00:00Z,2024-06-03,06:00:00,pico_euk,0.283,not outlier,06:00:00,2024-06-03,2024-06-03 06:00:00,0.050722222222222196
T13,Algae,Table 1,2024-06-03T06:00:00Z,2024-06-03,06:00:00,syn,94.283,not outlier,06:00:00,2024-06-03,2024-06-03 06:00:00,-8.201888888888888
T14,Algae,Table 1,2024-06-03T06:00:00Z,2024-06-03,06:00:00,het_bact,530.933,not outlier,06:00:00,2024-06-03,2024-06-03 06:00:00,66.9352222222222
T14,Algae,Table 1,2024-06-03T06:00:00Z,2024-06-03,06:00:00,pico_euk,0.1,not outlier,06:00:00,2024-06-03,2024-06-03 06:00:00,-0.13227777777777777
T14,Algae,Table 1,2024-06-03T06:00:00Z,2024-06-03,06:00:00,syn,81.2,not outlier,06:00:00,2024-06-03,2024-06-03 06:00:00,-21.284888888888887
T15,Control,Table 1,2024-06-03T06:00:00Z,2024-06-03,06:00:00,het_bact,472.23,not outlier,06:00:00,2024-06-03,2024-06-03 06:00:00,8.23222222222222
T15,Control,Table 1,2024-06-03T06:00:00Z,2024-06-03,06:00:00,pico_euk,0.266,not outlier,06:00:00,2024-06-03,2024-06-03 06:00:00,0.03372222222222224
T15,Control,Table 1,2024-06-03T06:00:00Z,2024-06-03,06:00:00,syn,106.722,not outlier,06:00:00,2024-06-03,2024-06-03 06:00:00,4.237111111111105
T16,Coral,Table 1,2024-06-03T06:00:00Z,2024-06-03,06:00:00,het_bact,472.117,not outlier,06:00:00,2024-06-03,2024-06-03 06:00:00,8.11922222222222
T16,Coral,Table 1,2024-06-03T06:00:00Z,2024-06-03,06:00:00,pico_euk,0.383,not outlier,06:00:00,2024-06-03,2024-06-03 06:00:00,0.15072222222222223
T16,Coral,Table 1,2024-06-03T06:00:00Z,2024-06-03,06:00:00,syn,96.833,not outlier,06:00:00,2024-06-03,2024-06-03 06:00:00,-5.651888888888891
T5,CCA,Table 2,2024-06-03T06:00:00Z,2024-06-03,06:00:00,het_bact,439.601,not outlier,06:00:00,2024-06-03,2024-06-03 06:00:00,-24.3967777777778
T5,CCA,Table 2,2024-06-03T06:00:00Z,2024-06-03,06:00:00,pico_euk,0.166,not outlier,06:00:00,2024-06-03,2024-06-03 06:00:00,-0.06627777777777777
T5,CCA,Table 2,2024-06-03T06:00:00Z,2024-06-03,06:00:00,syn,80.715,not outlier,06:00:00,2024-06-03,2024-06-03 06:00:00,-21.769888888888886
F1,Inflow,Table 1,2024-06-02T12:00:00Z,2024-06-02,12:00:00,het_bact,522.15,not outlier,12:00:00,2024-06-02,2024-06-02 12:00:00,-4.884533333333366
F1,Inflow,Table 1,2024-06-02T12:00:00Z,2024-06-02,12:00:00,syn,119.15,not outlier,12:00:00,2024-06-02,2024-06-02 12:00:00,0.23333333333333428
F2,Inflow,Table 2,2024-06-02T12:00:00Z,2024-06-02,12:00:00,het_bact,540.467,not outlier,12:00:00,2024-06-02,2024-06-02 12:00:00,13.432466666666642
F2,Inflow,Table 2,2024-06-02T12:00:00Z,2024-06-02,12:00:00,pico_euk,4.067,not outlier,12:00:00,2024-06-02,2024-06-02 12:00:00,-1.1370588235294115
F2,Inflow,Table 2,2024-06-02T12:00:00Z,2024-06-02,12:00:00,syn,118.55,not outlier,12:00:00,2024-06-02,2024-06-02 12:00:00,-0.36666666666667425
T1,Algae,Table 1,2024-06-02T12:00:00Z,2024-06-02,12:00:00,het_bact,737.033,not outlier,12:00:00,2024-06-02,2024-06-02 12:00:00,209.99846666666667
T1,Algae,Table 1,2024-06-02T12:00:00Z,2024-06-02,12:00:00,pico_euk,2.4,not outlier,12:00:00,2024-06-02,2024-06-02 12:00:00,-2.8040588235294117
T1,Algae,Table 1,2024-06-02T12:00:00Z,2024-06-02,12:00:00,syn,59.6,not outlier,12:00:00,2024-06-02,2024-06-02 12:00:00,-59.31666666666667
T2,CCA,Table 2,2024-06-02T12:00:00Z,2024-06-02,12:00:00,het_bact,347.82,not outlier,12:00:00,2024-06-02,2024-06-02 12:00:00,-179.21453333333335
T2,CCA,Table 2,2024-06-02T12:00:00Z,2024-06-02,12:00:00,pico_euk,1.498,not outlier,12:00:00,2024-06-02,2024-06-02 12:00:00,-3.7060588235294114
T2,CCA,Table 2,2024-06-02T12:00:00Z,2024-06-02,12:00:00,syn,44.592,not outlier,12:00:00,2024-06-02,2024-06-02 12:00:00,-74.32466666666667
T3,Control,Table 2,2024-06-02T12:00:00Z,2024-06-02,12:00:00,pico_euk,2.962,not outlier,12:00:00,2024-06-02,2024-06-02 12:00:00,-2.2420588235294114
T3,Control,Table 2,2024-06-02T12:00:00Z,2024-06-02,12:00:00,syn,112.729,not outlier,12:00:00,2024-06-02,2024-06-02 12:00:00,-6.187666666666672
T4,Algae,Table 2,2024-06-02T12:00:00Z,2024-06-02,12:00:00,pico_euk,4.583,not outlier,12:00:00,2024-06-02,2024-06-02 12:00:00,-0.6210588235294114
T4,Algae,Table 2,2024-06-02T12:00:00Z,2024-06-02,12:00:00,syn,85.15,not outlier,12:00:00,2024-06-02,2024-06-02 12:00:00,-33.766666666666666
T5,CCA,Table 2,2024-06-02T12:00:00Z,2024-06-02,12:00:00,het_bact,474.867,not outlier,12:00:00,2024-06-02,2024-06-02 12:00:00,-52.167533333333324
T5,CCA,Table 2,2024-06-02T12:00:00Z,2024-06-02,12:00:00,pico_euk,1.9,not outlier,12:00:00,2024-06-02,2024-06-02 12:00:00,-3.3040588235294117
T5,CCA,Table 2,2024-06-02T12:00:00Z,2024-06-02,12:00:00,syn,87.367,not outlier,12:00:00,2024-06-02,2024-06-02 12:00:00,-31.549666666666667
T6,Coral,Table 2,2024-06-02T12:00:00Z,2024-06-02,12:00:00,het_bact,470.733,not outlier,12:00:00,2024-06-02,2024-06-02 12:00:00,-56.30153333333334
T6,Coral,Table 2,2024-06-02T12:00:00Z,2024-06-02,12:00:00,pico_euk,3.317,not outlier,12:00:00,2024-06-02,2024-06-02 12:00:00,-1.8870588235294115
T6,Coral,Table 2,2024-06-02T12:00:00Z,2024-06-02,12:00:00,syn,81.917,not outlier,12:00:00,2024-06-02,2024-06-02 12:00:00,-36.99966666666667
T7,Coral,Table 2,2024-06-02T12:00:00Z,2024-06-02,12:00:00,pico_euk,4.217,not outlier,12:00:00,2024-06-02,2024-06-02 12:00:00,-0.987058823529412
T7,Coral,Table 2,2024-06-02T12:00:00Z,2024-06-02,12:00:00,syn,116.417,not outlier,12:00:00,2024-06-02,2024-06-02 12:00:00,-2.49966666666667
T8,Control,Table 1,2024-06-02T12:00:00Z,2024-06-02,12:00:00,het_bact,514.583,not outlier,12:00:00,2024-06-02,2024-06-02 12:00:00,-12.451533333333373
T8,Control,Table 1,2024-06-02T12:00:00Z,2024-06-02,12:00:00,pico_euk,2.7,not outlier,12:00:00,2024-06-02,2024-06-02 12:00:00,-2.5040588235294114
T8,Control,Table 1,2024-06-02T12:00:00Z,2024-06-02,12:00:00,syn,115.2,not outlier,12:00:00,2024-06-02,2024-06-02 12:00:00,-3.7166666666666686
T9,Coral,Table 1,2024-06-02T12:00:00Z,2024-06-02,12:00:00,het_bact,524.617,not outlier,12:00:00,2024-06-02,2024-06-02 12:00:00,-2.417533333333381
T9,Coral,Table 1,2024-06-02T12:00:00Z,2024-06-02,12:00:00,pico_euk,3.117,not outlier,12:00:00,2024-06-02,2024-06-02 12:00:00,-2.0870588235294116
T9,Coral,Table 1,2024-06-02T12:00:00Z,2024-06-02,12:00:00,syn,119.467,not outlier,12:00:00,2024-06-02,2024-06-02 12:00:00,0.5503333333333273
T10,CCA,Table 1,2024-06-02T12:00:00Z,2024-06-02,12:00:00,het_bact,403.65,not outlier,12:00:00,2024-06-02,2024-06-02 12:00:00,-123.38453333333337
T10,CCA,Table 1,2024-06-02T12:00:00Z,2024-06-02,12:00:00,pico_euk,2.8,not outlier,12:00:00,2024-06-02,2024-06-02 12:00:00,-2.404058823529412
T10,CCA,Table 1,2024-06-02T12:00:00Z,2024-06-02,12:00:00,syn,31.933,not outlier,12:00:00,2024-06-02,2024-06-02 12:00:00,-86.98366666666666
T11,Control,Table 1,2024-06-02T12:00:00Z,2024-06-02,12:00:00,het_bact,552.533,not outlier,12:00:00,2024-06-02,2024-06-02 12:00:00,25.498466666666673
T11,Control,Table 1,2024-06-02T12:00:00Z,2024-06-02,12:00:00,pico_euk,2.433,not outlier,12:00:00,2024-06-02,2024-06-02 12:00:00,-2.771058823529412
T11,Control,Table 1,2024-06-02T12:00:00Z,2024-06-02,12:00:00,syn,121.383,not outlier,12:00:00,2024-06-02,2024-06-02 12:00:00,2.466333333333324
T12,CCA,Table 1,2024-06-02T12:00:00Z,2024-06-02,12:00:00,het_bact,362,not outlier,12:00:00,2024-06-02,2024-06-02 12:00:00,-165.03453333333334
T12,CCA,Table 1,2024-06-02T12:00:00Z,2024-06-02,12:00:00,pico_euk,2.417,not outlier,12:00:00,2024-06-02,2024-06-02 12:00:00,-2.787058823529412
T12,CCA,Table 1,2024-06-02T12:00:00Z,2024-06-02,12:00:00,syn,43.067,not outlier,12:00:00,2024-06-02,2024-06-02 12:00:00,-75.84966666666668
T14,Algae,Table 1,2024-06-02T12:00:00Z,2024-06-02,12:00:00,het_bact,566.167,not outlier,12:00:00,2024-06-02,2024-06-02 12:00:00,39.13246666666669
T14,Algae,Table 1,2024-06-02T12:00:00Z,2024-06-02,12:00:00,pico_euk,2.583,not outlier,12:00:00,2024-06-02,2024-06-02 12:00:00,-2.6210588235294114
T14,Algae,Table 1,2024-06-02T12:00:00Z,2024-06-02,12:00:00,syn,94.783,not outlier,12:00:00,2024-06-02,2024-06-02 12:00:00,-24.13366666666667
T15,Control,Table 1,2024-06-02T12:00:00Z,2024-06-02,12:00:00,het_bact,557.504,not outlier,12:00:00,2024-06-02,2024-06-02 12:00:00,30.469466666666676
T15,Control,Table 1,2024-06-02T12:00:00Z,2024-06-02,12:00:00,pico_euk,3.577,not outlier,12:00:00,2024-06-02,2024-06-02 12:00:00,-1.6270588235294117
T15,Control,Table 1,2024-06-02T12:00:00Z,2024-06-02,12:00:00,syn,116.639,not outlier,12:00:00,2024-06-02,2024-06-02 12:00:00,-2.2776666666666756
T16,Coral,Table 1,2024-06-02T12:00:00Z,2024-06-02,12:00:00,het_bact,347.121,not outlier,12:00:00,2024-06-02,2024-06-02 12:00:00,-179.91353333333336
T16,Coral,Table 1,2024-06-02T12:00:00Z,2024-06-02,12:00:00,pico_euk,2.047,not outlier,12:00:00,2024-06-02,2024-06-02 12:00:00,-3.1570588235294115
T16,Coral,Table 1,2024-06-02T12:00:00Z,2024-06-02,12:00:00,syn,75.391,not outlier,12:00:00,2024-06-02,2024-06-02 12:00:00,-43.525666666666666
F1,Inflow,Table 1,2024-06-04T12:00:00Z,2024-06-04,12:00:00,het_bact,426.15,not outlier,12:00:00,2024-06-04,2024-06-04 12:00:00,-13.087117647058847
F1,Inflow,Table 1,2024-06-04T12:00:00Z,2024-06-04,12:00:00,pico_euk,1.583,not outlier,12:00:00,2024-06-04,2024-06-04 12:00:00,-0.15555555555555567
F1,Inflow,Table 1,2024-06-04T12:00:00Z,2024-06-04,12:00:00,syn,31.517,not outlier,12:00:00,2024-06-04,2024-06-04 12:00:00,-0.23955555555555819
F2,Inflow,Table 2,2024-06-04T12:00:00Z,2024-06-04,12:00:00,het_bact,457.933,not outlier,12:00:00,2024-06-04,2024-06-04 12:00:00,18.69588235294117
F2,Inflow,Table 2,2024-06-04T12:00:00Z,2024-06-04,12:00:00,pico_euk,1.983,not outlier,12:00:00,2024-06-04,2024-06-04 12:00:00,0.24444444444444446
F2,Inflow,Table 2,2024-06-04T12:00:00Z,2024-06-04,12:00:00,syn,32.133,not outlier,12:00:00,2024-06-04,2024-06-04 12:00:00,0.376444444444445
T1,Algae,Table 1,2024-06-04T12:00:00Z,2024-06-04,12:00:00,het_bact,501.4,not outlier,12:00:00,2024-06-04,2024-06-04 12:00:00,62.16288235294115
T1,Algae,Table 1,2024-06-04T12:00:00Z,2024-06-04,12:00:00,pico_euk,1.75,not outlier,12:00:00,2024-06-04,2024-06-04 12:00:00,0.011444444444444368
T1,Algae,Table 1,2024-06-04T12:00:00Z,2024-06-04,12:00:00,syn,28.683,not outlier,12:00:00,2024-06-04,2024-06-04 12:00:00,-3.073555555555558
T2,CCA,Table 2,2024-06-04T12:00:00Z,2024-06-04,12:00:00,het_bact,425.225,not outlier,12:00:00,2024-06-04,2024-06-04 12:00:00,-14.012117647058801
T2,CCA,Table 2,2024-06-04T12:00:00Z,2024-06-04,12:00:00,pico_euk,1.181,not outlier,12:00:00,2024-06-04,2024-06-04 12:00:00,-0.5575555555555556
T2,CCA,Table 2,2024-06-04T12:00:00Z,2024-06-04,12:00:00,syn,21.082,not outlier,12:00:00,2024-06-04,2024-06-04 12:00:00,-10.674555555555557
T3,Control,Table 2,2024-06-04T12:00:00Z,2024-06-04,12:00:00,het_bact,496.733,not outlier,12:00:00,2024-06-04,2024-06-04 12:00:00,57.49588235294118
T3,Control,Table 2,2024-06-04T12:00:00Z,2024-06-04,12:00:00,pico_euk,1.783,not outlier,12:00:00,2024-06-04,2024-06-04 12:00:00,0.04444444444444429
T3,Control,Table 2,2024-06-04T12:00:00Z,2024-06-04,12:00:00,syn,33.117,not outlier,12:00:00,2024-06-04,2024-06-04 12:00:00,1.3604444444444397
T4,Algae,Table 2,2024-06-04T12:00:00Z,2024-06-04,12:00:00,het_bact,579.733,not outlier,12:00:00,2024-06-04,2024-06-04 12:00:00,140.49588235294112
T4,Algae,Table 2,2024-06-04T12:00:00Z,2024-06-04,12:00:00,pico_euk,1.367,not outlier,12:00:00,2024-06-04,2024-06-04 12:00:00,-0.37155555555555564
T4,Algae,Table 2,2024-06-04T12:00:00Z,2024-06-04,12:00:00,syn,28.617,not outlier,12:00:00,2024-06-04,2024-06-04 12:00:00,-3.1395555555555568
T5,CCA,Table 2,2024-06-04T12:00:00Z,2024-06-04,12:00:00,het_bact,391.797,not outlier,12:00:00,2024-06-04,2024-06-04 12:00:00,-47.4401176470588
T5,CCA,Table 2,2024-06-04T12:00:00Z,2024-06-04,12:00:00,pico_euk,1.181,not outlier,12:00:00,2024-06-04,2024-06-04 12:00:00,-0.5575555555555556
T5,CCA,Table 2,2024-06-04T12:00:00Z,2024-06-04,12:00:00,syn,23.544,not outlier,12:00:00,2024-06-04,2024-06-04 12:00:00,-8.212555555555557
T6,Coral,Table 2,2024-06-04T12:00:00Z,2024-06-04,12:00:00,het_bact,349,not outlier,12:00:00,2024-06-04,2024-06-04 12:00:00,-90.23711764705882
T6,Coral,Table 2,2024-06-04T12:00:00Z,2024-06-04,12:00:00,pico_euk,0.8,not outlier,12:00:00,2024-06-04,2024-06-04 12:00:00,-0.9385555555555556
T6,Coral,Table 2,2024-06-04T12:00:00Z,2024-06-04,12:00:00,syn,22.367,not outlier,12:00:00,2024-06-04,2024-06-04 12:00:00,-9.389555555555557
T7,Coral,Table 2,2024-06-04T12:00:00Z,2024-06-04,12:00:00,het_bact,451.414,not outlier,12:00:00,2024-06-04,2024-06-04 12:00:00,12.176882352941163
T7,Coral,Table 2,2024-06-04T12:00:00Z,2024-06-04,12:00:00,pico_euk,1.431,not outlier,12:00:00,2024-06-04,2024-06-04 12:00:00,-0.3075555555555556
T7,Coral,Table 2,2024-06-04T12:00:00Z,2024-06-04,12:00:00,syn,30.882,not outlier,12:00:00,2024-06-04,2024-06-04 12:00:00,-0.8745555555555562
T8,Control,Table 1,2024-06-04T12:00:00Z,2024-06-04,12:00:00,het_bact,413.394,not outlier,12:00:00,2024-06-04,2024-06-04 12:00:00,-25.84311764705882
T8,Control,Table 1,2024-06-04T12:00:00Z,2024-06-04,12:00:00,pico_euk,1.797,not outlier,12:00:00,2024-06-04,2024-06-04 12:00:00,0.0584444444444443
T8,Control,Table 1,2024-06-04T12:00:00Z,2024-06-04,12:00:00,syn,32.329,not outlier,12:00:00,2024-06-04,2024-06-04 12:00:00,0.572444444444443
T9,Coral,Table 1,2024-06-04T12:00:00Z,2024-06-04,12:00:00,het_bact,413.333,not outlier,12:00:00,2024-06-04,2024-06-04 12:00:00,-25.904117647058797
T9,Coral,Table 1,2024-06-04T12:00:00Z,2024-06-04,12:00:00,pico_euk,1.35,not outlier,12:00:00,2024-06-04,2024-06-04 12:00:00,-0.38855555555555554
T9,Coral,Table 1,2024-06-04T12:00:00Z,2024-06-04,12:00:00,syn,30.183,not outlier,12:00:00,2024-06-04,2024-06-04 12:00:00,-1.5735555555555578
T10,CCA,Table 1,2024-06-04T12:00:00Z,2024-06-04,12:00:00,het_bact,408.567,not outlier,12:00:00,2024-06-04,2024-06-04 12:00:00,-30.670117647058817
T10,CCA,Table 1,2024-06-04T12:00:00Z,2024-06-04,12:00:00,pico_euk,1.533,not outlier,12:00:00,2024-06-04,2024-06-04 12:00:00,-0.2055555555555557
T10,CCA,Table 1,2024-06-04T12:00:00Z,2024-06-04,12:00:00,syn,30.55,not outlier,12:00:00,2024-06-04,2024-06-04 12:00:00,-1.206555555555557
T11,Control,Table 1,2024-06-04T12:00:00Z,2024-06-04,12:00:00,het_bact,470.433,not outlier,12:00:00,2024-06-04,2024-06-04 12:00:00,31.19588235294117
T11,Control,Table 1,2024-06-04T12:00:00Z,2024-06-04,12:00:00,pico_euk,1.617,not outlier,12:00:00,2024-06-04,2024-06-04 12:00:00,-0.12155555555555564
T11,Control,Table 1,2024-06-04T12:00:00Z,2024-06-04,12:00:00,syn,35.75,not outlier,12:00:00,2024-06-04,2024-06-04 12:00:00,3.9934444444444424
T12,CCA,Table 1,2024-06-04T12:00:00Z,2024-06-04,12:00:00,het_bact,424.55,not outlier,12:00:00,2024-06-04,2024-06-04 12:00:00,-14.687117647058813
T12,CCA,Table 1,2024-06-04T12:00:00Z,2024-06-04,12:00:00,pico_euk,1.633,not outlier,12:00:00,2024-06-04,2024-06-04 12:00:00,-0.10555555555555562
T12,CCA,Table 1,2024-06-04T12:00:00Z,2024-06-04,12:00:00,syn,30.283,not outlier,12:00:00,2024-06-04,2024-06-04 12:00:00,-1.4735555555555564
T13,Algae,Table 1,2024-06-04T12:00:00Z,2024-06-04,12:00:00,pico_euk,1.4,not outlier,12:00:00,2024-06-04,2024-06-04 12:00:00,-0.3385555555555557
T13,Algae,Table 1,2024-06-04T12:00:00Z,2024-06-04,12:00:00,syn,32.167,not outlier,12:00:00,2024-06-04,2024-06-04 12:00:00,0.41044444444444395
T14,Algae,Table 1,2024-06-04T12:00:00Z,2024-06-04,12:00:00,het_bact,486.233,not outlier,12:00:00,2024-06-04,2024-06-04 12:00:00,46.99588235294118
T14,Algae,Table 1,2024-06-04T12:00:00Z,2024-06-04,12:00:00,pico_euk,1.317,not outlier,12:00:00,2024-06-04,2024-06-04 12:00:00,-0.4215555555555557
T14,Algae,Table 1,2024-06-04T12:00:00Z,2024-06-04,12:00:00,syn,27.95,not outlier,12:00:00,2024-06-04,2024-06-04 12:00:00,-3.8065555555555584
T15,Control,Table 1,2024-06-04T12:00:00Z,2024-06-04,12:00:00,het_bact,552.8,not outlier,12:00:00,2024-06-04,2024-06-04 12:00:00,113.56288235294113
T15,Control,Table 1,2024-06-04T12:00:00Z,2024-06-04,12:00:00,pico_euk,1.683,not outlier,12:00:00,2024-06-04,2024-06-04 12:00:00,-0.05555555555555558
T15,Control,Table 1,2024-06-04T12:00:00Z,2024-06-04,12:00:00,syn,37.633,not outlier,12:00:00,2024-06-04,2024-06-04 12:00:00,5.876444444444445
T16,Coral,Table 1,2024-06-04T12:00:00Z,2024-06-04,12:00:00,het_bact,442.367,not outlier,12:00:00,2024-06-04,2024-06-04 12:00:00,3.1298823529411948
T16,Coral,Table 1,2024-06-04T12:00:00Z,2024-06-04,12:00:00,pico_euk,1.417,not outlier,12:00:00,2024-06-04,2024-06-04 12:00:00,-0.3215555555555556
T16,Coral,Table 1,2024-06-04T12:00:00Z,2024-06-04,12:00:00,syn,29.467,not outlier,12:00:00,2024-06-04,2024-06-04 12:00:00,-2.289555555555559
F1,Inflow,Table 1,2024-06-06T12:00:00Z,2024-06-06,12:00:00,het_bact,484.083,not outlier,12:00:00,2024-06-06,2024-06-06 12:00:00,25.296444444444433
F1,Inflow,Table 1,2024-06-06T12:00:00Z,2024-06-06,12:00:00,pico_euk,4.817,not outlier,12:00:00,2024-06-06,2024-06-06 12:00:00,-0.09706666666666663
F1,Inflow,Table 1,2024-06-06T12:00:00Z,2024-06-06,12:00:00,syn,58.233,not outlier,12:00:00,2024-06-06,2024-06-06 12:00:00,0.5421111111111117
F2,Inflow,Table 2,2024-06-06T12:00:00Z,2024-06-06,12:00:00,het_bact,419.035,not outlier,12:00:00,2024-06-06,2024-06-06 12:00:00,-39.75155555555557
F2,Inflow,Table 2,2024-06-06T12:00:00Z,2024-06-06,12:00:00,pico_euk,5.025,not outlier,12:00:00,2024-06-06,2024-06-06 12:00:00,0.11093333333333355
F2,Inflow,Table 2,2024-06-06T12:00:00Z,2024-06-06,12:00:00,syn,56.839,not outlier,12:00:00,2024-06-06,2024-06-06 12:00:00,-0.8518888888888867
T1,Algae,Table 1,2024-06-06T12:00:00Z,2024-06-06,12:00:00,het_bact,465.2,not outlier,12:00:00,2024-06-06,2024-06-06 12:00:00,6.413444444444394
T1,Algae,Table 1,2024-06-06T12:00:00Z,2024-06-06,12:00:00,syn,54.983,not outlier,12:00:00,2024-06-06,2024-06-06 12:00:00,-2.7078888888888883
T2,CCA,Table 2,2024-06-06T12:00:00Z,2024-06-06,12:00:00,het_bact,416.117,not outlier,12:00:00,2024-06-06,2024-06-06 12:00:00,-42.669555555555576
T2,CCA,Table 2,2024-06-06T12:00:00Z,2024-06-06,12:00:00,pico_euk,3.2,not outlier,12:00:00,2024-06-06,2024-06-06 12:00:00,-1.7140666666666666
T2,CCA,Table 2,2024-06-06T12:00:00Z,2024-06-06,12:00:00,syn,37.033,not outlier,12:00:00,2024-06-06,2024-06-06 12:00:00,-20.657888888888884
T3,Control,Table 2,2024-06-06T12:00:00Z,2024-06-06,12:00:00,het_bact,462.9,not outlier,12:00:00,2024-06-06,2024-06-06 12:00:00,4.113444444444383
T3,Control,Table 2,2024-06-06T12:00:00Z,2024-06-06,12:00:00,pico_euk,4.767,not outlier,12:00:00,2024-06-06,2024-06-06 12:00:00,-0.14706666666666646
T3,Control,Table 2,2024-06-06T12:00:00Z,2024-06-06,12:00:00,syn,53.35,not outlier,12:00:00,2024-06-06,2024-06-06 12:00:00,-4.340888888888884
T4,Algae,Table 2,2024-06-06T12:00:00Z,2024-06-06,12:00:00,het_bact,528.686,not outlier,12:00:00,2024-06-06,2024-06-06 12:00:00,69.89944444444444
T4,Algae,Table 2,2024-06-06T12:00:00Z,2024-06-06,12:00:00,pico_euk,4.393,not outlier,12:00:00,2024-06-06,2024-06-06 12:00:00,-0.521066666666667
T4,Algae,Table 2,2024-06-06T12:00:00Z,2024-06-06,12:00:00,syn,53.644,not outlier,12:00:00,2024-06-06,2024-06-06 12:00:00,-4.046888888888887
T5,CCA,Table 2,2024-06-06T12:00:00Z,2024-06-06,12:00:00,het_bact,408.983,not outlier,12:00:00,2024-06-06,2024-06-06 12:00:00,-49.80355555555559
T5,CCA,Table 2,2024-06-06T12:00:00Z,2024-06-06,12:00:00,pico_euk,3.567,not outlier,12:00:00,2024-06-06,2024-06-06 12:00:00,-1.3470666666666666
T5,CCA,Table 2,2024-06-06T12:00:00Z,2024-06-06,12:00:00,syn,47.383,not outlier,12:00:00,2024-06-06,2024-06-06 12:00:00,-10.307888888888883
T6,Coral,Table 2,2024-06-06T12:00:00Z,2024-06-06,12:00:00,het_bact,394.767,not outlier,12:00:00,2024-06-06,2024-06-06 12:00:00,-64.0195555555556
T6,Coral,Table 2,2024-06-06T12:00:00Z,2024-06-06,12:00:00,pico_euk,3.283,not outlier,12:00:00,2024-06-06,2024-06-06 12:00:00,-1.6310666666666669
T6,Coral,Table 2,2024-06-06T12:00:00Z,2024-06-06,12:00:00,syn,41.517,not outlier,12:00:00,2024-06-06,2024-06-06 12:00:00,-16.173888888888882
T7,Coral,Table 2,2024-06-06T12:00:00Z,2024-06-06,12:00:00,het_bact,463.661,not outlier,12:00:00,2024-06-06,2024-06-06 12:00:00,4.874444444444407
T7,Coral,Table 2,2024-06-06T12:00:00Z,2024-06-06,12:00:00,pico_euk,4.459,not outlier,12:00:00,2024-06-06,2024-06-06 12:00:00,-0.4550666666666672
T7,Coral,Table 2,2024-06-06T12:00:00Z,2024-06-06,12:00:00,syn,55.707,not outlier,12:00:00,2024-06-06,2024-06-06 12:00:00,-1.9838888888888846
T8,Control,Table 1,2024-06-06T12:00:00Z,2024-06-06,12:00:00,het_bact,438.819,not outlier,12:00:00,2024-06-06,2024-06-06 12:00:00,-19.967555555555577
T8,Control,Table 1,2024-06-06T12:00:00Z,2024-06-06,12:00:00,pico_euk,4.825,not outlier,12:00:00,2024-06-06,2024-06-06 12:00:00,-0.08906666666666663
T8,Control,Table 1,2024-06-06T12:00:00Z,2024-06-06,12:00:00,syn,56.889,not outlier,12:00:00,2024-06-06,2024-06-06 12:00:00,-0.8018888888888824
T9,Coral,Table 1,2024-06-06T12:00:00Z,2024-06-06,12:00:00,het_bact,403.71,not outlier,12:00:00,2024-06-06,2024-06-06 12:00:00,-55.076555555555615
T9,Coral,Table 1,2024-06-06T12:00:00Z,2024-06-06,12:00:00,pico_euk,4.775,not outlier,12:00:00,2024-06-06,2024-06-06 12:00:00,-0.13906666666666645
T9,Coral,Table 1,2024-06-06T12:00:00Z,2024-06-06,12:00:00,syn,57.637,not outlier,12:00:00,2024-06-06,2024-06-06 12:00:00,-0.05388888888888488
T10,CCA,Table 1,2024-06-06T12:00:00Z,2024-06-06,12:00:00,het_bact,363.3,not outlier,12:00:00,2024-06-06,2024-06-06 12:00:00,-95.48655555555558
T10,CCA,Table 1,2024-06-06T12:00:00Z,2024-06-06,12:00:00,pico_euk,3.967,not outlier,12:00:00,2024-06-06,2024-06-06 12:00:00,-0.9470666666666667
T10,CCA,Table 1,2024-06-06T12:00:00Z,2024-06-06,12:00:00,syn,44.75,not outlier,12:00:00,2024-06-06,2024-06-06 12:00:00,-12.940888888888885
T11,Control,Table 1,2024-06-06T12:00:00Z,2024-06-06,12:00:00,het_bact,408.433,not outlier,12:00:00,2024-06-06,2024-06-06 12:00:00,-50.3535555555556
T11,Control,Table 1,2024-06-06T12:00:00Z,2024-06-06,12:00:00,pico_euk,4.067,not outlier,12:00:00,2024-06-06,2024-06-06 12:00:00,-0.8470666666666666
T11,Control,Table 1,2024-06-06T12:00:00Z,2024-06-06,12:00:00,syn,58.45,not outlier,12:00:00,2024-06-06,2024-06-06 12:00:00,0.7591111111111175
T12,CCA,Table 1,2024-06-06T12:00:00Z,2024-06-06,12:00:00,het_bact,390.499,not outlier,12:00:00,2024-06-06,2024-06-06 12:00:00,-68.28755555555557
T12,CCA,Table 1,2024-06-06T12:00:00Z,2024-06-06,12:00:00,pico_euk,3.461,not outlier,12:00:00,2024-06-06,2024-06-06 12:00:00,-1.453066666666667
T12,CCA,Table 1,2024-06-06T12:00:00Z,2024-06-06,12:00:00,syn,43.544,not outlier,12:00:00,2024-06-06,2024-06-06 12:00:00,-14.146888888888888
T13,Algae,Table 1,2024-06-06T12:00:00Z,2024-06-06,12:00:00,het_bact,437.317,not outlier,12:00:00,2024-06-06,2024-06-06 12:00:00,-21.469555555555587
T13,Algae,Table 1,2024-06-06T12:00:00Z,2024-06-06,12:00:00,syn,57.467,not outlier,12:00:00,2024-06-06,2024-06-06 12:00:00,-0.22388888888888658
T14,Algae,Table 1,2024-06-06T12:00:00Z,2024-06-06,12:00:00,het_bact,432.283,not outlier,12:00:00,2024-06-06,2024-06-06 12:00:00,-26.50355555555558
T14,Algae,Table 1,2024-06-06T12:00:00Z,2024-06-06,12:00:00,syn,58.3,not outlier,12:00:00,2024-06-06,2024-06-06 12:00:00,0.6091111111111118
T15,Control,Table 1,2024-06-06T12:00:00Z,2024-06-06,12:00:00,het_bact,422.1,not outlier,12:00:00,2024-06-06,2024-06-06 12:00:00,-36.68655555555557
T15,Control,Table 1,2024-06-06T12:00:00Z,2024-06-06,12:00:00,pico_euk,4.367,not outlier,12:00:00,2024-06-06,2024-06-06 12:00:00,-0.5470666666666668
T15,Control,Table 1,2024-06-06T12:00:00Z,2024-06-06,12:00:00,syn,57.017,not outlier,12:00:00,2024-06-06,2024-06-06 12:00:00,-0.6738888888888823
T16,Coral,Table 1,2024-06-06T12:00:00Z,2024-06-06,12:00:00,het_bact,418.05,not outlier,12:00:00,2024-06-06,2024-06-06 12:00:00,-40.73655555555558
T16,Coral,Table 1,2024-06-06T12:00:00Z,2024-06-06,12:00:00,pico_euk,4.133,not outlier,12:00:00,2024-06-06,2024-06-06 12:00:00,-0.7810666666666668
T16,Coral,Table 1,2024-06-06T12:00:00Z,2024-06-06,12:00:00,syn,53.183,not outlier,12:00:00,2024-06-06,2024-06-06 12:00:00,-4.5078888888888855
T13,Algae,Table 1,2024-06-02T12:00:00Z,2024-06-02,12:00:00,het_bact,604.509,not outlier,12:00:00,2024-06-02,2024-06-02 12:00:00,77.47446666666667
T13,Algae,Table 1,2024-06-02T12:00:00Z,2024-06-02,12:00:00,pico_euk,2.097,not outlier,12:00:00,2024-06-02,2024-06-02 12:00:00,-3.1070588235294117
T13,Algae,Table 1,2024-06-02T12:00:00Z,2024-06-02,12:00:00,syn,103.161,not outlier,12:00:00,2024-06-02,2024-06-02 12:00:00,-15.75566666666667
F1,Inflow,Table 1,2024-06-03T09:00:00Z,2024-06-03,09:00:00,het_bact,452.267,not outlier,09:00:00,2024-06-03,2024-06-03 09:00:00,-26.39233333333334
F1,Inflow,Table 1,2024-06-03T09:00:00Z,2024-06-03,09:00:00,pico_euk,1.633,not outlier,09:00:00,2024-06-03,2024-06-03 09:00:00,0.27222222222222214
F1,Inflow,Table 1,2024-06-03T09:00:00Z,2024-06-03,09:00:00,syn,102.317,not outlier,09:00:00,2024-06-03,2024-06-03 09:00:00,4.770499999999998
F2,Inflow,Table 2,2024-06-03T09:00:00Z,2024-06-03,09:00:00,het_bact,520.133,not outlier,09:00:00,2024-06-03,2024-06-03 09:00:00,41.4736666666667
F2,Inflow,Table 2,2024-06-03T09:00:00Z,2024-06-03,09:00:00,pico_euk,0.933,not outlier,09:00:00,2024-06-03,2024-06-03 09:00:00,-0.4277777777777778
F2,Inflow,Table 2,2024-06-03T09:00:00Z,2024-06-03,09:00:00,syn,90.05,not outlier,09:00:00,2024-06-03,2024-06-03 09:00:00,-7.4964999999999975
T2,CCA,Table 2,2024-06-03T09:00:00Z,2024-06-03,09:00:00,het_bact,353.683,not outlier,09:00:00,2024-06-03,2024-06-03 09:00:00,-124.97633333333334
T2,CCA,Table 2,2024-06-03T09:00:00Z,2024-06-03,09:00:00,pico_euk,0.517,not outlier,09:00:00,2024-06-03,2024-06-03 09:00:00,-0.8437777777777778
T2,CCA,Table 2,2024-06-03T09:00:00Z,2024-06-03,09:00:00,syn,50.333,not outlier,09:00:00,2024-06-03,2024-06-03 09:00:00,-47.213499999999996
T3,Control,Table 2,2024-06-03T09:00:00Z,2024-06-03,09:00:00,het_bact,448.067,not outlier,09:00:00,2024-06-03,2024-06-03 09:00:00,-30.59233333333333
T3,Control,Table 2,2024-06-03T09:00:00Z,2024-06-03,09:00:00,pico_euk,0.733,not outlier,09:00:00,2024-06-03,2024-06-03 09:00:00,-0.6277777777777779
T3,Control,Table 2,2024-06-03T09:00:00Z,2024-06-03,09:00:00,syn,83.567,not outlier,09:00:00,2024-06-03,2024-06-03 09:00:00,-13.979500000000002
T4,Algae,Table 2,2024-06-03T09:00:00Z,2024-06-03,09:00:00,het_bact,573.817,not outlier,09:00:00,2024-06-03,2024-06-03 09:00:00,95.15766666666667
T4,Algae,Table 2,2024-06-03T09:00:00Z,2024-06-03,09:00:00,pico_euk,0.75,not outlier,09:00:00,2024-06-03,2024-06-03 09:00:00,-0.6107777777777779
T4,Algae,Table 2,2024-06-03T09:00:00Z,2024-06-03,09:00:00,syn,83.583,not outlier,09:00:00,2024-06-03,2024-06-03 09:00:00,-13.963499999999996
T5,CCA,Table 2,2024-06-03T09:00:00Z,2024-06-03,09:00:00,het_bact,441.617,not outlier,09:00:00,2024-06-03,2024-06-03 09:00:00,-37.04233333333332
T5,CCA,Table 2,2024-06-03T09:00:00Z,2024-06-03,09:00:00,pico_euk,0.817,not outlier,09:00:00,2024-06-03,2024-06-03 09:00:00,-0.5437777777777779
T5,CCA,Table 2,2024-06-03T09:00:00Z,2024-06-03,09:00:00,syn,70.783,not outlier,09:00:00,2024-06-03,2024-06-03 09:00:00,-26.763499999999993
T6,Coral,Table 2,2024-06-03T09:00:00Z,2024-06-03,09:00:00,het_bact,418.317,not outlier,09:00:00,2024-06-03,2024-06-03 09:00:00,-60.34233333333333
T6,Coral,Table 2,2024-06-03T09:00:00Z,2024-06-03,09:00:00,pico_euk,0.65,not outlier,09:00:00,2024-06-03,2024-06-03 09:00:00,-0.7107777777777778
T6,Coral,Table 2,2024-06-03T09:00:00Z,2024-06-03,09:00:00,syn,65.833,not outlier,09:00:00,2024-06-03,2024-06-03 09:00:00,-31.713499999999996
T7,Coral,Table 2,2024-06-03T09:00:00Z,2024-06-03,09:00:00,het_bact,518.983,not outlier,09:00:00,2024-06-03,2024-06-03 09:00:00,40.32366666666661
T7,Coral,Table 2,2024-06-03T09:00:00Z,2024-06-03,09:00:00,pico_euk,0.7,not outlier,09:00:00,2024-06-03,2024-06-03 09:00:00,-0.6607777777777779
T7,Coral,Table 2,2024-06-03T09:00:00Z,2024-06-03,09:00:00,syn,87.583,not outlier,09:00:00,2024-06-03,2024-06-03 09:00:00,-9.963499999999996
T8,Control,Table 1,2024-06-03T09:00:00Z,2024-06-03,09:00:00,het_bact,543.2,not outlier,09:00:00,2024-06-03,2024-06-03 09:00:00,64.54066666666671
T8,Control,Table 1,2024-06-03T09:00:00Z,2024-06-03,09:00:00,pico_euk,0.95,not outlier,09:00:00,2024-06-03,2024-06-03 09:00:00,-0.4107777777777779
T8,Control,Table 1,2024-06-03T09:00:00Z,2024-06-03,09:00:00,syn,95.333,not outlier,09:00:00,2024-06-03,2024-06-03 09:00:00,-2.2134999999999962
T9,Coral,Table 1,2024-06-03T09:00:00Z,2024-06-03,09:00:00,het_bact,498.483,not outlier,09:00:00,2024-06-03,2024-06-03 09:00:00,19.823666666666668
T9,Coral,Table 1,2024-06-03T09:00:00Z,2024-06-03,09:00:00,pico_euk,0.7,not outlier,09:00:00,2024-06-03,2024-06-03 09:00:00,-0.6607777777777779
T9,Coral,Table 1,2024-06-03T09:00:00Z,2024-06-03,09:00:00,syn,88.633,not outlier,09:00:00,2024-06-03,2024-06-03 09:00:00,-8.913499999999999
T10,CCA,Table 1,2024-06-03T09:00:00Z,2024-06-03,09:00:00,het_bact,466.007,not outlier,09:00:00,2024-06-03,2024-06-03 09:00:00,-12.652333333333331
T10,CCA,Table 1,2024-06-03T09:00:00Z,2024-06-03,09:00:00,pico_euk,0.899,not outlier,09:00:00,2024-06-03,2024-06-03 09:00:00,-0.46177777777777784
T10,CCA,Table 1,2024-06-03T09:00:00Z,2024-06-03,09:00:00,syn,78.27,not outlier,09:00:00,2024-06-03,2024-06-03 09:00:00,-19.2765
T11,Control,Table 1,2024-06-03T09:00:00Z,2024-06-03,09:00:00,het_bact,529.483,not outlier,09:00:00,2024-06-03,2024-06-03 09:00:00,50.82366666666661
T11,Control,Table 1,2024-06-03T09:00:00Z,2024-06-03,09:00:00,pico_euk,0.917,not outlier,09:00:00,2024-06-03,2024-06-03 09:00:00,-0.4437777777777778
T11,Control,Table 1,2024-06-03T09:00:00Z,2024-06-03,09:00:00,syn,93.233,not outlier,09:00:00,2024-06-03,2024-06-03 09:00:00,-4.313499999999991
T12,CCA,Table 1,2024-06-03T09:00:00Z,2024-06-03,09:00:00,het_bact,479.333,not outlier,09:00:00,2024-06-03,2024-06-03 09:00:00,0.6736666666666906
T12,CCA,Table 1,2024-06-03T09:00:00Z,2024-06-03,09:00:00,pico_euk,1.117,not outlier,09:00:00,2024-06-03,2024-06-03 09:00:00,-0.24377777777777787
T12,CCA,Table 1,2024-06-03T09:00:00Z,2024-06-03,09:00:00,syn,82.6,not outlier,09:00:00,2024-06-03,2024-06-03 09:00:00,-14.9465
T14,Algae,Table 1,2024-06-03T09:00:00Z,2024-06-03,09:00:00,het_bact,585.183,not outlier,09:00:00,2024-06-03,2024-06-03 09:00:00,106.52366666666666
T14,Algae,Table 1,2024-06-03T09:00:00Z,2024-06-03,09:00:00,pico_euk,0.85,not outlier,09:00:00,2024-06-03,2024-06-03 09:00:00,-0.5107777777777779
T14,Algae,Table 1,2024-06-03T09:00:00Z,2024-06-03,09:00:00,syn,74.217,not outlier,09:00:00,2024-06-03,2024-06-03 09:00:00,-23.329499999999996
T15,Control,Table 1,2024-06-03T09:00:00Z,2024-06-03,09:00:00,het_bact,543.2,not outlier,09:00:00,2024-06-03,2024-06-03 09:00:00,64.54066666666671
T15,Control,Table 1,2024-06-03T09:00:00Z,2024-06-03,09:00:00,pico_euk,1.05,not outlier,09:00:00,2024-06-03,2024-06-03 09:00:00,-0.3107777777777778
T15,Control,Table 1,2024-06-03T09:00:00Z,2024-06-03,09:00:00,syn,95.483,not outlier,09:00:00,2024-06-03,2024-06-03 09:00:00,-2.0634999999999906
T16,Coral,Table 1,2024-06-03T09:00:00Z,2024-06-03,09:00:00,het_bact,523.517,not outlier,09:00:00,2024-06-03,2024-06-03 09:00:00,44.85766666666672
T16,Coral,Table 1,2024-06-03T09:00:00Z,2024-06-03,09:00:00,pico_euk,0.9,not outlier,09:00:00,2024-06-03,2024-06-03 09:00:00,-0.46077777777777784
T16,Coral,Table 1,2024-06-03T09:00:00Z,2024-06-03,09:00:00,syn,84.1,not outlier,09:00:00,2024-06-03,2024-06-03 09:00:00,-13.4465
F1,Inflow,Table 1,2024-06-02T15:00:00Z,2024-06-02,15:00:00,het_bact,444.95,not outlier,15:00:00,2024-06-02,2024-06-02 15:00:00,-7.3799444444444475
F1,Inflow,Table 1,2024-06-02T15:00:00Z,2024-06-02,15:00:00,pico_euk,2.233,not outlier,15:00:00,2024-06-02,2024-06-02 15:00:00,0.09177777777777774
F1,Inflow,Table 1,2024-06-02T15:00:00Z,2024-06-02,15:00:00,syn,119.65,not outlier,15:00:00,2024-06-02,2024-06-02 15:00:00,-0.48572222222222194
F2,Inflow,Table 2,2024-06-02T15:00:00Z,2024-06-02,15:00:00,het_bact,463.927,not outlier,15:00:00,2024-06-02,2024-06-02 15:00:00,11.597055555555585
F2,Inflow,Table 2,2024-06-02T15:00:00Z,2024-06-02,15:00:00,pico_euk,1.997,not outlier,15:00:00,2024-06-02,2024-06-02 15:00:00,-0.14422222222222225
F2,Inflow,Table 2,2024-06-02T15:00:00Z,2024-06-02,15:00:00,syn,120.899,not outlier,15:00:00,2024-06-02,2024-06-02 15:00:00,0.7632777777777733
T1,Algae,Table 1,2024-06-02T15:00:00Z,2024-06-02,15:00:00,het_bact,562.895,not outlier,15:00:00,2024-06-02,2024-06-02 15:00:00,110.56505555555555
T1,Algae,Table 1,2024-06-02T15:00:00Z,2024-06-02,15:00:00,pico_euk,1.98,not outlier,15:00:00,2024-06-02,2024-06-02 15:00:00,-0.16122222222222238
T1,Algae,Table 1,2024-06-02T15:00:00Z,2024-06-02,15:00:00,syn,99.218,not outlier,15:00:00,2024-06-02,2024-06-02 15:00:00,-20.917722222222224
T2,CCA,Table 2,2024-06-02T15:00:00Z,2024-06-02,15:00:00,het_bact,402.817,not outlier,15:00:00,2024-06-02,2024-06-02 15:00:00,-49.51294444444443
T2,CCA,Table 2,2024-06-02T15:00:00Z,2024-06-02,15:00:00,pico_euk,1.817,not outlier,15:00:00,2024-06-02,2024-06-02 15:00:00,-0.3242222222222224
T2,CCA,Table 2,2024-06-02T15:00:00Z,2024-06-02,15:00:00,syn,93.617,not outlier,15:00:00,2024-06-02,2024-06-02 15:00:00,-26.518722222222223
T3,Control,Table 2,2024-06-02T15:00:00Z,2024-06-02,15:00:00,het_bact,469.784,not outlier,15:00:00,2024-06-02,2024-06-02 15:00:00,17.454055555555556
T3,Control,Table 2,2024-06-02T15:00:00Z,2024-06-02,15:00:00,pico_euk,2.363,not outlier,15:00:00,2024-06-02,2024-06-02 15:00:00,0.22177777777777763
T3,Control,Table 2,2024-06-02T15:00:00Z,2024-06-02,15:00:00,syn,129.351,not outlier,15:00:00,2024-06-02,2024-06-02 15:00:00,9.215277777777771
T4,Algae,Table 2,2024-06-02T15:00:00Z,2024-06-02,15:00:00,het_bact,615.917,not outlier,15:00:00,2024-06-02,2024-06-02 15:00:00,163.5870555555556
T4,Algae,Table 2,2024-06-02T15:00:00Z,2024-06-02,15:00:00,pico_euk,2.333,not outlier,15:00:00,2024-06-02,2024-06-02 15:00:00,0.19177777777777782
T4,Algae,Table 2,2024-06-02T15:00:00Z,2024-06-02,15:00:00,syn,119.533,not outlier,15:00:00,2024-06-02,2024-06-02 15:00:00,-0.6027222222222264
T5,CCA,Table 2,2024-06-02T15:00:00Z,2024-06-02,15:00:00,het_bact,452.617,not outlier,15:00:00,2024-06-02,2024-06-02 15:00:00,0.2870555555555825
T5,CCA,Table 2,2024-06-02T15:00:00Z,2024-06-02,15:00:00,pico_euk,2.183,not outlier,15:00:00,2024-06-02,2024-06-02 15:00:00,0.04177777777777747
T5,CCA,Table 2,2024-06-02T15:00:00Z,2024-06-02,15:00:00,syn,99.15,not outlier,15:00:00,2024-06-02,2024-06-02 15:00:00,-20.985722222222222
T6,Coral,Table 2,2024-06-02T15:00:00Z,2024-06-02,15:00:00,het_bact,407.583,not outlier,15:00:00,2024-06-02,2024-06-02 15:00:00,-44.74694444444441
T6,Coral,Table 2,2024-06-02T15:00:00Z,2024-06-02,15:00:00,pico_euk,1.617,not outlier,15:00:00,2024-06-02,2024-06-02 15:00:00,-0.5242222222222224
T6,Coral,Table 2,2024-06-02T15:00:00Z,2024-06-02,15:00:00,syn,96.667,not outlier,15:00:00,2024-06-02,2024-06-02 15:00:00,-23.468722222222226
T7,Coral,Table 2,2024-06-02T15:00:00Z,2024-06-02,15:00:00,het_bact,494.942,not outlier,15:00:00,2024-06-02,2024-06-02 15:00:00,42.61205555555557
T7,Coral,Table 2,2024-06-02T15:00:00Z,2024-06-02,15:00:00,pico_euk,2.413,not outlier,15:00:00,2024-06-02,2024-06-02 15:00:00,0.27177777777777745
T7,Coral,Table 2,2024-06-02T15:00:00Z,2024-06-02,15:00:00,syn,131.581,not outlier,15:00:00,2024-06-02,2024-06-02 15:00:00,11.445277777777761
T8,Control,Table 1,2024-06-02T15:00:00Z,2024-06-02,15:00:00,het_bact,492.667,not outlier,15:00:00,2024-06-02,2024-06-02 15:00:00,40.33705555555554
T8,Control,Table 1,2024-06-02T15:00:00Z,2024-06-02,15:00:00,pico_euk,2.067,not outlier,15:00:00,2024-06-02,2024-06-02 15:00:00,-0.07422222222222219
T8,Control,Table 1,2024-06-02T15:00:00Z,2024-06-02,15:00:00,syn,135.7,not outlier,15:00:00,2024-06-02,2024-06-02 15:00:00,15.564277777777761
T9,Coral,Table 1,2024-06-02T15:00:00Z,2024-06-02,15:00:00,het_bact,479.233,not outlier,15:00:00,2024-06-02,2024-06-02 15:00:00,26.903055555555568
T9,Coral,Table 1,2024-06-02T15:00:00Z,2024-06-02,15:00:00,pico_euk,2.417,not outlier,15:00:00,2024-06-02,2024-06-02 15:00:00,0.27577777777777746
T9,Coral,Table 1,2024-06-02T15:00:00Z,2024-06-02,15:00:00,syn,124.4,not outlier,15:00:00,2024-06-02,2024-06-02 15:00:00,4.264277777777778
T10,CCA,Table 1,2024-06-02T15:00:00Z,2024-06-02,15:00:00,het_bact,422.717,not outlier,15:00:00,2024-06-02,2024-06-02 15:00:00,-29.61294444444445
T10,CCA,Table 1,2024-06-02T15:00:00Z,2024-06-02,15:00:00,pico_euk,1.783,not outlier,15:00:00,2024-06-02,2024-06-02 15:00:00,-0.35822222222222244
T10,CCA,Table 1,2024-06-02T15:00:00Z,2024-06-02,15:00:00,syn,104.867,not outlier,15:00:00,2024-06-02,2024-06-02 15:00:00,-15.268722222222223
T11,Control,Table 1,2024-06-02T15:00:00Z,2024-06-02,15:00:00,het_bact,485.9,not outlier,15:00:00,2024-06-02,2024-06-02 15:00:00,33.57005555555554
T11,Control,Table 1,2024-06-02T15:00:00Z,2024-06-02,15:00:00,pico_euk,2.833,not outlier,15:00:00,2024-06-02,2024-06-02 15:00:00,0.6917777777777778
T11,Control,Table 1,2024-06-02T15:00:00Z,2024-06-02,15:00:00,syn,133.683,not outlier,15:00:00,2024-06-02,2024-06-02 15:00:00,13.547277777777765
T12,CCA,Table 1,2024-06-02T15:00:00Z,2024-06-02,15:00:00,het_bact,421.498,not outlier,15:00:00,2024-06-02,2024-06-02 15:00:00,-30.831944444444446
T12,CCA,Table 1,2024-06-02T15:00:00Z,2024-06-02,15:00:00,pico_euk,1.714,not outlier,15:00:00,2024-06-02,2024-06-02 15:00:00,-0.4272222222222224
T12,CCA,Table 1,2024-06-02T15:00:00Z,2024-06-02,15:00:00,syn,109.368,not outlier,15:00:00,2024-06-02,2024-06-02 15:00:00,-10.767722222222233
T13,Algae,Table 1,2024-06-02T15:00:00Z,2024-06-02,15:00:00,het_bact,571.167,not outlier,15:00:00,2024-06-02,2024-06-02 15:00:00,118.8370555555556
T13,Algae,Table 1,2024-06-02T15:00:00Z,2024-06-02,15:00:00,pico_euk,1.833,not outlier,15:00:00,2024-06-02,2024-06-02 15:00:00,-0.3082222222222224
T13,Algae,Table 1,2024-06-02T15:00:00Z,2024-06-02,15:00:00,syn,115.45,not outlier,15:00:00,2024-06-02,2024-06-02 15:00:00,-4.685722222222225
T14,Algae,Table 1,2024-06-02T15:00:00Z,2024-06-02,15:00:00,het_bact,487.3,not outlier,15:00:00,2024-06-02,2024-06-02 15:00:00,34.970055555555575
T14,Algae,Table 1,2024-06-02T15:00:00Z,2024-06-02,15:00:00,pico_euk,1.633,not outlier,15:00:00,2024-06-02,2024-06-02 15:00:00,-0.5082222222222224
T14,Algae,Table 1,2024-06-02T15:00:00Z,2024-06-02,15:00:00,syn,100.7,not outlier,15:00:00,2024-06-02,2024-06-02 15:00:00,-19.435722222222225
T15,Control,Table 1,2024-06-02T15:00:00Z,2024-06-02,15:00:00,het_bact,533,not outlier,15:00:00,2024-06-02,2024-06-02 15:00:00,80.67005555555556
T15,Control,Table 1,2024-06-02T15:00:00Z,2024-06-02,15:00:00,pico_euk,2.8,not outlier,15:00:00,2024-06-02,2024-06-02 15:00:00,0.6587777777777775
T15,Control,Table 1,2024-06-02T15:00:00Z,2024-06-02,15:00:00,syn,137.417,not outlier,15:00:00,2024-06-02,2024-06-02 15:00:00,17.281277777777774
T16,Coral,Table 1,2024-06-02T15:00:00Z,2024-06-02,15:00:00,het_bact,459.85,not outlier,15:00:00,2024-06-02,2024-06-02 15:00:00,7.520055555555587
T16,Coral,Table 1,2024-06-02T15:00:00Z,2024-06-02,15:00:00,pico_euk,2.083,not outlier,15:00:00,2024-06-02,2024-06-02 15:00:00,-0.058222222222222175
T16,Coral,Table 1,2024-06-02T15:00:00Z,2024-06-02,15:00:00,syn,117.367,not outlier,15:00:00,2024-06-02,2024-06-02 15:00:00,-2.768722222222223
F1,Inflow,Table 1,2024-06-03T00:00:00Z,2024-06-03,00:00:00,het_bact,490.683,not outlier,00:00:00,2024-06-03,2024-06-03 00:00:00,-0.16877777777779102
F1,Inflow,Table 1,2024-06-03T00:00:00Z,2024-06-03,00:00:00,pico_euk,0.733,not outlier,00:00:00,2024-06-03,2024-06-03 00:00:00,0.012833333333333363
F1,Inflow,Table 1,2024-06-03T00:00:00Z,2024-06-03,00:00:00,syn,151.8,not outlier,00:00:00,2024-06-03,2024-06-03 00:00:00,-1.0371666666666783
F2,Inflow,Table 2,2024-06-03T00:00:00Z,2024-06-03,00:00:00,het_bact,491.117,not outlier,00:00:00,2024-06-03,2024-06-03 00:00:00,0.2652222222222349
F2,Inflow,Table 2,2024-06-03T00:00:00Z,2024-06-03,00:00:00,pico_euk,0.7,not outlier,00:00:00,2024-06-03,2024-06-03 00:00:00,-0.020166666666666666
F2,Inflow,Table 2,2024-06-03T00:00:00Z,2024-06-03,00:00:00,syn,154.467,not outlier,00:00:00,2024-06-03,2024-06-03 00:00:00,1.6298333333333233
T1,Algae,Table 1,2024-06-03T00:00:00Z,2024-06-03,00:00:00,het_bact,566.206,not outlier,00:00:00,2024-06-03,2024-06-03 00:00:00,75.35422222222223
T1,Algae,Table 1,2024-06-03T00:00:00Z,2024-06-03,00:00:00,pico_euk,0.699,not outlier,00:00:00,2024-06-03,2024-06-03 00:00:00,-0.021166666666666667
T1,Algae,Table 1,2024-06-03T00:00:00Z,2024-06-03,00:00:00,syn,143.81,not outlier,00:00:00,2024-06-03,2024-06-03 00:00:00,-9.027166666666687
T2,CCA,Table 2,2024-06-03T00:00:00Z,2024-06-03,00:00:00,het_bact,343.75,not outlier,00:00:00,2024-06-03,2024-06-03 00:00:00,-147.10177777777778
T2,CCA,Table 2,2024-06-03T00:00:00Z,2024-06-03,00:00:00,pico_euk,0.433,not outlier,00:00:00,2024-06-03,2024-06-03 00:00:00,-0.2871666666666666
T2,CCA,Table 2,2024-06-03T00:00:00Z,2024-06-03,00:00:00,syn,79.033,not outlier,00:00:00,2024-06-03,2024-06-03 00:00:00,-73.80416666666669
T3,Control,Table 2,2024-06-03T00:00:00Z,2024-06-03,00:00:00,het_bact,482.65,not outlier,00:00:00,2024-06-03,2024-06-03 00:00:00,-8.201777777777806
T3,Control,Table 2,2024-06-03T00:00:00Z,2024-06-03,00:00:00,pico_euk,0.883,not outlier,00:00:00,2024-06-03,2024-06-03 00:00:00,0.16283333333333339
T3,Control,Table 2,2024-06-03T00:00:00Z,2024-06-03,00:00:00,syn,141.333,not outlier,00:00:00,2024-06-03,2024-06-03 00:00:00,-11.504166666666691
T4,Algae,Table 2,2024-06-03T00:00:00Z,2024-06-03,00:00:00,het_bact,578.15,not outlier,00:00:00,2024-06-03,2024-06-03 00:00:00,87.2982222222222
T4,Algae,Table 2,2024-06-03T00:00:00Z,2024-06-03,00:00:00,pico_euk,0.833,not outlier,00:00:00,2024-06-03,2024-06-03 00:00:00,0.11283333333333334
T4,Algae,Table 2,2024-06-03T00:00:00Z,2024-06-03,00:00:00,syn,142.983,not outlier,00:00:00,2024-06-03,2024-06-03 00:00:00,-9.854166666666686
T5,CCA,Table 2,2024-06-03T00:00:00Z,2024-06-03,00:00:00,het_bact,458.667,not outlier,00:00:00,2024-06-03,2024-06-03 00:00:00,-32.18477777777781
T5,CCA,Table 2,2024-06-03T00:00:00Z,2024-06-03,00:00:00,pico_euk,0.7,not outlier,00:00:00,2024-06-03,2024-06-03 00:00:00,-0.020166666666666666
T5,CCA,Table 2,2024-06-03T00:00:00Z,2024-06-03,00:00:00,syn,121.317,not outlier,00:00:00,2024-06-03,2024-06-03 00:00:00,-31.520166666666697
T6,Coral,Table 2,2024-06-03T00:00:00Z,2024-06-03,00:00:00,het_bact,419.867,not outlier,00:00:00,2024-06-03,2024-06-03 00:00:00,-70.98477777777777
T6,Coral,Table 2,2024-06-03T00:00:00Z,2024-06-03,00:00:00,pico_euk,0.483,not outlier,00:00:00,2024-06-03,2024-06-03 00:00:00,-0.23716666666666664
T6,Coral,Table 2,2024-06-03T00:00:00Z,2024-06-03,00:00:00,syn,108.117,not outlier,00:00:00,2024-06-03,2024-06-03 00:00:00,-44.720166666666685
T7,Coral,Table 2,2024-06-03T00:00:00Z,2024-06-03,00:00:00,het_bact,523.428,not outlier,00:00:00,2024-06-03,2024-06-03 00:00:00,32.57622222222221
T7,Coral,Table 2,2024-06-03T00:00:00Z,2024-06-03,00:00:00,pico_euk,0.765,not outlier,00:00:00,2024-06-03,2024-06-03 00:00:00,0.04483333333333339
T7,Coral,Table 2,2024-06-03T00:00:00Z,2024-06-03,00:00:00,syn,152.745,not outlier,00:00:00,2024-06-03,2024-06-03 00:00:00,-0.09216666666668516
T8,Control,Table 1,2024-06-03T00:00:00Z,2024-06-03,00:00:00,het_bact,503.644,not outlier,00:00:00,2024-06-03,2024-06-03 00:00:00,12.792222222222222
T8,Control,Table 1,2024-06-03T00:00:00Z,2024-06-03,00:00:00,pico_euk,0.732,not outlier,00:00:00,2024-06-03,2024-06-03 00:00:00,0.011833333333333362
T8,Control,Table 1,2024-06-03T00:00:00Z,2024-06-03,00:00:00,syn,161.148,not outlier,00:00:00,2024-06-03,2024-06-03 00:00:00,8.310833333333306
T9,Coral,Table 1,2024-06-03T00:00:00Z,2024-06-03,00:00:00,het_bact,521.7,not outlier,00:00:00,2024-06-03,2024-06-03 00:00:00,30.84822222222226
T9,Coral,Table 1,2024-06-03T00:00:00Z,2024-06-03,00:00:00,pico_euk,0.8,not outlier,00:00:00,2024-06-03,2024-06-03 00:00:00,0.07983333333333342
T9,Coral,Table 1,2024-06-03T00:00:00Z,2024-06-03,00:00:00,syn,138.133,not outlier,00:00:00,2024-06-03,2024-06-03 00:00:00,-14.70416666666668
T10,CCA,Table 1,2024-06-03T00:00:00Z,2024-06-03,00:00:00,het_bact,413.233,not outlier,00:00:00,2024-06-03,2024-06-03 00:00:00,-77.61877777777778
T10,CCA,Table 1,2024-06-03T00:00:00Z,2024-06-03,00:00:00,pico_euk,0.533,not outlier,00:00:00,2024-06-03,2024-06-03 00:00:00,-0.1871666666666666
T10,CCA,Table 1,2024-06-03T00:00:00Z,2024-06-03,00:00:00,syn,112.333,not outlier,00:00:00,2024-06-03,2024-06-03 00:00:00,-40.50416666666669
T11,Control,Table 1,2024-06-03T00:00:00Z,2024-06-03,00:00:00,het_bact,548.652,not outlier,00:00:00,2024-06-03,2024-06-03 00:00:00,57.80022222222226
T11,Control,Table 1,2024-06-03T00:00:00Z,2024-06-03,00:00:00,pico_euk,0.865,not outlier,00:00:00,2024-06-03,2024-06-03 00:00:00,0.14483333333333337
T11,Control,Table 1,2024-06-03T00:00:00Z,2024-06-03,00:00:00,syn,165.957,not outlier,00:00:00,2024-06-03,2024-06-03 00:00:00,13.119833333333304
T12,CCA,Table 1,2024-06-03T00:00:00Z,2024-06-03,00:00:00,het_bact,457.05,not outlier,00:00:00,2024-06-03,2024-06-03 00:00:00,-33.80177777777777
T12,CCA,Table 1,2024-06-03T00:00:00Z,2024-06-03,00:00:00,pico_euk,0.817,not outlier,00:00:00,2024-06-03,2024-06-03 00:00:00,0.09683333333333333
T12,CCA,Table 1,2024-06-03T00:00:00Z,2024-06-03,00:00:00,syn,136.633,not outlier,00:00:00,2024-06-03,2024-06-03 00:00:00,-16.20416666666668
T13,Algae,Table 1,2024-06-03T00:00:00Z,2024-06-03,00:00:00,het_bact,760.067,not outlier,00:00:00,2024-06-03,2024-06-03 00:00:00,269.2152222222222
T13,Algae,Table 1,2024-06-03T00:00:00Z,2024-06-03,00:00:00,pico_euk,0.833,not outlier,00:00:00,2024-06-03,2024-06-03 00:00:00,0.11283333333333334
T13,Algae,Table 1,2024-06-03T00:00:00Z,2024-06-03,00:00:00,syn,147.183,not outlier,00:00:00,2024-06-03,2024-06-03 00:00:00,-5.654166666666697
T14,Algae,Table 1,2024-06-03T00:00:00Z,2024-06-03,00:00:00,het_bact,545.467,not outlier,00:00:00,2024-06-03,2024-06-03 00:00:00,54.6152222222222
T14,Algae,Table 1,2024-06-03T00:00:00Z,2024-06-03,00:00:00,pico_euk,0.55,not outlier,00:00:00,2024-06-03,2024-06-03 00:00:00,-0.17016666666666658
T14,Algae,Table 1,2024-06-03T00:00:00Z,2024-06-03,00:00:00,syn,106.367,not outlier,00:00:00,2024-06-03,2024-06-03 00:00:00,-46.470166666666685
T15,Control,Table 1,2024-06-03T00:00:00Z,2024-06-03,00:00:00,het_bact,519.467,not outlier,00:00:00,2024-06-03,2024-06-03 00:00:00,28.6152222222222
T15,Control,Table 1,2024-06-03T00:00:00Z,2024-06-03,00:00:00,pico_euk,0.967,not outlier,00:00:00,2024-06-03,2024-06-03 00:00:00,0.24683333333333335
T15,Control,Table 1,2024-06-03T00:00:00Z,2024-06-03,00:00:00,syn,148.95,not outlier,00:00:00,2024-06-03,2024-06-03 00:00:00,-3.887166666666701
T16,Coral,Table 1,2024-06-03T00:00:00Z,2024-06-03,00:00:00,het_bact,479.417,not outlier,00:00:00,2024-06-03,2024-06-03 00:00:00,-11.43477777777781
T16,Coral,Table 1,2024-06-03T00:00:00Z,2024-06-03,00:00:00,pico_euk,0.8,not outlier,00:00:00,2024-06-03,2024-06-03 00:00:00,0.07983333333333342
T16,Coral,Table 1,2024-06-03T00:00:00Z,2024-06-03,00:00:00,syn,140.883,not outlier,00:00:00,2024-06-03,2024-06-03 00:00:00,-11.95416666666668
T1,Algae,Table 1,2024-06-03T09:00:00Z,2024-06-03,09:00:00,het_bact,483.467,not outlier,09:00:00,2024-06-03,2024-06-03 09:00:00,4.807666666666648
T1,Algae,Table 1,2024-06-03T09:00:00Z,2024-06-03,09:00:00,pico_euk,0.633,not outlier,09:00:00,2024-06-03,2024-06-03 09:00:00,-0.7277777777777779
T1,Algae,Table 1,2024-06-03T09:00:00Z,2024-06-03,09:00:00,syn,84.883,not outlier,09:00:00,2024-06-03,2024-06-03 09:00:00,-12.663499999999999
T13,Algae,Table 1,2024-06-03T09:00:00Z,2024-06-03,09:00:00,het_bact,744.45,not outlier,09:00:00,2024-06-03,2024-06-03 09:00:00,265.7906666666667
T13,Algae,Table 1,2024-06-03T09:00:00Z,2024-06-03,09:00:00,pico_euk,0.967,not outlier,09:00:00,2024-06-03,2024-06-03 09:00:00,-0.3937777777777779
T13,Algae,Table 1,2024-06-03T09:00:00Z,2024-06-03,09:00:00,syn,83.4,not outlier,09:00:00,2024-06-03,2024-06-03 09:00:00,-14.146499999999989
